{"type":"FeatureCollection","features":[{"type":"Feature","properties":{"name":"京都府","id":26},"geometry":{"type":"MultiPolygon","coordinates":[[[[135.0367,35.5373],[135.0352,35.5397],[135.0301,35.5399],[135.0196,35.5383],[135.0083,35.5339],[135.0045,35.5356],[134.9959,35.5353],[134.9829,35.5289],[134.9796,35.5249],[134.9745,35.5252],[134.9669,35.5213],[134.9638,35.5161],[134.9592,35.513],[134.9548,35.5159],[134.9265,35.5125],[134.9228,35.5211],[134.9146,35.5277],[134.9187,35.5379],[134.9143,35.5448],[134.9035,35.5495],[134.901,35.5546],[134.896,35.5581],[134.8815,35.5636],[134.8807,35.5673],[134.8718,35.5763],[134.8681,35.5759],[134.8686,35.5782],[134.8622,35.5865],[134.8542,35.5881],[134.8554,35.5935],[134.8624,35.5969],[134.8656,35.6017],[134.866,35.6125],[134.8725,35.6197],[134.8709,35.636],[134.8664,35.6369],[134.867,35.6487],[134.8642,35.6511],[134.8671,35.6581],[134.8776,35.6606],[134.882,35.6589],[134.88,35.6571],[134.8842,35.6571],[134.8834,35.6467],[134.8904,35.6485],[134.8942,35.6459],[134.8993,35.6489],[134.9051,35.646],[134.9233,35.6465],[134.9353,35.6505],[134.954,35.6577],[134.9659,35.6655],[134.9644,35.6732],[134.9662,35.6731],[134.9663,35.676],[134.971,35.6763],[134.9733,35.6831],[134.977,35.6823],[134.9849,35.6923],[134.9912,35.6904],[134.9982,35.6913],[135.0019,35.6939],[135.0114,35.6935],[135.014,35.6911],[135.0222,35.6895],[135.0297,35.6921],[135.0296,35.6968],[135.0354,35.7019],[135.0413,35.7001],[135.0607,35.7081],[135.0623,35.7131],[135.0648,35.7123],[135.0689,35.7182],[135.0731,35.7184],[135.0817,35.7235],[135.0867,35.7302],[135.0839,35.7369],[135.0857,35.7398],[135.0923,35.7381],[135.0938,35.7428],[135.1032,35.7421],[135.11,35.7459],[135.1118,35.7441],[135.1235,35.7458],[135.1346,35.7532],[135.1335,35.7555],[135.1383,35.7577],[135.1399,35.7532],[135.1441,35.7503],[135.1637,35.755],[135.1651,35.7592],[135.1724,35.7579],[135.174,35.7604],[135.1802,35.7602],[135.1853,35.7627],[135.1854,35.7659],[135.1902,35.7643],[135.1947,35.7675],[135.1969,35.7647],[135.2045,35.7639],[135.2213,35.7719],[135.2197,35.7774],[135.223,35.7792],[135.2468,35.7573],[135.2531,35.7593],[135.2551,35.7571],[135.2505,35.7521],[135.257,35.7445],[135.2642,35.7449],[135.2674,35.7425],[135.2733,35.7425],[135.2742,35.7303],[135.2772,35.7316],[135.2803,35.7284],[135.2838,35.7293],[135.2872,35.7259],[135.2882,35.7155],[135.286,35.7051],[135.2906,35.7064],[135.3046,35.6997],[135.308,35.6944],[135.3063,35.6929],[135.3055,35.6941],[135.2993,35.6788],[135.2994,35.6699],[135.3029,35.6628],[135.2942,35.6599],[135.2914,35.6643],[135.288,35.6647],[135.2932,35.6701],[135.2939,35.6737],[135.2874,35.6756],[135.2813,35.6699],[135.2752,35.6721],[135.2751,35.6688],[135.2718,35.6665],[135.268,35.6674],[135.2543,35.6515],[135.2468,35.6337],[135.2443,35.6205],[135.2338,35.6139],[135.225,35.6033],[135.2131,35.5969],[135.2056,35.5847],[135.1926,35.5711],[135.1873,35.5587],[135.1875,35.5484],[135.1931,35.5383],[135.1965,35.5395],[135.1984,35.537],[135.2014,35.5377],[135.2081,35.5427],[135.2099,35.5515],[135.2035,35.5553],[135.2041,35.5587],[135.2083,35.5628],[135.2196,35.5675],[135.2237,35.5675],[135.2288,35.5759],[135.2278,35.5858],[135.2357,35.5816],[135.2412,35.5843],[135.2407,35.5878],[135.2468,35.5907],[135.2519,35.5993],[135.2547,35.5989],[135.2555,35.5887],[135.2469,35.5865],[135.2493,35.5843],[135.2468,35.5833],[135.2476,35.5801],[135.2521,35.5778],[135.2507,35.5702],[135.2569,35.5675],[135.2685,35.5662],[135.2739,35.5609],[135.2628,35.5544],[135.2548,35.5567],[135.254,35.5527],[135.2499,35.5543],[135.2515,35.5597],[135.2449,35.5613],[135.2378,35.5553],[135.2369,35.5458],[135.2442,35.5359],[135.2673,35.5339],[135.2718,35.529],[135.2715,35.5252],[135.2882,35.5155],[135.3098,35.5124],[135.3201,35.5255],[135.3234,35.5256],[135.3264,35.5182],[135.3303,35.517],[135.334,35.5061],[135.3297,35.4922],[135.3243,35.4902],[135.3241,35.4811],[135.3174,35.4802],[135.3164,35.4761],[135.3184,35.4779],[135.321,35.4768],[135.3185,35.4729],[135.315,35.4719],[135.318,35.4707],[135.3169,35.4655],[135.3114,35.459],[135.313,35.4524],[135.3155,35.4531],[135.3163,35.4512],[135.318,35.4517],[135.3173,35.4535],[135.3213,35.4525],[135.3208,35.4563],[135.3246,35.4564],[135.3244,35.4589],[135.3261,35.4594],[135.3258,35.4644],[135.3289,35.4653],[135.3316,35.4691],[135.3358,35.4723],[135.3467,35.4753],[135.3452,35.4781],[135.3467,35.4823],[135.3407,35.4798],[135.3425,35.4834],[135.3491,35.4864],[135.3468,35.494],[135.3529,35.4922],[135.3538,35.4887],[135.3598,35.4876],[135.3655,35.4899],[135.3725,35.4887],[135.3731,35.4914],[135.378,35.4908],[135.382,35.4857],[135.3768,35.4818],[135.3722,35.4815],[135.3718,35.477],[135.3789,35.4777],[135.3815,35.4753],[135.3828,35.4769],[135.3851,35.4755],[135.3867,35.48],[135.3908,35.4778],[135.3975,35.4788],[135.3945,35.4845],[135.3957,35.4897],[135.4,35.4937],[135.3974,35.4963],[135.4004,35.5006],[135.3941,35.4996],[135.3956,35.5032],[135.3904,35.5079],[135.3936,35.5093],[135.3963,35.5152],[135.3912,35.5173],[135.3853,35.5126],[135.3813,35.5032],[135.3718,35.5063],[135.3598,35.5055],[135.3568,35.5029],[135.3445,35.5041],[135.3426,35.5069],[135.3471,35.5094],[135.3438,35.5151],[135.3477,35.5163],[135.3487,35.5205],[135.3443,35.5213],[135.3426,35.5267],[135.3403,35.5259],[135.3423,35.5226],[135.3385,35.5239],[135.3359,35.5339],[135.3385,35.5463],[135.3423,35.5518],[135.3439,35.5454],[135.3486,35.5431],[135.3561,35.5489],[135.3718,35.5553],[135.378,35.5613],[135.3833,35.5606],[135.3881,35.5574],[135.3926,35.5579],[135.3987,35.5618],[135.3978,35.5667],[135.4012,35.5615],[135.4121,35.5701],[135.4263,35.5665],[135.425,35.5735],[135.4279,35.5766],[135.4258,35.5801],[135.4328,35.5803],[135.4351,35.5865],[135.4337,35.5907],[135.4479,35.5927],[135.45,35.599],[135.453,35.5985],[135.4619,35.6035],[135.4627,35.5928],[135.4572,35.5957],[135.4568,35.5927],[135.4518,35.5913],[135.4551,35.5865],[135.4547,35.5843],[135.4481,35.5791],[135.4521,35.5675],[135.4565,35.5705],[135.4655,35.5705],[135.4675,35.567],[135.4657,35.5621],[135.4713,35.5641],[135.4732,35.5577],[135.4865,35.558],[135.4646,35.5509],[135.4599,35.5472],[135.449,35.5235],[135.4675,35.5093],[135.4743,35.507],[135.4748,35.5049],[135.4724,35.5003],[135.4754,35.4891],[135.4711,35.4896],[135.4588,35.4725],[135.4591,35.4675],[135.4699,35.4545],[135.4816,35.4485],[135.4857,35.4486],[135.4886,35.4387],[135.4968,35.4377],[135.4995,35.4324],[135.4968,35.4314],[135.4958,35.4251],[135.5029,35.4205],[135.5112,35.4243],[135.5253,35.4207],[135.5288,35.4109],[135.5248,35.4023],[135.5301,35.3957],[135.53,35.3915],[135.5264,35.3855],[135.5285,35.3797],[135.534,35.3775],[135.5656,35.3773],[135.5688,35.3753],[135.5797,35.3742],[135.5877,35.3683],[135.5958,35.3727],[135.607,35.3708],[135.611,35.3675],[135.6145,35.371],[135.6218,35.3697],[135.6372,35.3641],[135.6419,35.3668],[135.6614,35.3563],[135.6684,35.3566],[135.675,35.3507],[135.7007,35.3437],[135.7185,35.3553],[135.7251,35.352],[135.7362,35.3512],[135.7407,35.3556],[135.7408,35.3583],[135.7455,35.3585],[135.7595,35.3535],[135.7642,35.3565],[135.7684,35.3561],[135.7637,35.3445],[135.7796,35.3403],[135.7926,35.3229],[135.809,35.3161],[135.816,35.3001],[135.8203,35.2979],[135.8206,35.2895],[135.8313,35.2761],[135.8351,35.2743],[135.84,35.2759],[135.8421,35.2783],[135.8493,35.2805],[135.8532,35.2868],[135.8581,35.2891],[135.8604,35.283],[135.8547,35.2727],[135.8446,35.2607],[135.8447,35.2564],[135.842,35.2532],[135.8436,35.2514],[135.8361,35.2411],[135.8342,35.2411],[135.8373,35.2347],[135.8368,35.2258],[135.8291,35.2207],[135.8411,35.1873],[135.8408,35.1795],[135.8439,35.1699],[135.8481,35.1613],[135.8558,35.1595],[135.8557,35.1533],[135.8485,35.1413],[135.8514,35.131],[135.8483,35.119],[135.8462,35.1137],[135.8443,35.1138],[135.8415,35.1015],[135.8353,35.0909],[135.8395,35.0865],[135.8374,35.0789],[135.8315,35.0713],[135.8355,35.059],[135.8327,35.0529],[135.8253,35.0533],[135.815,35.0461],[135.8168,35.0399],[135.8231,35.0359],[135.8275,35.0276],[135.8268,35.0223],[135.8334,35.0223],[135.8347,35.0128],[135.8247,35.0121],[135.8204,35.015],[135.8199,35.0129],[135.8252,35.0084],[135.8326,35.0093],[135.8351,35.0032],[135.835,34.9993],[135.832,35.0007],[135.8268,34.9911],[135.8493,34.991],[135.8499,34.9845],[135.8554,34.9839],[135.8555,34.9783],[135.8525,34.9707],[135.8652,34.9571],[135.8751,34.9533],[135.8782,34.9475],[135.8762,34.9425],[135.8788,34.9341],[135.8718,34.9267],[135.8685,34.9199],[135.8709,34.9105],[135.8625,34.9029],[135.8672,34.8937],[135.8664,34.8923],[135.8866,34.8831],[135.888,34.8798],[135.885,34.8764],[135.898,34.8712],[135.907,34.8741],[135.913,34.8833],[135.9233,34.8838],[135.9405,34.8932],[135.9404,34.8799],[135.943,34.8781],[135.9414,34.8631],[135.9466,34.8533],[135.9457,34.8517],[135.9614,34.8537],[135.9632,34.8502],[135.9718,34.8457],[135.9707,34.8384],[136.0015,34.8449],[136.005,34.8427],[136.0023,34.8365],[136.0047,34.8282],[136.0125,34.8254],[136.0173,34.8282],[136.0272,34.8218],[136.0281,34.8192],[136.0269,34.8148],[136.0185,34.8127],[136.0104,34.8007],[136.0113,34.7956],[136.0159,34.7974],[136.018,34.7932],[136.0218,34.7915],[136.0203,34.7892],[136.0211,34.7844],[136.0248,34.7814],[136.0335,34.7789],[136.0285,34.7572],[136.0378,34.7563],[136.0406,34.7485],[136.0552,34.7384],[136.0427,34.7361],[136.0395,34.7216],[136.029,34.7137],[136.0285,34.7062],[136.0194,34.7084],[136.014,34.7077],[136.0111,34.7149],[136.0055,34.7169],[136.0002,34.7135],[135.9926,34.7123],[135.9915,34.7144],[135.9859,34.7151],[135.9832,34.7331],[135.9754,34.7409],[135.9695,34.7405],[135.9663,34.7424],[135.9588,34.7402],[135.955,34.7477],[135.9447,34.7417],[135.9428,34.738],[135.9369,34.7399],[135.933,34.7379],[135.9254,34.7403],[135.9234,34.7439],[135.9285,34.7564],[135.9254,34.7575],[135.9209,34.7532],[135.9156,34.7532],[135.9014,34.7317],[135.8982,34.7315],[135.89,34.7087],[135.886,34.7127],[135.8765,34.7136],[135.8639,34.7068],[135.8486,34.7059],[135.8488,34.7074],[135.8391,34.7115],[135.8266,34.7135],[135.8208,34.7119],[135.8106,34.7147],[135.8118,34.7163],[135.8062,34.7179],[135.8034,34.7217],[135.7995,34.7224],[135.7966,34.7208],[135.7928,34.7241],[135.7779,34.7234],[135.7551,34.7275],[135.7567,34.7351],[135.7488,34.7415],[135.7468,34.7464],[135.7363,34.7497],[135.7363,34.7548],[135.7334,34.7547],[135.7284,34.7779],[135.739,34.7877],[135.7454,34.7983],[135.7447,34.8043],[135.7308,34.8227],[135.7245,34.823],[135.7123,34.8403],[135.7098,34.8466],[135.7033,34.8515],[135.6955,34.8482],[135.6905,34.8561],[135.6943,34.8607],[135.6919,34.8613],[135.6908,34.8682],[135.6823,34.8721],[135.683,34.8777],[135.6796,34.8813],[135.6823,34.8878],[135.6757,34.8951],[135.6749,34.8987],[135.6667,34.9041],[135.6644,34.9031],[135.6539,34.9091],[135.6486,34.9094],[135.6479,34.9168],[135.6522,34.9168],[135.6503,34.9231],[135.6428,34.9298],[135.6307,34.9353],[135.6277,34.934],[135.6239,34.9353],[135.616,34.9285],[135.5999,34.928],[135.6029,34.936],[135.6053,34.9353],[135.6117,34.9421],[135.6163,34.9575],[135.6176,34.9575],[135.6129,34.9713],[135.595,34.9695],[135.5921,34.9667],[135.5831,34.9763],[135.5733,34.9717],[135.5707,34.9674],[135.5731,34.9609],[135.577,34.9608],[135.5783,34.9557],[135.5636,34.9536],[135.5617,34.945],[135.5568,34.9381],[135.5577,34.933],[135.5633,34.9422],[135.5653,34.9402],[135.5622,34.9335],[135.5712,34.9391],[135.58,34.937],[135.5807,34.9236],[135.5722,34.9165],[135.5625,34.9177],[135.5537,34.916],[135.5507,34.9179],[135.5418,34.9153],[135.536,34.9199],[135.5375,34.9249],[135.5248,34.9288],[135.5209,34.9328],[135.5169,34.9335],[135.5132,34.9439],[135.5047,34.9461],[135.4968,34.9407],[135.49,34.9418],[135.4885,34.9459],[135.481,34.9495],[135.4863,34.9564],[135.4809,34.9625],[135.4823,34.9651],[135.4866,34.9667],[135.4854,34.9645],[135.4901,34.9677],[135.4832,34.9814],[135.4928,34.9877],[135.4874,34.9919],[135.482,34.9947],[135.4723,34.9946],[135.4607,35.0005],[135.4361,35.0083],[135.423,35.0023],[135.4177,35.0032],[135.4099,35.0109],[135.4031,35.0067],[135.3972,35.0107],[135.3949,35.0091],[135.3892,35.0111],[135.3821,35.0101],[135.3779,35.0211],[135.3818,35.0309],[135.3802,35.0363],[135.3762,35.0428],[135.3708,35.0453],[135.3688,35.0536],[135.3718,35.0591],[135.3767,35.0607],[135.3762,35.0649],[135.3872,35.0724],[135.3992,35.0761],[135.3989,35.0811],[135.4031,35.0894],[135.4007,35.0931],[135.3913,35.0981],[135.3885,35.0971],[135.3887,35.1072],[135.393,35.1109],[135.3861,35.119],[135.3894,35.1288],[135.3729,35.1291],[135.3698,35.1322],[135.3607,35.1321],[135.3561,35.136],[135.3435,35.1357],[135.3393,35.1387],[135.3372,35.1438],[135.3405,35.1499],[135.3284,35.1491],[135.323,35.1466],[135.2946,35.1419],[135.2822,35.1449],[135.278,35.1511],[135.2828,35.1507],[135.2909,35.1597],[135.2898,35.1699],[135.2889,35.1723],[135.2847,35.1713],[135.2738,35.1771],[135.2658,35.1755],[135.2579,35.1771],[135.2327,35.1774],[135.2283,35.1674],[135.2245,35.1639],[135.2067,35.1609],[135.1944,35.1713],[135.1869,35.1718],[135.1891,35.1822],[135.1863,35.1898],[135.1925,35.1941],[135.199,35.194],[135.1967,35.2029],[135.1881,35.2082],[135.1819,35.2159],[135.175,35.2146],[135.1703,35.2203],[135.1651,35.2194],[135.1556,35.2262],[135.1557,35.2292],[135.1594,35.23],[135.1662,35.2402],[135.1613,35.2574],[135.1583,35.2599],[135.1481,35.2636],[135.143,35.2624],[135.1361,35.265],[135.1304,35.2611],[135.1155,35.2633],[135.109,35.2663],[135.0987,35.259],[135.094,35.2601],[135.085,35.2532],[135.0808,35.245],[135.077,35.2445],[135.0675,35.2372],[135.0566,35.258],[135.0565,35.264],[135.0513,35.2625],[135.0427,35.2635],[135.0382,35.2607],[135.0168,35.269],[135.01,35.2698],[135.0114,35.2774],[135.0095,35.2837],[135.0007,35.2873],[134.9988,35.2911],[134.9916,35.29],[134.9602,35.2979],[134.9429,35.3083],[134.9372,35.3076],[134.9256,35.3112],[134.9208,35.3163],[134.9254,35.3218],[134.9247,35.3257],[134.9272,35.3293],[134.9253,35.3365],[134.917,35.3399],[134.9185,35.3493],[134.9226,35.3527],[134.9185,35.3645],[134.9264,35.3775],[134.923,35.3943],[134.9245,35.3941],[134.931,35.4017],[134.9338,35.4074],[134.9448,35.4132],[134.9539,35.4088],[134.9586,35.4091],[134.9687,35.4003],[134.9789,35.3984],[134.9872,35.3945],[134.9868,35.3907],[134.9895,35.3863],[134.9997,35.3867],[135.0125,35.3936],[135.0192,35.3945],[135.028,35.405],[135.0291,35.4096],[135.0483,35.4074],[135.0499,35.4199],[135.0475,35.4269],[135.0504,35.4419],[135.0495,35.4511],[135.0475,35.4521],[135.0432,35.4623],[135.0405,35.4735],[135.0358,35.4753],[135.0353,35.4802],[135.0384,35.4807],[135.0417,35.4934],[135.0328,35.4973],[135.0447,35.5085],[135.0397,35.5265],[135.0362,35.5301],[135.0367,35.5373]]],[[[135.4231,35.6765],[135.4214,35.6797],[135.4243,35.6882],[135.4273,35.6825],[135.4231,35.6765]]],[[[135.4782,35.5932],[135.4749,35.5956],[135.4779,35.6059],[135.4796,35.6042],[135.4809,35.5943],[135.4782,35.5932]]],[[[135.3389,35.4936],[135.3404,35.4986],[135.3474,35.4971],[135.3389,35.4936]]]]}},{"type":"Feature","properties":{"name":"佐賀県","id":41},"geometry":{"type":"MultiPolygon","coordinates":[[[[129.8622,33.5875],[129.8577,33.5887],[129.8576,33.5916],[129.8533,33.5934],[129.8479,33.5998],[129.85,33.5993],[129.8531,33.6095],[129.8584,33.6125],[129.855,33.6159],[129.8612,33.6183],[129.8636,33.6175],[129.8627,33.6121],[129.8583,33.6093],[129.8618,33.6089],[129.8592,33.6041],[129.8614,33.5973],[129.8671,33.5967],[129.8622,33.5875]]],[[[129.8933,33.5932],[129.8926,33.5983],[129.8967,33.6037],[129.9018,33.6029],[129.9007,33.594],[129.8989,33.5951],[129.8933,33.5932]]],[[[129.8368,33.5837],[129.8343,33.5865],[129.8351,33.5891],[129.8383,33.5881],[129.8425,33.5916],[129.8459,33.5915],[129.8447,33.5858],[129.8368,33.5837]]],[[[129.757,33.5634],[129.7394,33.5728],[129.7437,33.5758],[129.7412,33.5781],[129.7468,33.5824],[129.7479,33.5795],[129.7522,33.5783],[129.7578,33.5821],[129.7679,33.582],[129.7726,33.5736],[129.7613,33.5668],[129.7623,33.5639],[129.757,33.5634]]],[[[129.8741,33.5438],[129.8718,33.5465],[129.8746,33.5494],[129.8729,33.5581],[129.8804,33.5675],[129.8887,33.5599],[129.8874,33.556],[129.892,33.5561],[129.8895,33.5521],[129.8805,33.5472],[129.8802,33.5448],[129.8741,33.5438]]],[[[130.0387,33.4697],[130.0449,33.4677],[130.0679,33.472],[130.0779,33.4688],[130.0875,33.4689],[130.0997,33.4706],[130.107,33.4776],[130.1134,33.4752],[130.1305,33.4745],[130.1384,33.4705],[130.15,33.4774],[130.1597,33.4745],[130.1679,33.4675],[130.1748,33.4663],[130.1839,33.4675],[130.1894,33.4753],[130.198,33.4776],[130.198,33.4811],[130.2057,33.4812],[130.221,33.4776],[130.233,33.4782],[130.2382,33.4742],[130.2441,33.4737],[130.2468,33.4707],[130.2525,33.4719],[130.2592,33.4767],[130.2712,33.4793],[130.2766,33.4783],[130.2975,33.4624],[130.3058,33.4627],[130.314,33.4583],[130.3207,33.4579],[130.3344,33.4489],[130.337,33.4449],[130.3448,33.4447],[130.3555,33.4335],[130.3684,33.4358],[130.3774,33.4249],[130.3866,33.4279],[130.3903,33.426],[130.3953,33.4273],[130.4043,33.416],[130.4144,33.4103],[130.4076,33.4025],[130.4077,33.3974],[130.4102,33.395],[130.4189,33.4006],[130.4294,33.3974],[130.4374,33.4006],[130.4362,33.4049],[130.444,33.4173],[130.4573,33.4199],[130.4605,33.4283],[130.4751,33.4375],[130.4799,33.4365],[130.4907,33.4405],[130.4962,33.4448],[130.5044,33.4463],[130.5087,33.4438],[130.5116,33.4493],[130.5321,33.4415],[130.5362,33.4382],[130.5351,33.4359],[130.5401,33.4199],[130.541,33.3663],[130.5352,33.3428],[130.5319,33.3459],[130.5249,33.34],[130.5098,33.3438],[130.5054,33.3395],[130.5033,33.3291],[130.4974,33.3257],[130.4839,33.3328],[130.479,33.3307],[130.4763,33.3254],[130.4879,33.3181],[130.4863,33.3123],[130.482,33.3049],[130.4579,33.3037],[130.4554,33.3017],[130.4548,33.2942],[130.4668,33.2886],[130.465,33.2851],[130.4526,33.2831],[130.4471,33.2755],[130.4489,33.265],[130.4396,33.2649],[130.4349,33.2725],[130.4365,33.29],[130.431,33.2925],[130.4258,33.2889],[130.4295,33.2836],[130.4273,33.2715],[130.4191,33.2713],[130.4166,33.2681],[130.4177,33.2593],[130.4146,33.2532],[130.4075,33.2492],[130.4011,33.249],[130.3983,33.2595],[130.3907,33.2599],[130.388,33.2549],[130.3897,33.2461],[130.3843,33.2403],[130.3737,33.2445],[130.3713,33.243],[130.3694,33.2364],[130.3782,33.2289],[130.3766,33.2204],[130.3598,33.2135],[130.3532,33.2089],[130.3418,33.2081],[130.3386,33.2033],[130.3406,33.1883],[130.346,33.1821],[130.3524,33.1803],[130.3511,33.1699],[130.3549,33.1404],[130.2878,33.1469],[130.2842,33.1535],[130.285,33.1615],[130.2776,33.1641],[130.2773,33.1691],[130.2635,33.1777],[130.2514,33.1894],[130.2547,33.1969],[130.2574,33.1979],[130.2538,33.2017],[130.2454,33.2029],[130.2465,33.1923],[130.2339,33.1938],[130.2309,33.2001],[130.2211,33.1983],[130.2149,33.1993],[130.2148,33.1968],[130.2206,33.1923],[130.2253,33.1923],[130.2306,33.1887],[130.2312,33.1857],[130.2217,33.1653],[130.1891,33.1461],[130.1916,33.1426],[130.1683,33.1299],[130.149,33.1127],[130.1302,33.1174],[130.1297,33.1257],[130.1219,33.1247],[130.1277,33.1085],[130.1177,33.1057],[130.119,33.104],[130.118,33.105],[130.1171,33.1027],[130.1123,33.1011],[130.1301,33.1043],[130.1341,33.0981],[130.1255,33.0933],[130.1283,33.0918],[130.1349,33.0955],[130.1398,33.0943],[130.1449,33.0865],[130.142,33.0829],[130.1394,33.0831],[130.142,33.0825],[130.1437,33.0731],[130.1568,33.0611],[130.1608,33.0548],[130.1683,33.0517],[130.1702,33.037],[130.1792,33.0246],[130.1807,33.0181],[130.1782,33.0178],[130.1837,33.0119],[130.1857,33.0123],[130.1877,33.0027],[130.1862,32.9991],[130.1913,32.9994],[130.1903,32.9911],[130.1938,32.9885],[130.1987,32.9911],[130.2032,32.9901],[130.21,32.9853],[130.2073,32.9819],[130.2084,32.9794],[130.2131,32.9797],[130.2206,32.9751],[130.2237,32.9669],[130.2205,32.9612],[130.2192,32.9618],[130.2198,32.9595],[130.2027,32.9569],[130.176,32.9613],[130.1497,32.9625],[130.1437,32.9715],[130.1307,32.9683],[130.0982,32.9743],[130.0857,32.9748],[130.0849,32.9778],[130.0752,32.9873],[130.061,32.986],[130.0503,32.993],[130.0436,33.004],[130.0273,33.0123],[130.0281,33.0185],[130.0244,33.0208],[130.0161,33.0179],[130.0087,33.019],[130.0051,33.0241],[130.001,33.0254],[129.9925,33.0389],[129.9948,33.0439],[129.9935,33.0477],[129.9825,33.0564],[129.9389,33.0727],[129.9387,33.077],[129.9357,33.0795],[129.9325,33.088],[129.9215,33.0904],[129.9251,33.0977],[129.9256,33.1075],[129.9378,33.1125],[129.9504,33.1099],[129.9545,33.1166],[129.9556,33.1267],[129.948,33.1345],[129.9407,33.1571],[129.9425,33.1643],[129.9377,33.1651],[129.9172,33.1601],[129.9133,33.1625],[129.9056,33.1585],[129.8961,33.1593],[129.8877,33.1563],[129.8842,33.1615],[129.8717,33.1651],[129.8625,33.1709],[129.858,33.1708],[129.8517,33.1767],[129.8433,33.1767],[129.8372,33.1732],[129.818,33.1835],[129.816,33.1873],[129.8156,33.1979],[129.809,33.2022],[129.8066,33.2101],[129.8087,33.2171],[129.812,33.2205],[129.8095,33.2289],[129.8132,33.2363],[129.8134,33.2421],[129.8106,33.2425],[129.7935,33.2554],[129.7769,33.2701],[129.7668,33.2856],[129.7588,33.2903],[129.7681,33.3189],[129.7755,33.3322],[129.7899,33.3403],[129.7907,33.3371],[129.8021,33.3323],[129.8083,33.3224],[129.8144,33.3226],[129.811,33.3205],[129.8126,33.3147],[129.8197,33.3156],[129.8179,33.3131],[129.813,33.3117],[129.8129,33.3091],[129.8196,33.3103],[129.8304,33.2964],[129.8288,33.2948],[129.8304,33.295],[129.8326,33.291],[129.8351,33.2911],[129.836,33.2867],[129.8411,33.2867],[129.8431,33.2932],[129.8501,33.2898],[129.8528,33.2921],[129.8413,33.3035],[129.8313,33.3038],[129.8274,33.3124],[129.8339,33.3113],[129.8361,33.3162],[129.8387,33.3182],[129.8405,33.3169],[129.8426,33.3246],[129.8484,33.3287],[129.8405,33.3317],[129.8335,33.3294],[129.8273,33.3373],[129.8321,33.3395],[129.835,33.3345],[129.8376,33.3355],[129.8358,33.3385],[129.8421,33.3409],[129.8474,33.3369],[129.8441,33.3419],[129.8463,33.3436],[129.842,33.3462],[129.843,33.3483],[129.8482,33.3469],[129.85,33.3515],[129.8457,33.3536],[129.8468,33.3559],[129.8488,33.3543],[129.849,33.3612],[129.8465,33.3619],[129.8486,33.365],[129.8528,33.3643],[129.8566,33.3679],[129.8583,33.3733],[129.8605,33.3733],[129.8624,33.3763],[129.8663,33.3737],[129.8665,33.3831],[129.8641,33.3855],[129.8647,33.3884],[129.8673,33.3863],[129.8697,33.3883],[129.8639,33.3931],[129.8702,33.3931],[129.8686,33.3963],[129.8664,33.396],[129.8656,33.3991],[129.868,33.4075],[129.863,33.4059],[129.8654,33.4087],[129.8641,33.4082],[129.8622,33.4125],[129.8589,33.4108],[129.8605,33.4059],[129.8545,33.4059],[129.8539,33.4035],[129.8409,33.408],[129.8378,33.4075],[129.837,33.4103],[129.8304,33.4139],[129.8227,33.4118],[129.8218,33.4177],[129.8307,33.4218],[129.827,33.4212],[129.8187,33.4244],[129.819,33.4263],[129.8145,33.4269],[129.8134,33.4322],[129.8112,33.4325],[129.8106,33.4351],[129.804,33.4352],[129.7992,33.4409],[129.796,33.4405],[129.797,33.443],[129.7896,33.4423],[129.7886,33.4506],[129.788,33.4488],[129.7841,33.4487],[129.7828,33.4541],[129.7929,33.4599],[129.7934,33.4572],[129.7969,33.4575],[129.7974,33.4533],[129.8014,33.4533],[129.8062,33.4573],[129.8062,33.4613],[129.7993,33.4633],[129.7936,33.4713],[129.795,33.4748],[129.7987,33.4747],[129.8019,33.4775],[129.8055,33.485],[129.8116,33.4798],[129.8134,33.4796],[129.8142,33.483],[129.8187,33.4832],[129.8259,33.4782],[129.8226,33.4752],[129.8261,33.468],[129.8382,33.4621],[129.8344,33.4505],[129.8352,33.4436],[129.8374,33.4501],[129.8399,33.4495],[129.8424,33.4447],[129.8477,33.4447],[129.8506,33.4471],[129.8509,33.4492],[129.8487,33.4493],[129.8535,33.4565],[129.8579,33.4538],[129.8562,33.4646],[129.8517,33.4681],[129.8547,33.4687],[129.849,33.4728],[129.8497,33.4751],[129.8399,33.4698],[129.8314,33.4762],[129.8443,33.4786],[129.8347,33.4893],[129.8354,33.4912],[129.8395,33.4904],[129.839,33.4947],[129.8288,33.505],[129.8325,33.5075],[129.8318,33.5117],[129.8349,33.5129],[129.8273,33.5176],[129.8298,33.5197],[129.8441,33.5167],[129.8471,33.5123],[129.8494,33.5123],[129.8493,33.507],[129.8563,33.5055],[129.8566,33.5126],[129.8477,33.5159],[129.8481,33.5217],[129.8396,33.5222],[129.8392,33.5246],[129.8455,33.5251],[129.8562,33.5191],[129.8518,33.5255],[129.8555,33.5325],[129.8477,33.5371],[129.8503,33.5411],[129.846,33.5429],[129.8508,33.5533],[129.8451,33.5553],[129.8484,33.5564],[129.8556,33.5518],[129.8587,33.5474],[129.8556,33.5465],[129.8603,33.5421],[129.8718,33.5364],[129.8749,33.5371],[129.8793,33.5301],[129.8738,33.5204],[129.8744,33.5161],[129.8778,33.5226],[129.885,33.5217],[129.8812,33.5231],[129.8827,33.5263],[129.8821,33.5395],[129.8851,33.5415],[129.8917,33.5407],[129.8903,33.5372],[129.8936,33.5377],[129.8901,33.5469],[129.8958,33.5494],[129.904,33.5445],[129.9079,33.5493],[129.9101,33.5438],[129.9161,33.5419],[129.927,33.5457],[129.9278,33.5507],[129.9314,33.5489],[129.9288,33.537],[129.9467,33.5279],[129.9505,33.5301],[129.956,33.5295],[129.9554,33.5197],[129.9597,33.5145],[129.9678,33.5132],[129.967,33.5086],[129.961,33.5045],[129.9584,33.5057],[129.9526,33.5032],[129.9435,33.4935],[129.945,33.4846],[129.9387,33.483],[129.9362,33.4786],[129.9386,33.4733],[129.9417,33.4745],[129.9469,33.4723],[129.9469,33.4777],[129.9491,33.4783],[129.9546,33.4693],[129.953,33.4745],[129.9559,33.4759],[129.9574,33.4705],[129.9594,33.4723],[129.9569,33.4778],[129.9601,33.4833],[129.9624,33.4835],[129.97,33.4763],[129.9662,33.4697],[129.9601,33.4689],[129.9635,33.4631],[129.9605,33.4613],[129.9585,33.4645],[129.9598,33.4606],[129.9643,33.4631],[129.9665,33.4608],[129.9612,33.4586],[129.9671,33.4552],[129.9771,33.4544],[129.9968,33.4467],[130.0194,33.4463],[130.0324,33.4499],[130.0402,33.4558],[130.0361,33.461],[130.0355,33.4647],[130.0387,33.4697]]],[[[129.9674,33.5271],[129.9645,33.5282],[129.9645,33.5307],[129.9698,33.5404],[129.9645,33.5389],[129.9721,33.5432],[129.9756,33.5417],[129.9772,33.5349],[129.9731,33.5287],[129.9674,33.5271]]],[[[129.9886,33.4721],[129.9856,33.4731],[129.9846,33.4779],[129.9888,33.4806],[129.9928,33.4777],[129.9925,33.4721],[129.9886,33.4721]]],[[[130.2173,32.9505],[130.2127,32.9546],[130.2156,32.9587],[130.222,32.9584],[130.2242,32.9565],[130.2221,32.9543],[130.2193,32.955],[130.2173,32.9505]]]]}},{"type":"Feature","properties":{"name":"熊本県","id":43},"geometry":{"type":"MultiPolygon","coordinates":[[[[131.1104,33.1831],[131.1148,33.1801],[131.1178,33.1699],[131.1205,33.1676],[131.1299,33.1661],[131.1329,33.1603],[131.145,33.1559],[131.1481,33.1525],[131.1447,33.151],[131.1597,33.1409],[131.1662,33.1285],[131.1651,33.1195],[131.1627,33.1177],[131.1658,33.1141],[131.1654,33.1111],[131.1724,33.1045],[131.1736,33.0834],[131.1859,33.0739],[131.189,33.0738],[131.1921,33.0777],[131.1969,33.0741],[131.1965,33.0701],[131.2145,33.055],[131.2256,33.0194],[131.2233,33.0183],[131.2271,33.0109],[131.2329,33.0089],[131.2468,32.9952],[131.2468,32.9823],[131.2628,32.9762],[131.2559,32.964],[131.2468,32.9634],[131.2452,32.9586],[131.2503,32.9569],[131.2518,32.9545],[131.2468,32.9531],[131.2468,32.949],[131.2519,32.9464],[131.246,32.9408],[131.2468,32.933],[131.2526,32.9199],[131.2549,32.8919],[131.2632,32.8791],[131.2726,32.8815],[131.2724,32.8719],[131.2843,32.8661],[131.2927,32.8583],[131.3093,32.8527],[131.3219,32.8425],[131.3286,32.8329],[131.3227,32.8287],[131.2915,32.8277],[131.2866,32.8307],[131.2761,32.8287],[131.2722,32.8243],[131.2649,32.8262],[131.2619,32.8183],[131.2546,32.8161],[131.256,32.8142],[131.2541,32.8059],[131.2521,32.8023],[131.2468,32.8006],[131.2447,32.7875],[131.2344,32.7811],[131.2361,32.7775],[131.2444,32.7713],[131.2443,32.7672],[131.2392,32.7583],[131.2363,32.7583],[131.2334,32.7533],[131.2342,32.7442],[131.2312,32.7441],[131.2118,32.7289],[131.2067,32.7299],[131.1937,32.7247],[131.1788,32.7111],[131.1803,32.7085],[131.1795,32.7007],[131.1762,32.6971],[131.1727,32.6853],[131.1747,32.6725],[131.1627,32.6716],[131.1574,32.6774],[131.1497,32.6793],[131.1429,32.6761],[131.1424,32.6699],[131.1399,32.6662],[131.1261,32.6539],[131.1218,32.6441],[131.1162,32.6427],[131.114,32.6388],[131.1185,32.6307],[131.1154,32.6105],[131.1193,32.6057],[131.1179,32.5985],[131.1133,32.5925],[131.1061,32.5891],[131.1052,32.5865],[131.1073,32.5831],[131.1041,32.5795],[131.0991,32.5785],[131.0537,32.5877],[131.0503,32.5865],[131.0427,32.5825],[131.0368,32.5652],[131.039,32.5565],[131.0349,32.5529],[131.0243,32.5531],[131.0186,32.5491],[131.0171,32.5455],[131.0227,32.5363],[131.0249,32.5209],[131.0188,32.5197],[131.0146,32.5157],[131.0098,32.5155],[131.0062,32.4925],[131.0151,32.4725],[131.016,32.4673],[131.0134,32.4629],[131.0154,32.4605],[131.0153,32.4534],[131.019,32.4395],[131.0422,32.4091],[131.0665,32.4074],[131.0721,32.3921],[131.0685,32.3845],[131.0723,32.3829],[131.0782,32.3733],[131.0733,32.3661],[131.0735,32.3575],[131.0905,32.3498],[131.0934,32.3501],[131.102,32.3418],[131.1105,32.3285],[131.1068,32.325],[131.0915,32.2971],[131.0793,32.2851],[131.0779,32.2813],[131.0712,32.2802],[131.0608,32.2856],[131.0503,32.2863],[131.0494,32.2793],[131.0527,32.2745],[131.0521,32.266],[131.0465,32.2643],[131.0422,32.2604],[131.0415,32.2502],[131.0462,32.244],[131.056,32.2458],[131.0708,32.2367],[131.0682,32.2251],[131.0726,32.2239],[131.0775,32.2181],[131.0827,32.2071],[131.0997,32.2014],[131.0994,32.1969],[131.1025,32.1928],[131.1012,32.1743],[131.1081,32.1599],[131.1037,32.1587],[131.0963,32.1528],[131.0859,32.1537],[131.0711,32.1601],[131.0583,32.1553],[131.053,32.1577],[131.049,32.1627],[131.0458,32.1609],[131.0368,32.1699],[131.0176,32.1699],[131.0127,32.1738],[131.0025,32.1693],[130.9968,32.1594],[130.9916,32.1576],[130.9939,32.1564],[130.9942,32.1508],[130.9722,32.1337],[130.9736,32.1216],[130.9724,32.1211],[130.9617,32.12],[130.9519,32.1154],[130.9444,32.1187],[130.9328,32.1162],[130.9269,32.1223],[130.9165,32.1248],[130.9125,32.1306],[130.9106,32.1297],[130.9044,32.1331],[130.9007,32.1323],[130.8938,32.1251],[130.8774,32.1209],[130.8718,32.1149],[130.8689,32.1149],[130.8631,32.1039],[130.8565,32.0995],[130.8386,32.1067],[130.8231,32.1],[130.8202,32.0949],[130.8104,32.0983],[130.7794,32.0993],[130.7757,32.1011],[130.7677,32.1013],[130.7581,32.0967],[130.7528,32.1032],[130.7468,32.1031],[130.7417,32.0983],[130.7392,32.0999],[130.739,32.1043],[130.7343,32.1087],[130.7275,32.1023],[130.7197,32.1006],[130.7013,32.1057],[130.6698,32.1281],[130.6541,32.1355],[130.6507,32.1511],[130.6218,32.1558],[130.6137,32.1675],[130.6163,32.1699],[130.6098,32.1863],[130.604,32.1869],[130.5908,32.1859],[130.5954,32.1768],[130.5814,32.1546],[130.5623,32.1549],[130.5414,32.1493],[130.5386,32.137],[130.5187,32.1352],[130.5046,32.1405],[130.5004,32.1366],[130.4918,32.1337],[130.4867,32.1348],[130.4821,32.1389],[130.476,32.1389],[130.4748,32.1221],[130.4577,32.1167],[130.4533,32.1134],[130.4485,32.1164],[130.4284,32.1139],[130.4245,32.1165],[130.4035,32.1197],[130.4003,32.122],[130.4022,32.1239],[130.3921,32.1333],[130.3864,32.1456],[130.36,32.1678],[130.3625,32.1743],[130.3666,32.1729],[130.3647,32.1777],[130.3594,32.1803],[130.3623,32.1827],[130.3669,32.181],[130.3725,32.1832],[130.3686,32.1777],[130.379,32.176],[130.3793,32.1781],[130.3765,32.1794],[130.3769,32.1825],[130.3742,32.1834],[130.3752,32.1884],[130.3779,32.1883],[130.3788,32.1939],[130.3757,32.1965],[130.378,32.1978],[130.3769,32.1992],[130.374,32.1976],[130.3718,32.2027],[130.3838,32.2074],[130.3772,32.2109],[130.3876,32.2141],[130.3858,32.2154],[130.3905,32.2231],[130.3946,32.2207],[130.3974,32.2224],[130.3932,32.2265],[130.3969,32.2279],[130.4016,32.2353],[130.4094,32.2305],[130.4101,32.2329],[130.4128,32.2323],[130.4218,32.2379],[130.4227,32.2339],[130.427,32.2344],[130.4326,32.2293],[130.4316,32.2304],[130.4347,32.2368],[130.4394,32.2367],[130.4277,32.2441],[130.424,32.2504],[130.4352,32.2532],[130.4274,32.2641],[130.4317,32.2634],[130.4317,32.266],[130.4378,32.2703],[130.4411,32.2689],[130.4487,32.2717],[130.4481,32.2754],[130.444,32.2785],[130.4463,32.2801],[130.4503,32.2795],[130.4492,32.2884],[130.4573,32.2898],[130.4587,32.2881],[130.4578,32.285],[130.463,32.2765],[130.4644,32.2768],[130.4665,32.2846],[130.4642,32.2961],[130.4703,32.2916],[130.472,32.2861],[130.4794,32.2887],[130.4816,32.295],[130.4859,32.2973],[130.489,32.2961],[130.4893,32.2999],[130.4815,32.2986],[130.4826,32.3027],[130.4803,32.3005],[130.4712,32.3011],[130.4723,32.3084],[130.4693,32.3116],[130.4703,32.3173],[130.4651,32.3194],[130.4685,32.3239],[130.4641,32.3263],[130.4692,32.3265],[130.4726,32.3311],[130.4742,32.3309],[130.4738,32.3273],[130.4802,32.3268],[130.4837,32.3327],[130.48,32.3337],[130.4795,32.3365],[130.4823,32.3447],[130.5054,32.3538],[130.5068,32.3579],[130.5014,32.3602],[130.4987,32.3586],[130.4968,32.361],[130.4921,32.362],[130.4867,32.3598],[130.489,32.3658],[130.5114,32.3906],[130.5165,32.3928],[130.537,32.4101],[130.5464,32.4221],[130.5535,32.4227],[130.5732,32.4341],[130.5683,32.436],[130.569,32.439],[130.5719,32.439],[130.564,32.4559],[130.5683,32.4644],[130.5641,32.4681],[130.5689,32.4753],[130.5664,32.4772],[130.5641,32.4759],[130.5471,32.4771],[130.5427,32.4812],[130.5415,32.4953],[130.5474,32.5005],[130.5618,32.4984],[130.5661,32.5032],[130.5536,32.5101],[130.5543,32.5113],[130.5667,32.5068],[130.5726,32.5094],[130.5624,32.5124],[130.5365,32.5252],[130.5388,32.5332],[130.5437,32.5309],[130.5493,32.5393],[130.5556,32.5429],[130.5615,32.5377],[130.5826,32.5687],[130.5889,32.5711],[130.5879,32.574],[130.6005,32.5865],[130.6083,32.5934],[130.616,32.5876],[130.6218,32.5946],[130.6334,32.6033],[130.6163,32.6173],[130.6218,32.6215],[130.6393,32.6235],[130.6532,32.6129],[130.6556,32.619],[130.6533,32.629],[130.6595,32.6313],[130.6586,32.6339],[130.6555,32.6345],[130.651,32.6424],[130.6356,32.6338],[130.615,32.6313],[130.5952,32.6249],[130.593,32.6225],[130.5897,32.6257],[130.5866,32.6228],[130.5757,32.6211],[130.5648,32.6238],[130.5614,32.6223],[130.5604,32.6248],[130.5578,32.6228],[130.5572,32.6243],[130.5444,32.6223],[130.5427,32.6249],[130.5351,32.6189],[130.5351,32.6205],[130.5313,32.6216],[130.5226,32.6181],[130.5185,32.614],[130.5108,32.6116],[130.5028,32.6139],[130.4968,32.6117],[130.4864,32.6125],[130.4802,32.6083],[130.4773,32.6098],[130.4729,32.6088],[130.466,32.6051],[130.459,32.6067],[130.461,32.6152],[130.4544,32.6221],[130.4504,32.6231],[130.4593,32.633],[130.4774,32.6405],[130.4986,32.6537],[130.5355,32.6647],[130.5413,32.6699],[130.552,32.6864],[130.5664,32.6988],[130.5792,32.7038],[130.5875,32.7043],[130.59,32.7089],[130.591,32.7077],[130.5954,32.7107],[130.6075,32.7129],[130.6084,32.7179],[130.6043,32.7211],[130.6056,32.7307],[130.6029,32.731],[130.6075,32.7457],[130.6046,32.7455],[130.6045,32.7534],[130.5994,32.7647],[130.5901,32.7638],[130.5993,32.7649],[130.5989,32.7723],[130.5967,32.7753],[130.6044,32.7821],[130.6031,32.7826],[130.6062,32.7895],[130.6135,32.7925],[130.6121,32.7968],[130.6039,32.7999],[130.604,32.8053],[130.6007,32.8106],[130.5975,32.81],[130.5919,32.8133],[130.5928,32.8199],[130.589,32.8259],[130.5778,32.8285],[130.5826,32.8321],[130.5797,32.8335],[130.5808,32.8365],[130.5785,32.8381],[130.5834,32.8415],[130.579,32.8409],[130.5707,32.8486],[130.5675,32.8435],[130.564,32.8419],[130.5229,32.8517],[130.5216,32.8669],[130.5268,32.8782],[130.5229,32.8813],[130.4952,32.893],[130.4755,32.9049],[130.47,32.9004],[130.4646,32.9041],[130.4618,32.9013],[130.4562,32.905],[130.4625,32.9117],[130.4598,32.9137],[130.4611,32.9153],[130.4601,32.9193],[130.4508,32.9089],[130.4433,32.9145],[130.4446,32.9158],[130.4388,32.9207],[130.4419,32.9262],[130.4411,32.9307],[130.4397,32.931],[130.4333,32.9535],[130.429,32.9873],[130.4273,32.9875],[130.4248,32.9945],[130.429,32.9962],[130.4164,32.9937],[130.4132,33.0029],[130.4303,33.0051],[130.4411,33.0032],[130.4848,33.0029],[130.4968,33.0057],[130.5053,33.0032],[130.507,33.0063],[130.512,33.0075],[130.5151,33.0121],[130.5113,33.0208],[130.5035,33.0275],[130.5024,33.0386],[130.4942,33.0494],[130.4968,33.0522],[130.5175,33.0654],[130.5259,33.0659],[130.5307,33.0643],[130.5362,33.0793],[130.5411,33.0821],[130.5476,33.0809],[130.5491,33.0844],[130.5521,33.0833],[130.565,33.0872],[130.5603,33.0981],[130.5609,33.104],[130.5703,33.1074],[130.5748,33.1133],[130.5797,33.1157],[130.6019,33.1141],[130.6091,33.1093],[130.6159,33.1091],[130.6326,33.1132],[130.6368,33.1115],[130.6393,33.1133],[130.647,33.1081],[130.6513,33.1101],[130.6548,33.1085],[130.6588,33.1101],[130.6536,33.1133],[130.6588,33.1157],[130.6606,33.1301],[130.6676,33.1381],[130.6658,33.1455],[130.6668,33.1571],[130.6777,33.1651],[130.6792,33.1712],[130.6922,33.1599],[130.6905,33.1519],[130.6991,33.1531],[130.7069,33.1511],[130.7118,33.1549],[130.7221,33.1517],[130.7305,33.1546],[130.7338,33.1528],[130.7381,33.1451],[130.7533,33.1366],[130.7559,33.1323],[130.7622,33.1328],[130.7708,33.1245],[130.7921,33.1229],[130.8167,33.114],[130.8207,33.1089],[130.8195,33.1065],[130.8389,33.1039],[130.8449,33.0921],[130.8612,33.0953],[130.8663,33.0903],[130.8737,33.0919],[130.8863,33.0865],[130.8896,33.0769],[130.8956,33.0731],[130.8962,33.0659],[130.8979,33.0646],[130.905,33.0649],[130.9125,33.059],[130.915,33.0541],[130.9195,33.0526],[130.9263,33.0524],[130.9334,33.0548],[130.9361,33.0523],[130.9491,33.0509],[130.9572,33.0453],[130.9583,33.0375],[130.9693,33.0237],[130.988,33.0236],[130.9973,33.0281],[131.0033,33.0383],[131.0106,33.0426],[131.0166,33.0631],[131.0104,33.072],[131.0153,33.0806],[131.0231,33.0874],[131.0098,33.1061],[130.9923,33.1221],[130.9938,33.1284],[130.9776,33.1405],[130.9794,33.1437],[130.9834,33.1421],[130.9811,33.1473],[130.9829,33.1512],[130.9816,33.1549],[130.988,33.1757],[130.9913,33.177],[130.9916,33.1833],[131.0006,33.1811],[131.0047,33.1778],[131.0133,33.1772],[131.0275,33.1864],[131.03,33.1855],[131.0331,33.1871],[131.0383,33.1943],[131.0578,33.1947],[131.0934,33.1852],[131.0989,33.1878],[131.1104,33.1831]]],[[[130.4223,32.5461],[130.4102,32.5529],[130.4084,32.5503],[130.4033,32.5523],[130.4063,32.5668],[130.4137,32.5682],[130.4141,32.572],[130.4184,32.5749],[130.4152,32.5813],[130.4065,32.5836],[130.3989,32.5823],[130.3931,32.5865],[130.3949,32.5913],[130.4076,32.6015],[130.4118,32.6084],[130.4081,32.6113],[130.4101,32.6145],[130.4128,32.6133],[130.4164,32.6167],[130.4167,32.6133],[130.4143,32.6119],[130.4137,32.6069],[130.4171,32.6051],[130.4189,32.6077],[130.4243,32.6037],[130.4225,32.6105],[130.4198,32.6087],[130.4179,32.6124],[130.4199,32.6153],[130.419,32.6175],[130.4242,32.6177],[130.4276,32.6132],[130.4295,32.6133],[130.4348,32.6213],[130.4406,32.6255],[130.4445,32.6243],[130.4434,32.6173],[130.4466,32.6193],[130.4511,32.6155],[130.4571,32.6141],[130.4529,32.6075],[130.4492,32.6067],[130.4513,32.602],[130.446,32.6037],[130.4412,32.6027],[130.443,32.5988],[130.4406,32.5952],[130.4447,32.5954],[130.444,32.592],[130.4473,32.5904],[130.4519,32.5929],[130.4516,32.5883],[130.454,32.5865],[130.4576,32.5881],[130.4561,32.5817],[130.4516,32.5799],[130.4508,32.5774],[130.4487,32.5773],[130.4475,32.5727],[130.4441,32.5725],[130.4419,32.5691],[130.4488,32.5664],[130.449,32.561],[130.446,32.5568],[130.4475,32.5548],[130.4524,32.554],[130.4433,32.5483],[130.4443,32.5495],[130.4412,32.5535],[130.438,32.5485],[130.4352,32.5477],[130.4308,32.5493],[130.4298,32.5477],[130.4195,32.5521],[130.4236,32.5482],[130.4223,32.5461]]],[[[130.487,32.5763],[130.4867,32.5835],[130.4911,32.5869],[130.4893,32.5922],[130.4795,32.5902],[130.4794,32.5971],[130.4826,32.5987],[130.4726,32.6032],[130.4832,32.6071],[130.4834,32.6057],[130.4877,32.6089],[130.5077,32.6067],[130.5102,32.594],[130.4924,32.5769],[130.487,32.5763]]],[[[130.3405,32.5992],[130.3346,32.5997],[130.3297,32.605],[130.3344,32.6065],[130.3422,32.6042],[130.3405,32.5992]]],[[[130.4638,32.5398],[130.4625,32.5411],[130.4648,32.5557],[130.4622,32.56],[130.462,32.5641],[130.4636,32.5643],[130.4602,32.5722],[130.463,32.5811],[130.4664,32.5811],[130.472,32.5877],[130.486,32.5712],[130.4721,32.5539],[130.4698,32.5476],[130.4638,32.5398]]],[[[130.3822,32.5797],[130.3797,32.583],[130.3883,32.5865],[130.3911,32.5844],[130.3822,32.5797]]],[[[130.1043,32.5498],[130.1127,32.5527],[130.1218,32.5518],[130.1218,32.5504],[130.1043,32.5498]]],[[[130.3533,32.4048],[130.356,32.4099],[130.3515,32.4099],[130.3514,32.4199],[130.3492,32.4213],[130.3461,32.4199],[130.3453,32.4125],[130.3414,32.4066],[130.331,32.4036],[130.3285,32.3985],[130.3266,32.4006],[130.3211,32.3981],[130.3077,32.3962],[130.2901,32.4012],[130.2854,32.3983],[130.2794,32.4012],[130.2738,32.4121],[130.2608,32.4104],[130.2599,32.4046],[130.2526,32.3943],[130.2517,32.3875],[130.246,32.3852],[130.2336,32.3848],[130.2401,32.3967],[130.2455,32.3957],[130.2457,32.4012],[130.2431,32.3991],[130.2444,32.4079],[130.2407,32.4149],[130.2386,32.4131],[130.2283,32.4199],[130.2306,32.4157],[130.2256,32.4115],[130.2213,32.4153],[130.2188,32.4239],[130.2108,32.4308],[130.2081,32.427],[130.2097,32.4277],[130.2148,32.4245],[130.2163,32.4211],[130.2073,32.4217],[130.2053,32.4199],[130.2102,32.4197],[130.2076,32.4132],[130.2024,32.4111],[130.1964,32.4015],[130.1997,32.4015],[130.2006,32.3935],[130.1979,32.3894],[130.1928,32.3884],[130.1983,32.3849],[130.2035,32.3945],[130.2067,32.3957],[130.2119,32.3947],[130.2127,32.3923],[130.2189,32.3919],[130.2147,32.3874],[130.2204,32.3883],[130.2227,32.3836],[130.2172,32.3827],[130.2166,32.377],[130.2192,32.378],[130.2238,32.3661],[130.2198,32.366],[130.2107,32.3575],[130.2108,32.3528],[130.2068,32.3479],[130.2082,32.3362],[130.2032,32.3326],[130.2011,32.3276],[130.2035,32.3255],[130.1995,32.3256],[130.1989,32.3229],[130.1948,32.3239],[130.1811,32.3112],[130.172,32.3103],[130.1681,32.3157],[130.1666,32.3246],[130.1766,32.3365],[130.1755,32.3393],[130.1621,32.3289],[130.16,32.3353],[130.1578,32.3357],[130.1577,32.3325],[130.1555,32.3309],[130.1581,32.3217],[130.1549,32.3232],[130.1543,32.3216],[130.1517,32.322],[130.1526,32.3167],[130.1561,32.3121],[130.1481,32.3116],[130.1459,32.3159],[130.1419,32.3171],[130.1435,32.3103],[130.1411,32.3122],[130.1398,32.3086],[130.1389,32.2973],[130.1415,32.2983],[130.1429,32.2966],[130.1445,32.3027],[130.1477,32.2993],[130.1471,32.3017],[130.1624,32.3017],[130.1653,32.2967],[130.1599,32.2897],[130.1487,32.2829],[130.1456,32.2839],[130.1442,32.2813],[130.1364,32.2909],[130.1218,32.2781],[130.1139,32.2665],[130.1105,32.2668],[130.1073,32.2645],[130.1106,32.2624],[130.1063,32.2537],[130.0916,32.255],[130.0899,32.2532],[130.0933,32.2472],[130.0962,32.246],[130.0966,32.2481],[130.1009,32.249],[130.1013,32.2461],[130.0991,32.2436],[130.101,32.2369],[130.0974,32.2288],[130.0955,32.2308],[130.0898,32.2273],[130.0841,32.2395],[130.0877,32.2367],[130.0846,32.2413],[130.0906,32.243],[130.0795,32.2428],[130.0774,32.2339],[130.0821,32.2312],[130.0759,32.2255],[130.0712,32.2247],[130.077,32.2211],[130.0853,32.2196],[130.0812,32.2185],[130.0771,32.2124],[130.073,32.2137],[130.0726,32.2107],[130.0575,32.211],[130.0487,32.2054],[130.0442,32.199],[130.0424,32.2089],[130.0383,32.211],[130.0375,32.2087],[130.0398,32.2076],[130.0381,32.2061],[130.033,32.2119],[130.0328,32.2146],[130.0279,32.2139],[130.0312,32.1965],[130.0294,32.1951],[130.0261,32.1977],[130.0262,32.1932],[130.0235,32.1943],[130.0214,32.1926],[130.0213,32.1907],[130.0235,32.1906],[130.0223,32.1886],[130.0122,32.1892],[130.0122,32.1924],[130.0146,32.1925],[130.0126,32.1959],[130.0147,32.1955],[130.0147,32.1981],[130.0131,32.1979],[130.0113,32.2014],[130.0086,32.2011],[130.0084,32.1986],[129.9999,32.1901],[129.9968,32.1958],[129.9906,32.1962],[129.99,32.199],[129.9971,32.2053],[129.9973,32.2142],[129.9958,32.2167],[129.9996,32.2206],[130.0028,32.218],[130.0026,32.2221],[130.0046,32.2217],[130.0039,32.2111],[130.0114,32.2208],[130.0127,32.2203],[130.0126,32.2313],[130.0102,32.2375],[130.0082,32.2397],[129.9993,32.2346],[129.9968,32.2395],[129.9937,32.2359],[129.9928,32.2397],[129.9898,32.2385],[129.9878,32.2408],[129.999,32.2492],[129.9985,32.2532],[129.9954,32.2532],[129.996,32.2515],[129.9858,32.242],[129.983,32.246],[129.9742,32.2399],[129.9674,32.2427],[129.9791,32.2654],[129.9917,32.2815],[129.9918,32.2841],[130.0019,32.2883],[130.0117,32.2987],[130.0245,32.3011],[130.0239,32.2987],[130.0269,32.2956],[130.0249,32.2882],[130.0274,32.2851],[130.0296,32.2852],[130.0312,32.2802],[130.0298,32.2767],[130.0316,32.2744],[130.0358,32.2773],[130.0356,32.2819],[130.0315,32.2833],[130.0355,32.2844],[130.0335,32.288],[130.0289,32.2869],[130.0307,32.2959],[130.0278,32.2988],[130.0308,32.2987],[130.0335,32.3021],[130.0381,32.2995],[130.0407,32.3025],[130.0442,32.2979],[130.0484,32.3041],[130.0509,32.3027],[130.0448,32.2916],[130.0496,32.2879],[130.0498,32.2819],[130.0531,32.2779],[130.0584,32.2793],[130.0603,32.2775],[130.0619,32.2784],[130.0619,32.2845],[130.0663,32.2876],[130.0638,32.2888],[130.0603,32.2959],[130.0646,32.2952],[130.0699,32.2995],[130.0649,32.3055],[130.0567,32.3033],[130.0542,32.3085],[130.0459,32.3101],[130.0409,32.3143],[130.0389,32.3137],[130.0363,32.3057],[130.0307,32.3029],[130.0267,32.3064],[130.0277,32.3108],[130.0242,32.3159],[130.025,32.3105],[130.0209,32.3092],[130.0179,32.3097],[130.0171,32.3132],[130.0131,32.3135],[130.0095,32.3106],[130.0041,32.3153],[130.0043,32.3091],[130.0006,32.3089],[130.0014,32.3059],[129.9943,32.3065],[129.9929,32.321],[129.9914,32.3228],[129.9874,32.3167],[129.9864,32.3219],[129.9811,32.3243],[129.9805,32.3276],[129.9765,32.3297],[129.9794,32.3383],[129.9745,32.3535],[129.9753,32.3582],[129.9841,32.3729],[129.99,32.3754],[129.992,32.3745],[129.993,32.3826],[129.9876,32.3831],[129.9941,32.3903],[129.9973,32.3989],[130.0023,32.4027],[129.9969,32.4047],[130.004,32.4118],[130.0007,32.4139],[130.0058,32.4278],[130.0172,32.4391],[130.0355,32.4643],[130.0411,32.4818],[130.0374,32.4829],[130.0398,32.4895],[130.0457,32.4886],[130.0423,32.5032],[130.0393,32.5091],[130.036,32.5097],[130.031,32.5209],[130.0269,32.5205],[130.0119,32.5289],[130.0194,32.5348],[130.0273,32.5378],[130.0357,32.5362],[130.0416,32.5284],[130.0405,32.5274],[130.0375,32.5324],[130.0328,32.5309],[130.0331,32.5214],[130.0434,32.5124],[130.0504,32.5154],[130.0632,32.5156],[130.0688,32.5197],[130.0906,32.5285],[130.117,32.5435],[130.1175,32.548],[130.1292,32.5457],[130.1594,32.55],[130.177,32.5497],[130.185,32.5476],[130.1905,32.5379],[130.1979,32.5359],[130.1931,32.5303],[130.1936,32.5209],[130.1909,32.5145],[130.1969,32.5103],[130.1963,32.5032],[130.1921,32.4969],[130.1962,32.4887],[130.2046,32.4803],[130.202,32.4739],[130.2072,32.4728],[130.2014,32.4687],[130.2059,32.4694],[130.2045,32.467],[130.1963,32.463],[130.1989,32.4602],[130.1951,32.4566],[130.1994,32.459],[130.2027,32.4571],[130.1992,32.4587],[130.1969,32.4573],[130.2003,32.4553],[130.1963,32.455],[130.1983,32.4532],[130.2021,32.4533],[130.1995,32.4477],[130.2037,32.4479],[130.2039,32.451],[130.2152,32.4567],[130.2362,32.4619],[130.2385,32.4647],[130.2468,32.4679],[130.2578,32.4787],[130.2661,32.4787],[130.2838,32.4869],[130.2888,32.4839],[130.2876,32.4868],[130.2934,32.4931],[130.2912,32.4931],[130.2925,32.4963],[130.317,32.5174],[130.3328,32.5214],[130.3343,32.5177],[130.3397,32.5142],[130.3398,32.5187],[130.346,32.5231],[130.3599,32.5281],[130.361,32.5227],[130.3631,32.5229],[130.3656,32.5277],[130.367,32.5247],[130.3704,32.5257],[130.3686,32.5164],[130.3724,32.5166],[130.3768,32.5231],[130.3828,32.5241],[130.3767,32.5185],[130.3784,32.5131],[130.3803,32.5099],[130.3845,32.5153],[130.3885,32.514],[130.3898,32.5014],[130.3919,32.4995],[130.3978,32.5032],[130.3991,32.5089],[130.4019,32.5083],[130.4002,32.5105],[130.4042,32.5115],[130.4016,32.5143],[130.4083,32.5157],[130.4104,32.5194],[130.4154,32.5185],[130.4141,32.5211],[130.4161,32.521],[130.4177,32.5242],[130.4277,32.5165],[130.431,32.5189],[130.4322,32.5179],[130.4317,32.5223],[130.4369,32.5269],[130.4415,32.5277],[130.4473,32.5225],[130.4536,32.521],[130.4599,32.5301],[130.449,32.5032],[130.4388,32.4893],[130.4351,32.479],[130.4351,32.4694],[130.4308,32.4645],[130.4278,32.4555],[130.4178,32.4499],[130.4129,32.4423],[130.4173,32.4393],[130.4103,32.4401],[130.4079,32.4353],[130.4084,32.4325],[130.4137,32.4333],[130.4143,32.4303],[130.4219,32.4325],[130.4126,32.4217],[130.4066,32.4227],[130.4043,32.4263],[130.4017,32.4255],[130.41,32.4143],[130.4043,32.4087],[130.3996,32.3989],[130.4029,32.3946],[130.3915,32.3947],[130.3797,32.3825],[130.3764,32.3883],[130.3718,32.3901],[130.3692,32.3881],[130.3647,32.389],[130.3553,32.3768],[130.3514,32.3783],[130.3547,32.3822],[130.3511,32.3819],[130.3525,32.3855],[130.3481,32.3937],[130.3496,32.3983],[130.3456,32.3957],[130.3476,32.4024],[130.3533,32.4048]]],[[[130.3891,32.5429],[130.3876,32.5452],[130.3906,32.5469],[130.3947,32.5449],[130.3891,32.5429]]],[[[130.4175,32.5383],[130.4137,32.5396],[130.4115,32.5432],[130.4046,32.5444],[130.4091,32.5467],[130.4141,32.5463],[130.4221,32.5414],[130.4277,32.5431],[130.4277,32.5412],[130.4175,32.5383]]],[[[130.1932,32.5399],[130.1953,32.5437],[130.1972,32.5437],[130.1968,32.5407],[130.1932,32.5399]]],[[[130.4014,32.5357],[130.3936,32.5395],[130.3973,32.543],[130.4048,32.5432],[130.4058,32.5381],[130.405,32.5399],[130.4014,32.5357]]],[[[130.4376,32.5317],[130.4351,32.5317],[130.4379,32.5381],[130.4394,32.5373],[130.4376,32.5317]]],[[[130.4334,32.5285],[130.4312,32.5289],[130.4299,32.532],[130.4358,32.5292],[130.4334,32.5285]]],[[[130.4261,32.5208],[130.4222,32.5231],[130.4276,32.5289],[130.4307,32.5262],[130.4284,32.5212],[130.4261,32.5208]]],[[[130.4895,32.4837],[130.4968,32.4856],[130.4982,32.4875],[130.4968,32.4893],[130.5,32.4891],[130.5016,32.4855],[130.4895,32.4837]]],[[[130.419,32.3673],[130.4164,32.3676],[130.4159,32.3717],[130.4202,32.3779],[130.4089,32.383],[130.4099,32.3856],[130.4072,32.3915],[130.4134,32.3991],[130.4208,32.3941],[130.4244,32.388],[130.423,32.3825],[130.4266,32.3794],[130.4318,32.382],[130.4358,32.3817],[130.4329,32.3815],[130.4301,32.3747],[130.4276,32.3754],[130.419,32.3673]]],[[[130.3266,32.3858],[130.3256,32.3923],[130.3273,32.3954],[130.3299,32.3949],[130.3266,32.3858]]],[[[130.4063,32.3871],[130.3976,32.3873],[130.3992,32.3937],[130.4021,32.3927],[130.4023,32.3891],[130.4054,32.3893],[130.4063,32.3871]]],[[[130.3189,32.3703],[130.3179,32.3768],[130.3233,32.3817],[130.3265,32.3786],[130.3232,32.3778],[130.3228,32.3705],[130.3189,32.3703]]],[[[130.2299,32.3655],[130.2277,32.3721],[130.2305,32.3751],[130.2289,32.3769],[130.2344,32.3804],[130.2337,32.3662],[130.2299,32.3655]]],[[[130.3047,32.3668],[130.3083,32.3738],[130.3093,32.3711],[130.3047,32.3668]]],[[[130.3474,32.3607],[130.3439,32.3653],[130.341,32.3658],[130.3409,32.3693],[130.3489,32.3731],[130.3474,32.3681],[130.351,32.3687],[130.3543,32.3652],[130.3507,32.361],[130.3474,32.3607]]],[[[130.3091,32.3391],[130.3128,32.3459],[130.3177,32.3487],[130.3199,32.3463],[130.3233,32.3482],[130.3162,32.3523],[130.3136,32.3498],[130.3015,32.3506],[130.2988,32.3574],[130.3027,32.3631],[130.3085,32.3582],[130.311,32.3586],[130.3125,32.3679],[130.3125,32.3648],[130.3203,32.3669],[130.3221,32.3653],[130.3197,32.3633],[130.3232,32.3569],[130.3267,32.3642],[130.3267,32.3575],[130.3298,32.3592],[130.3325,32.3583],[130.3325,32.3549],[130.336,32.3538],[130.3402,32.3557],[130.3368,32.3467],[130.3314,32.3475],[130.3251,32.3456],[130.3238,32.3427],[130.3179,32.3402],[130.3181,32.3433],[130.3154,32.3431],[130.3091,32.3391]]],[[[130.358,32.3511],[130.3567,32.3522],[130.358,32.3561],[130.3603,32.3541],[130.358,32.3511]]],[[[130.3017,32.3039],[130.2998,32.3041],[130.3113,32.3114],[130.3132,32.309],[130.3205,32.3169],[130.3258,32.3175],[130.3266,32.3116],[130.331,32.3142],[130.3334,32.3284],[130.3295,32.3271],[130.3293,32.3324],[130.3328,32.3375],[130.3366,32.3374],[130.3378,32.3415],[130.3459,32.3499],[130.3546,32.3517],[130.3616,32.3458],[130.3701,32.3495],[130.3734,32.3483],[130.3718,32.3418],[130.3441,32.3127],[130.3392,32.3105],[130.3366,32.3113],[130.3284,32.3047],[130.321,32.3074],[130.3063,32.3065],[130.3017,32.3039]]],[[[130.2874,32.3365],[130.284,32.3365],[130.2892,32.3408],[130.2874,32.3365]]],[[[130.2993,32.3225],[130.2938,32.3329],[130.3025,32.3359],[130.2992,32.329],[130.3029,32.3273],[130.2993,32.3225]]],[[[130.1357,32.2621],[130.1309,32.2675],[130.1367,32.2752],[130.1402,32.2773],[130.1461,32.2749],[130.1496,32.2697],[130.1457,32.265],[130.1357,32.2621]]],[[[129.9697,32.2009],[129.9719,32.2073],[129.9749,32.2067],[129.9697,32.2009]]],[[[130.0708,32.194],[130.0691,32.1954],[130.0773,32.2012],[130.0809,32.1983],[130.0781,32.1955],[130.0708,32.194]]],[[[130.3624,32.1944],[130.3602,32.1963],[130.3635,32.1997],[130.368,32.2],[130.3624,32.1944]]],[[[130.0461,32.1567],[130.0313,32.1748],[130.0268,32.1745],[130.0231,32.1699],[130.0202,32.1589],[130.0164,32.1625],[130.0148,32.1718],[130.0205,32.1729],[130.0168,32.1753],[130.0179,32.1801],[130.0232,32.1805],[130.0189,32.186],[130.0209,32.1858],[130.026,32.1908],[130.0263,32.1893],[130.0304,32.1895],[130.0349,32.1833],[130.0382,32.1836],[130.0377,32.1788],[130.0352,32.1814],[130.0317,32.1799],[130.0463,32.1699],[130.0471,32.1663],[130.0451,32.167],[130.0435,32.1627],[130.0461,32.1567]]],[[[129.9726,32.1773],[129.9648,32.1809],[129.9632,32.1866],[129.9692,32.1842],[129.9726,32.1773]]],[[[130.0521,32.162],[130.0511,32.1695],[130.0555,32.1625],[130.0521,32.162]]]]}},{"type":"Feature","properties":{"name":"香川県","id":37},"geometry":{"type":"MultiPolygon","coordinates":[[[[134.332,34.5631],[134.3495,34.5641],[134.35,34.5611],[134.3447,34.5581],[134.3461,34.5561],[134.3514,34.5571],[134.3553,34.5601],[134.3648,34.5611],[134.3625,34.5579],[134.355,34.5575],[134.3443,34.5457],[134.3446,34.5416],[134.3503,34.5386],[134.355,34.5387],[134.3595,34.5301],[134.3553,34.5245],[134.3554,34.5133],[134.3469,34.5014],[134.3511,34.4927],[134.344,34.4909],[134.3425,34.4847],[134.347,34.4797],[134.3519,34.4786],[134.3528,34.4758],[134.3486,34.4621],[134.335,34.4481],[134.3386,34.4402],[134.3378,34.4342],[134.3353,34.4333],[134.3304,34.4389],[134.3294,34.4455],[134.3241,34.4497],[134.3189,34.458],[134.3116,34.4549],[134.301,34.4572],[134.2992,34.4527],[134.2924,34.4475],[134.2882,34.4468],[134.2838,34.442],[134.2777,34.4468],[134.2791,34.4483],[134.2832,34.4459],[134.2861,34.4475],[134.2825,34.4593],[134.2883,34.4621],[134.2934,34.4611],[134.2954,34.4631],[134.3006,34.4597],[134.3064,34.4629],[134.3149,34.459],[134.3166,34.4707],[134.3124,34.473],[134.3128,34.4768],[134.3014,34.4771],[134.2967,34.4798],[134.2829,34.4718],[134.2671,34.4675],[134.2591,34.4549],[134.2616,34.4507],[134.2607,34.4488],[134.2468,34.4311],[134.2468,34.4264],[134.2503,34.425],[134.2412,34.4165],[134.232,34.4145],[134.2243,34.4259],[134.2313,34.4277],[134.2321,34.432],[134.2366,34.4301],[134.2364,34.4375],[134.2236,34.4373],[134.2247,34.4409],[134.232,34.4432],[134.2375,34.4494],[134.2372,34.4546],[134.2413,34.4581],[134.2408,34.4621],[134.2369,34.4633],[134.2359,34.4701],[134.2302,34.4688],[134.229,34.4706],[134.2324,34.4758],[134.2277,34.4805],[134.2219,34.4787],[134.2156,34.4733],[134.2147,34.4775],[134.2084,34.4829],[134.2017,34.4805],[134.1943,34.4843],[134.1886,34.482],[134.1888,34.4783],[134.1843,34.4791],[134.1817,34.4749],[134.175,34.4763],[134.1709,34.4727],[134.168,34.4655],[134.1633,34.4626],[134.1606,34.4635],[134.1517,34.4603],[134.1469,34.4683],[134.1413,34.4698],[134.144,34.4783],[134.1568,34.4929],[134.1661,34.4935],[134.1763,34.4869],[134.1803,34.4873],[134.1652,34.4998],[134.1642,34.5072],[134.156,34.5047],[134.1656,34.5143],[134.1672,34.5241],[134.1715,34.5289],[134.1711,34.5265],[134.1751,34.5205],[134.1823,34.5158],[134.1861,34.5159],[134.192,34.5209],[134.2012,34.5197],[134.2118,34.5229],[134.2216,34.5291],[134.2276,34.5271],[134.2367,34.529],[134.2468,34.5393],[134.2552,34.5429],[134.2576,34.5493],[134.26,34.5485],[134.2618,34.552],[134.2682,34.5533],[134.2702,34.548],[134.2767,34.5484],[134.2831,34.5463],[134.3028,34.5488],[134.3128,34.5585],[134.3286,34.5639],[134.332,34.5631]]],[[[134.1558,34.5175],[134.1604,34.5218],[134.1638,34.5221],[134.1622,34.5177],[134.1558,34.5175]]],[[[134.1461,34.5163],[134.1445,34.5197],[134.1497,34.5209],[134.1524,34.5194],[134.1461,34.5163]]],[[[133.9698,34.5039],[133.9693,34.5103],[133.9722,34.5125],[133.9749,34.5061],[133.9698,34.5039]]],[[[134.0069,34.4982],[134.0166,34.4969],[134.0189,34.5032],[134.0234,34.5069],[134.0205,34.4788],[134.0115,34.487],[134.0069,34.4982]]],[[[133.9746,34.4993],[133.9736,34.5016],[133.9779,34.5039],[133.9787,34.5013],[133.9746,34.4993]]],[[[134.0795,34.4598],[134.0635,34.4708],[134.0546,34.4713],[134.0435,34.476],[134.0428,34.4789],[134.0381,34.4783],[134.0359,34.4826],[134.0399,34.4825],[134.0422,34.4888],[134.0558,34.4875],[134.0687,34.4973],[134.0748,34.4967],[134.0819,34.4999],[134.0863,34.4985],[134.0865,34.4951],[134.0971,34.4894],[134.1023,34.4917],[134.1028,34.4799],[134.0917,34.4718],[134.0849,34.4611],[134.0795,34.4598]]],[[[133.9811,34.4877],[133.9774,34.4916],[133.9784,34.4952],[133.9801,34.4921],[133.9841,34.4937],[133.9811,34.4877]]],[[[133.9888,34.4795],[133.9921,34.4869],[133.9937,34.4843],[133.9888,34.4795]]],[[[134.1171,34.4729],[134.1087,34.4737],[134.1091,34.4784],[134.1274,34.4819],[134.1218,34.4745],[134.1171,34.4729]]],[[[133.9723,34.474],[133.9716,34.4805],[133.9724,34.4785],[133.9755,34.4789],[133.976,34.4767],[133.9723,34.474]]],[[[133.9913,34.4431],[133.9863,34.4466],[133.9806,34.4474],[133.9736,34.4531],[133.9747,34.4558],[133.9697,34.4601],[133.9647,34.4749],[133.9679,34.4785],[133.971,34.4733],[133.9808,34.4769],[133.9822,34.4734],[133.9973,34.4613],[134.0018,34.4513],[134.012,34.4534],[134.0089,34.4489],[134.0011,34.4439],[133.9932,34.4464],[133.9913,34.4431]]],[[[133.9968,34.4706],[133.9914,34.4765],[133.994,34.4783],[133.9993,34.4757],[133.9968,34.4706]]],[[[133.9581,34.4684],[133.9556,34.4684],[133.9502,34.4735],[133.9529,34.4777],[133.9581,34.4684]]],[[[134.1851,34.4677],[134.1851,34.4703],[134.1878,34.4727],[134.1899,34.4709],[134.1851,34.4677]]],[[[134.001,34.4605],[133.9985,34.4682],[134.0006,34.4721],[134.0031,34.4719],[134.0029,34.4699],[134.0084,34.4713],[134.0092,34.4694],[134.001,34.4605]]],[[[133.9586,34.4545],[133.9556,34.4573],[133.9568,34.4611],[133.9599,34.4591],[133.9646,34.4617],[133.9671,34.4551],[133.9586,34.4545]]],[[[134.0066,34.4356],[134.0034,34.4399],[134.0129,34.4423],[134.0139,34.4403],[134.0066,34.4356]]],[[[134.0545,34.4163],[134.0549,34.4276],[134.0599,34.434],[134.0642,34.4313],[134.0639,34.4215],[134.0545,34.4163]]],[[[133.8066,34.4128],[133.8007,34.4172],[133.8,34.4211],[133.7953,34.4253],[133.8049,34.4271],[133.8078,34.4199],[133.8058,34.4173],[133.8066,34.4128]]],[[[134.1224,34.4162],[134.1239,34.4199],[134.1276,34.4199],[134.1267,34.4169],[134.1224,34.4162]]],[[[133.7787,34.4127],[133.7745,34.4139],[133.7805,34.415],[133.783,34.4129],[133.7787,34.4127]]],[[[134.1022,34.4006],[134.0983,34.4013],[134.1052,34.4063],[134.1033,34.4119],[134.1043,34.4143],[134.107,34.4128],[134.1109,34.4054],[134.1087,34.4022],[134.1022,34.4006]]],[[[133.6659,34.3825],[133.664,34.3892],[133.6614,34.3907],[133.6602,34.3993],[133.6508,34.4064],[133.6517,34.4088],[133.657,34.4066],[133.6699,34.4103],[133.6742,34.4099],[133.6749,34.407],[133.6712,34.3985],[133.676,34.4001],[133.6768,34.3956],[133.6758,34.3924],[133.6659,34.3825]]],[[[134.039,34.3793],[134.0354,34.3823],[134.0385,34.3886],[134.0517,34.4089],[134.055,34.4079],[134.0556,34.3995],[134.0534,34.3904],[134.0484,34.3897],[134.039,34.3793]]],[[[133.8107,34.4043],[133.8074,34.4043],[133.8086,34.4084],[133.8126,34.4079],[133.8107,34.4043]]],[[[133.7793,34.4017],[133.7782,34.4025],[133.7828,34.4071],[133.7893,34.4044],[133.7793,34.4017]]],[[[133.7639,34.3691],[133.7549,34.37],[133.7597,34.3785],[133.7532,34.3874],[133.7522,34.3983],[133.7553,34.3974],[133.7572,34.3919],[133.7635,34.3904],[133.7763,34.4008],[133.7886,34.3956],[133.7914,34.3902],[133.7946,34.389],[133.792,34.387],[133.7893,34.3879],[133.7883,34.3839],[133.7731,34.3781],[133.7639,34.3691]]],[[[133.6994,34.3517],[133.6944,34.3563],[133.685,34.3606],[133.6852,34.3647],[133.6873,34.3643],[133.6903,34.3787],[133.6958,34.3781],[133.6987,34.3863],[133.7082,34.3871],[133.708,34.3999],[133.7116,34.4003],[133.7178,34.3968],[133.7173,34.3941],[133.7299,34.3739],[133.73,34.3712],[133.7196,34.3621],[133.7156,34.3643],[133.7099,34.3615],[133.7086,34.3537],[133.6994,34.3517]]],[[[134.1348,34.1513],[134.1379,34.1405],[134.1379,34.1324],[134.1218,34.1187],[134.1185,34.1201],[134.1037,34.1158],[134.0921,34.1147],[134.0801,34.1211],[134.0705,34.1135],[134.0602,34.1114],[134.0551,34.1167],[134.0503,34.1179],[134.043,34.1114],[134.0382,34.1],[134.0293,34.096],[134.0261,34.0921],[134.0267,34.0865],[134.0192,34.0847],[134.0093,34.0865],[134.0017,34.0803],[134.0005,34.0749],[133.9968,34.0738],[133.9908,34.0729],[133.9845,34.0769],[133.9718,34.0731],[133.9679,34.0815],[133.961,34.0815],[133.9573,34.0865],[133.9454,34.0919],[133.943,34.1023],[133.9372,34.1077],[133.9385,34.1153],[133.9214,34.1142],[133.9033,34.1007],[133.8992,34.1019],[133.8922,34.108],[133.8718,34.1009],[133.8658,34.1008],[133.8624,34.1053],[133.8536,34.1037],[133.841,34.0949],[133.8329,34.0975],[133.8218,34.0922],[133.8226,34.0865],[133.8183,34.0787],[133.8195,34.0739],[133.7976,34.0695],[133.7897,34.0764],[133.7907,34.0781],[133.7825,34.08],[133.7774,34.0781],[133.772,34.0725],[133.7683,34.0728],[133.7629,34.0696],[133.7608,34.065],[133.7468,34.0529],[133.7283,34.0442],[133.7231,34.0368],[133.7203,34.022],[133.7073,34.0156],[133.6994,34.0175],[133.6913,34.013],[133.679,34.0124],[133.6776,34.0171],[133.6658,34.0263],[133.6567,34.0297],[133.6393,34.0259],[133.6267,34.0375],[133.6149,34.0327],[133.6108,34.0332],[133.6072,34.0365],[133.6037,34.0359],[133.5979,34.0436],[133.6039,34.0415],[133.6269,34.0529],[133.6336,34.0716],[133.6312,34.0721],[133.6312,34.0802],[133.6353,34.0776],[133.6348,34.0801],[133.6328,34.0801],[133.6329,34.0837],[133.6367,34.0836],[133.6385,34.0922],[133.6359,34.0935],[133.6361,34.1137],[133.6333,34.1136],[133.6327,34.1231],[133.6366,34.1232],[133.638,34.1263],[133.6332,34.1259],[133.6378,34.1272],[133.6393,34.1315],[133.6407,34.153],[133.6436,34.1546],[133.6468,34.1699],[133.6471,34.1768],[133.6445,34.1805],[133.6477,34.1853],[133.6479,34.1935],[133.6433,34.1913],[133.6365,34.2035],[133.6331,34.2037],[133.635,34.2054],[133.6346,34.2085],[133.6258,34.2139],[133.6202,34.2131],[133.6188,34.2195],[133.6099,34.2231],[133.6051,34.2333],[133.5899,34.2383],[133.5808,34.244],[133.5716,34.2438],[133.579,34.2481],[133.5769,34.2522],[133.5732,34.2532],[133.5751,34.2563],[133.5571,34.2613],[133.5591,34.2639],[133.5715,34.2655],[133.5798,34.2609],[133.5895,34.2601],[133.5891,34.2564],[133.6107,34.2507],[133.617,34.2447],[133.6157,34.2402],[133.6218,34.2355],[133.6327,34.2385],[133.6471,34.2329],[133.6541,34.2341],[133.6571,34.2387],[133.6646,34.2403],[133.6716,34.2465],[133.6737,34.2443],[133.6669,34.2342],[133.6706,34.2269],[133.6746,34.2369],[133.6777,34.2363],[133.6751,34.2271],[133.6705,34.2233],[133.6735,34.2218],[133.676,34.2231],[133.681,34.2339],[133.6874,34.2329],[133.6876,34.237],[133.6942,34.2369],[133.6991,34.2345],[133.7209,34.2532],[133.7366,34.2632],[133.7302,34.2715],[133.7315,34.2723],[133.7295,34.2747],[133.7307,34.2786],[133.7353,34.2809],[133.7404,34.2717],[133.7444,34.2727],[133.7429,34.2725],[133.7426,34.2752],[133.7468,34.2768],[133.7398,34.2819],[133.7461,34.2853],[133.7513,34.2786],[133.7569,34.2818],[133.7566,34.2849],[133.7605,34.2868],[133.7638,34.2842],[133.7721,34.2883],[133.7705,34.2882],[133.7615,34.2999],[133.767,34.3033],[133.7777,34.2895],[133.7749,34.2959],[133.7816,34.2993],[133.7814,34.3015],[133.7783,34.3002],[133.7715,34.3055],[133.7813,34.3099],[133.7894,34.2991],[133.7877,34.2975],[133.7883,34.295],[133.7923,34.2942],[133.7911,34.2995],[133.7961,34.3016],[133.7908,34.3064],[133.7908,34.3085],[133.7899,34.307],[133.7884,34.308],[133.792,34.3097],[133.7965,34.3059],[133.82,34.3187],[133.8187,34.3209],[133.8255,34.3235],[133.8256,34.3203],[133.8286,34.3229],[133.8271,34.3261],[133.8223,34.3255],[133.8202,34.3365],[133.8215,34.3445],[133.8186,34.3529],[133.8221,34.3489],[133.8246,34.3499],[133.8241,34.3525],[133.84,34.3608],[133.8404,34.3563],[133.8291,34.3477],[133.8284,34.3425],[133.8457,34.3543],[133.8466,34.3517],[133.8483,34.3591],[133.8516,34.3603],[133.8559,34.3577],[133.8574,34.3541],[133.8565,34.3456],[133.849,34.3401],[133.8381,34.3386],[133.839,34.3348],[133.8311,34.3335],[133.8304,34.3315],[133.8335,34.3319],[133.834,34.3248],[133.8498,34.3301],[133.85,34.3271],[133.8475,34.3248],[133.8544,34.3283],[133.8566,34.3261],[133.8565,34.3306],[133.8583,34.3314],[133.8645,34.3271],[133.8615,34.3319],[133.865,34.3351],[133.8698,34.3337],[133.8678,34.3365],[133.8709,34.3397],[133.8719,34.3379],[133.8724,34.3405],[133.8779,34.3447],[133.885,34.3403],[133.8815,34.3437],[133.8893,34.3525],[133.894,34.3542],[133.8904,34.3589],[133.8924,34.3598],[133.8884,34.374],[133.8889,34.3779],[133.8954,34.3831],[133.9002,34.3781],[133.907,34.3783],[133.9084,34.3815],[133.9156,34.3772],[133.9206,34.3778],[133.927,34.3896],[133.9319,34.3876],[133.9374,34.3819],[133.9372,34.3768],[133.941,34.3747],[133.9449,34.3752],[133.9433,34.3753],[133.947,34.3807],[133.9588,34.3775],[133.9619,34.3705],[133.9606,34.3691],[133.9651,34.3623],[133.9652,34.3646],[133.9759,34.3733],[133.9873,34.3607],[134.0008,34.3511],[134.0006,34.3549],[134.0081,34.3535],[134.0089,34.3572],[134.0154,34.3562],[134.015,34.3549],[134.0091,34.3559],[134.0088,34.3545],[134.0186,34.3529],[134.0189,34.3545],[134.0229,34.355],[134.032,34.353],[134.032,34.3498],[134.0287,34.3498],[134.0287,34.3485],[134.0374,34.3493],[134.0336,34.3503],[134.0334,34.3526],[134.0402,34.3521],[134.0457,34.3552],[134.0454,34.3522],[134.053,34.3517],[134.0528,34.353],[134.0569,34.3513],[134.0559,34.3483],[134.059,34.3513],[134.0595,34.3478],[134.0608,34.353],[134.0624,34.3521],[134.0632,34.3535],[134.0554,34.3546],[134.0545,34.3562],[134.0636,34.3577],[134.0627,34.3624],[134.0697,34.362],[134.0678,34.3475],[134.0652,34.3475],[134.0683,34.3471],[134.0688,34.3513],[134.0742,34.3513],[134.0744,34.3618],[134.0769,34.3616],[134.0768,34.3593],[134.079,34.3593],[134.079,34.3476],[134.0825,34.3491],[134.0816,34.3504],[134.0912,34.3639],[134.0911,34.3848],[134.102,34.3774],[134.1148,34.3591],[134.1222,34.3606],[134.1195,34.3616],[134.1162,34.3711],[134.1163,34.3772],[134.1218,34.3783],[134.1244,34.3873],[134.1257,34.3858],[134.1273,34.3871],[134.1268,34.3913],[134.1235,34.3895],[134.1193,34.3941],[134.1204,34.3982],[134.1258,34.396],[134.1348,34.3997],[134.1568,34.3903],[134.1621,34.3842],[134.1632,34.3752],[134.1571,34.3657],[134.1596,34.3543],[134.1563,34.3451],[134.1534,34.3426],[134.1553,34.3427],[134.1539,34.3409],[134.1585,34.3327],[134.165,34.3259],[134.1718,34.3242],[134.1722,34.3255],[134.1734,34.3242],[134.1795,34.3253],[134.1784,34.3329],[134.19,34.332],[134.1858,34.3339],[134.1845,34.3371],[134.1849,34.3427],[134.1869,34.3447],[134.184,34.3462],[134.1817,34.3526],[134.1893,34.3501],[134.1906,34.3443],[134.1977,34.3457],[134.2027,34.3429],[134.2129,34.3502],[134.2042,34.3651],[134.2062,34.3696],[134.2101,34.3694],[134.2114,34.3655],[134.2141,34.3657],[134.2179,34.3507],[134.2244,34.3467],[134.2246,34.3439],[134.2332,34.3373],[134.2408,34.3414],[134.2491,34.3515],[134.2553,34.3474],[134.2581,34.3365],[134.2658,34.336],[134.2663,34.3339],[134.2615,34.3304],[134.2651,34.3197],[134.2615,34.3191],[134.2586,34.3142],[134.2468,34.3077],[134.2469,34.2969],[134.2485,34.2975],[134.2532,34.2899],[134.262,34.2829],[134.2672,34.2832],[134.2697,34.2897],[134.2741,34.2879],[134.2763,34.2823],[134.2877,34.2755],[134.2928,34.2741],[134.3067,34.2775],[134.3182,34.2716],[134.3379,34.2562],[134.3409,34.2565],[134.3402,34.2552],[134.3432,34.2538],[134.3419,34.2532],[134.3579,34.2532],[134.3636,34.2495],[134.3754,34.2532],[134.3767,34.2569],[134.3749,34.2586],[134.3774,34.2616],[134.3932,34.2512],[134.3978,34.2429],[134.3957,34.2386],[134.398,34.2369],[134.4091,34.2367],[134.4116,34.2331],[134.4041,34.2297],[134.4056,34.2301],[134.4075,34.2246],[134.4367,34.2072],[134.4397,34.2079],[134.4384,34.191],[134.4287,34.1831],[134.4304,34.1788],[134.4334,34.178],[134.4334,34.1699],[134.4276,34.1671],[134.4184,34.1575],[134.4124,34.1568],[134.4096,34.1619],[134.4016,34.1679],[134.3923,34.1636],[134.3844,34.1659],[134.3838,34.1699],[134.3809,34.1721],[134.3752,34.1716],[134.3585,34.1839],[134.3493,34.1853],[134.3426,34.1724],[134.3327,34.1751],[134.3264,34.1736],[134.3139,34.1771],[134.3086,34.1717],[134.2974,34.1685],[134.2911,34.1791],[134.2852,34.1797],[134.2765,34.1765],[134.2715,34.1815],[134.2594,34.1833],[134.2468,34.1787],[134.2286,34.1807],[134.227,34.1786],[134.2207,34.1798],[134.2045,34.1729],[134.1988,34.1751],[134.1956,34.1722],[134.1873,34.1725],[134.1771,34.1759],[134.1745,34.175],[134.1734,34.1767],[134.1631,34.1699],[134.1456,34.1649],[134.14,34.1549],[134.1366,34.1545],[134.1348,34.1513]]],[[[134.1734,34.3906],[134.1727,34.3981],[134.1757,34.3909],[134.1734,34.3906]]],[[[133.9245,34.3923],[133.9211,34.3928],[133.922,34.3965],[133.9245,34.3923]]],[[[133.8217,34.383],[133.8165,34.3838],[133.8134,34.3864],[133.8133,34.3932],[133.8201,34.3951],[133.8231,34.3912],[133.8217,34.383]]],[[[133.8317,34.3873],[133.8283,34.3897],[133.8279,34.3947],[133.8311,34.3931],[133.8317,34.3873]]],[[[133.6522,34.3737],[133.6487,34.3738],[133.6465,34.3771],[133.6424,34.3768],[133.6438,34.3797],[133.6486,34.3831],[133.6522,34.3737]]],[[[133.7739,34.3568],[133.7751,34.3629],[133.7784,34.3655],[133.7851,34.3632],[133.7865,34.3585],[133.7739,34.3568]]],[[[133.6218,34.331],[133.6169,34.3502],[133.6187,34.3545],[133.6218,34.3529],[133.6312,34.339],[133.627,34.3316],[133.6218,34.331]]],[[[133.6442,34.3338],[133.6392,34.3343],[133.6386,34.3369],[133.645,34.3365],[133.6442,34.3338]]],[[[133.6766,34.3056],[133.6696,34.3084],[133.6615,34.3235],[133.6634,34.3256],[133.6792,34.3173],[133.6821,34.3107],[133.6796,34.3067],[133.6766,34.3056]]],[[[133.6218,34.2559],[133.6176,34.2589],[133.6176,34.2649],[133.625,34.27],[133.6274,34.2771],[133.6213,34.2803],[133.623,34.2864],[133.6287,34.2861],[133.631,34.2831],[133.6285,34.2793],[133.6317,34.2743],[133.6387,34.2722],[133.6442,34.2761],[133.6465,34.2805],[133.655,34.2809],[133.6528,34.2759],[133.6544,34.2705],[133.6507,34.2683],[133.6411,34.2718],[133.6328,34.2687],[133.6218,34.2559]]],[[[133.6805,34.2674],[133.6694,34.2701],[133.6723,34.2736],[133.6777,34.2735],[133.683,34.2711],[133.6805,34.2674]]],[[[133.6295,34.196],[133.6262,34.1989],[133.6242,34.1977],[133.6218,34.202],[133.6273,34.203],[133.6295,34.196]]],[[[133.5314,34.1246],[133.5257,34.1331],[133.526,34.1365],[133.5302,34.1363],[133.5346,34.1313],[133.5393,34.1329],[133.5415,34.1307],[133.5392,34.1267],[133.5314,34.1246]]]]}},{"type":"Feature","properties":{"name":"愛知県","id":23},"geometry":{"type":"MultiPolygon","coordinates":[[[[136.9609,35.4145],[136.963,35.4199],[136.993,35.4243],[136.9861,35.4199],[136.9857,35.4149],[136.978,35.4041],[136.9814,35.4015],[136.9887,35.401],[136.9913,35.3933],[136.9987,35.3905],[137.0002,35.3844],[137.0036,35.3811],[137.015,35.3813],[137.0177,35.3766],[137.0281,35.3756],[137.0299,35.3707],[137.0474,35.365],[137.049,35.358],[137.0459,35.3512],[137.0472,35.3365],[137.05,35.3347],[137.0603,35.3389],[137.0681,35.3351],[137.0722,35.3257],[137.063,35.3185],[137.0676,35.3085],[137.0799,35.3065],[137.0817,35.2921],[137.0925,35.2924],[137.096,35.2907],[137.1022,35.3016],[137.1315,35.2935],[137.1453,35.2799],[137.1504,35.2811],[137.154,35.2798],[137.1652,35.2825],[137.1761,35.2703],[137.1763,35.2677],[137.1731,35.2647],[137.1858,35.2532],[137.2007,35.2519],[137.2037,35.2552],[137.2071,35.2532],[137.2096,35.2583],[137.2134,35.2599],[137.2211,35.2595],[137.2224,35.2557],[137.2371,35.2653],[137.2421,35.2647],[137.2446,35.2689],[137.2468,35.2683],[137.2573,35.2727],[137.2607,35.2753],[137.2602,35.2801],[137.2626,35.2851],[137.274,35.2879],[137.2756,35.2905],[137.283,35.2882],[137.3078,35.2911],[137.3313,35.2775],[137.3452,35.2726],[137.3454,35.2694],[137.3401,35.264],[137.3424,35.2611],[137.345,35.2614],[137.3443,35.2578],[137.3691,35.2609],[137.3718,35.2631],[137.3784,35.2586],[137.3832,35.2601],[137.3859,35.2532],[137.3829,35.2467],[137.3892,35.24],[137.4007,35.2416],[137.4089,35.2349],[137.417,35.2402],[137.4297,35.2228],[137.4365,35.2258],[137.4422,35.2337],[137.4503,35.2351],[137.4542,35.2405],[137.4601,35.24],[137.4666,35.2465],[137.4699,35.2459],[137.476,35.2532],[137.4835,35.2569],[137.4968,35.2592],[137.4968,35.2642],[137.5054,35.2634],[137.5072,35.2665],[137.5135,35.2703],[137.5145,35.2735],[137.5207,35.2739],[137.5196,35.2831],[137.526,35.2843],[137.534,35.2815],[137.5448,35.2812],[137.5533,35.2839],[137.5615,35.2839],[137.5618,35.2893],[137.5673,35.2896],[137.5702,35.2821],[137.5556,35.2736],[137.557,35.2642],[137.5475,35.2587],[137.5459,35.2532],[137.5528,35.2401],[137.5647,35.2331],[137.5768,35.2203],[137.5785,35.1984],[137.595,35.2009],[137.6052,35.2068],[137.6198,35.2107],[137.6337,35.2119],[137.644,35.209],[137.6449,35.214],[137.6534,35.2175],[137.6535,35.2241],[137.656,35.2281],[137.6686,35.2276],[137.6822,35.2347],[137.687,35.2307],[137.694,35.2336],[137.6999,35.2317],[137.7056,35.2336],[137.7123,35.2289],[137.7217,35.2307],[137.7217,35.2226],[137.7362,35.222],[137.7453,35.2193],[137.7597,35.2215],[137.7678,35.218],[137.7682,35.2126],[137.7662,35.2096],[137.7698,35.206],[137.777,35.2034],[137.7848,35.2057],[137.796,35.2048],[137.8229,35.2158],[137.838,35.2125],[137.8278,35.2114],[137.8307,35.2049],[137.822,35.2039],[137.8143,35.1865],[137.8074,35.1877],[137.803,35.1832],[137.8084,35.1763],[137.8182,35.1745],[137.8232,35.1699],[137.8257,35.1661],[137.8211,35.1583],[137.8285,35.1537],[137.8265,35.1505],[137.8213,35.1481],[137.8145,35.1525],[137.8121,35.144],[137.8144,35.1402],[137.8041,35.1306],[137.7995,35.1319],[137.7965,35.1365],[137.7925,35.1344],[137.7931,35.1277],[137.7987,35.1254],[137.8002,35.1053],[137.7946,35.1022],[137.7919,35.0953],[137.7782,35.0995],[137.7735,35.0896],[137.7746,35.0771],[137.7468,35.0604],[137.7365,35.0525],[137.7279,35.0399],[137.7172,35.035],[137.7145,35.0255],[137.7047,35.0147],[137.7009,35.0032],[137.7034,34.9971],[137.7073,34.9952],[137.7003,34.9837],[137.7071,34.9723],[137.7041,34.9699],[137.6961,34.9714],[137.6883,34.9563],[137.6828,34.9549],[137.6752,34.9454],[137.669,34.9482],[137.6614,34.9457],[137.6508,34.9318],[137.6521,34.9249],[137.6466,34.9162],[137.6465,34.9096],[137.6426,34.9079],[137.6398,34.8921],[137.634,34.8865],[137.6144,34.875],[137.5971,34.8722],[137.5933,34.8571],[137.5868,34.8499],[137.551,34.8517],[137.5434,34.8433],[137.5383,34.8418],[137.533,34.8441],[137.519,34.8365],[137.502,34.8328],[137.4987,34.8267],[137.501,34.8224],[137.4868,34.8114],[137.4922,34.8043],[137.4934,34.7995],[137.4928,34.7867],[137.481,34.781],[137.4768,34.7735],[137.4787,34.7707],[137.4768,34.7563],[137.4748,34.7532],[137.4756,34.7471],[137.4799,34.7403],[137.4784,34.7345],[137.4828,34.7195],[137.4881,34.7152],[137.491,34.7001],[137.4875,34.6869],[137.4844,34.6829],[137.4839,34.6738],[137.4373,34.6671],[137.3411,34.6476],[137.2517,34.6237],[137.2214,34.6134],[137.2189,34.6144],[137.1882,34.6061],[137.1443,34.5904],[137.1211,34.5873],[137.1078,34.5879],[137.0953,34.5911],[137.0373,34.5783],[137.0337,34.5784],[137.0314,34.5807],[137.0175,34.5783],[137.0154,34.5795],[137.018,34.5843],[137.0206,34.5838],[137.0238,34.5865],[137.057,34.6491],[137.0653,34.658],[137.074,34.6623],[137.0796,34.6622],[137.0894,34.6568],[137.0902,34.654],[137.0882,34.6497],[137.0843,34.6466],[137.0991,34.6459],[137.1063,34.6425],[137.1019,34.6395],[137.1023,34.6327],[137.1069,34.6365],[137.1185,34.6348],[137.134,34.6399],[137.14,34.6452],[137.1376,34.6499],[137.128,34.6538],[137.1309,34.6559],[137.1443,34.6536],[137.156,34.6559],[137.1569,34.6545],[137.1717,34.6577],[137.1881,34.6713],[137.1934,34.6679],[137.199,34.6699],[137.2054,34.6772],[137.2111,34.6786],[137.224,34.6759],[137.2318,34.6822],[137.2305,34.6832],[137.234,34.6881],[137.2437,34.6889],[137.2379,34.693],[137.2421,34.6953],[137.2443,34.6924],[137.2483,34.6947],[137.2425,34.7044],[137.2456,34.7061],[137.2521,34.705],[137.2563,34.6985],[137.2608,34.6958],[137.2668,34.7085],[137.2616,34.7158],[137.2847,34.7309],[137.3008,34.7278],[137.3008,34.6937],[137.2904,34.6937],[137.2846,34.6789],[137.2932,34.6813],[137.2941,34.6837],[137.3054,34.6808],[137.3069,34.6784],[137.3156,34.6883],[137.3084,34.6919],[137.3114,34.6962],[137.3212,34.6942],[137.325,34.7022],[137.316,34.7021],[137.3159,34.6997],[137.3096,34.7006],[137.3082,34.7248],[137.3301,34.7245],[137.3295,34.7211],[137.3327,34.7189],[137.3328,34.7211],[137.342,34.7201],[137.3515,34.7274],[137.3472,34.7319],[137.3386,34.7283],[137.3203,34.7326],[137.3209,34.7709],[137.3246,34.7709],[137.3305,34.7806],[137.3242,34.7901],[137.3112,34.8037],[137.2979,34.8105],[137.2949,34.811],[137.2928,34.8045],[137.2803,34.805],[137.2809,34.81],[137.2785,34.8102],[137.2756,34.8098],[137.2708,34.8046],[137.2509,34.8055],[137.2468,34.8137],[137.2308,34.8157],[137.2316,34.8181],[137.2256,34.8177],[137.2161,34.8229],[137.2226,34.8167],[137.2208,34.8151],[137.2163,34.8173],[137.2145,34.816],[137.2189,34.8125],[137.2098,34.8028],[137.1988,34.8107],[137.1944,34.8093],[137.1868,34.7921],[137.1897,34.7933],[137.1901,34.7907],[137.1871,34.7895],[137.1896,34.7762],[137.1792,34.7671],[137.1705,34.7652],[137.1679,34.7677],[137.1702,34.7703],[137.1729,34.7703],[137.1772,34.7806],[137.1751,34.7808],[137.1755,34.7839],[137.1682,34.7876],[137.1681,34.7855],[137.1612,34.7861],[137.1622,34.7851],[137.1548,34.7823],[137.1506,34.7823],[137.1463,34.7875],[137.1357,34.7889],[137.1328,34.7823],[137.1251,34.7828],[137.1218,34.7867],[137.116,34.7895],[137.1173,34.79],[137.1055,34.7911],[137.1071,34.7878],[137.1034,34.7869],[137.1036,34.7855],[137.0873,34.7755],[137.0837,34.7819],[137.0761,34.7865],[137.0691,34.7866],[137.0424,34.7759],[137.0273,34.7773],[137.0146,34.7875],[137.019,34.7897],[137.0161,34.7897],[137.0145,34.7943],[137.0012,34.8031],[136.9978,34.8131],[137.0004,34.8131],[136.9968,34.8161],[136.9906,34.8159],[136.9642,34.8226],[136.9601,34.8285],[136.9509,34.8234],[136.9485,34.8264],[136.9535,34.8296],[136.9544,34.8262],[136.9599,34.8287],[136.9535,34.8429],[136.9525,34.8489],[136.955,34.843],[136.9538,34.8483],[136.955,34.8548],[136.9653,34.8669],[136.9682,34.8717],[136.9666,34.8723],[136.9678,34.8749],[136.9747,34.8728],[136.976,34.8751],[136.9706,34.8771],[136.9765,34.8933],[136.9836,34.8933],[136.9828,34.897],[136.9797,34.897],[136.9796,34.8946],[136.9773,34.8946],[136.9771,34.8969],[136.9783,34.9248],[136.9801,34.9247],[136.982,34.9294],[136.9792,34.9335],[136.9849,34.9493],[136.9854,34.9564],[136.9837,34.956],[136.9826,34.9592],[136.9808,34.9593],[136.9779,34.9444],[136.975,34.9446],[136.9733,34.9177],[136.9689,34.9143],[136.9726,34.9118],[136.9718,34.9085],[136.957,34.8811],[136.9639,34.8765],[136.9625,34.8741],[136.9596,34.8753],[136.9585,34.871],[136.9565,34.8719],[136.9575,34.8761],[136.9439,34.8807],[136.9397,34.8771],[136.9363,34.8781],[136.9341,34.8746],[136.9364,34.8737],[136.9406,34.8762],[136.9458,34.8741],[136.9456,34.8693],[136.9395,34.8613],[136.9279,34.8655],[136.9278,34.8585],[136.9354,34.8573],[136.9367,34.8543],[136.9349,34.8537],[136.9349,34.8485],[136.9295,34.8485],[136.9293,34.8523],[136.9268,34.8522],[136.9283,34.846],[136.93,34.8461],[136.9295,34.8297],[136.9234,34.8295],[136.9233,34.8319],[136.9216,34.8283],[136.9267,34.8275],[136.925,34.8141],[136.9199,34.8132],[136.9215,34.8057],[136.9192,34.7987],[136.9208,34.796],[136.9143,34.7709],[136.9189,34.7661],[136.9268,34.7641],[136.9271,34.7577],[136.9356,34.7532],[136.936,34.7511],[136.9425,34.7472],[136.9479,34.7408],[136.9631,34.7347],[136.9693,34.7255],[136.9681,34.7236],[136.9634,34.7228],[136.9633,34.7177],[136.9676,34.7189],[136.9719,34.7173],[136.9675,34.7095],[136.9696,34.7101],[136.9729,34.7048],[136.976,34.7059],[136.9761,34.7017],[136.9739,34.7027],[136.9735,34.6993],[136.9701,34.6989],[136.9723,34.6977],[136.972,34.6956],[136.9654,34.7009],[136.9447,34.7006],[136.9396,34.7028],[136.9412,34.7047],[136.9376,34.7052],[136.9358,34.7078],[136.9323,34.7051],[136.9341,34.7047],[136.9338,34.7025],[136.9297,34.7029],[136.9302,34.7044],[136.9278,34.7059],[136.9224,34.7067],[136.9,34.7187],[136.8853,34.723],[136.8624,34.7383],[136.8514,34.7485],[136.8398,34.7639],[136.8423,34.7651],[136.8582,34.8026],[136.8663,34.8365],[136.8633,34.8465],[136.8581,34.8529],[136.8571,34.8624],[136.8501,34.869],[136.837,34.8759],[136.8408,34.8787],[136.839,34.8785],[136.84,34.88],[136.8377,34.8843],[136.8324,34.8744],[136.8293,34.8763],[136.8268,34.8751],[136.8211,34.8837],[136.8212,34.8884],[136.8265,34.8932],[136.8225,34.9026],[136.8243,34.905],[136.8224,34.9051],[136.8231,34.9329],[136.8283,34.9611],[136.8202,34.9662],[136.8308,34.9787],[136.8359,34.9763],[136.8383,34.98],[136.8336,34.9822],[136.8411,34.9903],[136.846,34.999],[136.8512,34.9983],[136.8542,35.0032],[136.8443,35.0045],[136.8456,35.0079],[136.8489,35.0104],[136.8644,35.009],[136.866,35.0053],[136.8696,35.0083],[136.8705,35.0123],[136.8518,35.0162],[136.8689,35.0417],[136.8703,35.0498],[136.8655,35.05],[136.8697,35.0624],[136.8676,35.0632],[136.8735,35.0719],[136.8848,35.0705],[136.885,35.0745],[136.8868,35.0745],[136.8866,35.0704],[136.8894,35.0703],[136.8898,35.0765],[136.8959,35.0773],[136.8901,35.0777],[136.8901,35.0824],[136.8916,35.0841],[136.8963,35.0841],[136.8899,35.0865],[136.8919,35.0917],[136.8882,35.094],[136.8847,35.0887],[136.8803,35.0892],[136.8807,35.0914],[136.8791,35.0916],[136.8787,35.0894],[136.8752,35.0903],[136.8731,35.0883],[136.8672,35.093],[136.8683,35.0829],[136.8655,35.0755],[136.8639,35.0787],[136.861,35.0753],[136.8623,35.0699],[136.8566,35.0724],[136.8554,35.0755],[136.854,35.0701],[136.8594,35.0685],[136.8579,35.0591],[136.8547,35.0585],[136.8519,35.044],[136.8475,35.0467],[136.8459,35.0455],[136.8494,35.0402],[136.8454,35.0427],[136.8438,35.0415],[136.8476,35.0363],[136.8458,35.034],[136.8379,35.0513],[136.8403,35.0558],[136.8473,35.0559],[136.8471,35.0586],[136.8436,35.0593],[136.8494,35.0779],[136.8471,35.0833],[136.8281,35.0827],[136.8221,35.0783],[136.8233,35.0727],[136.8207,35.0721],[136.8183,35.0633],[136.8233,35.0633],[136.8233,35.0683],[136.8317,35.0647],[136.8334,35.0616],[136.8299,35.0521],[136.8384,35.0309],[136.8121,35.0256],[136.8106,35.0267],[136.8098,35.0493],[136.8157,35.0493],[136.8168,35.0515],[136.7967,35.0515],[136.7968,35.0385],[136.8003,35.0385],[136.8003,35.0297],[136.7858,35.0356],[136.7804,35.0335],[136.7961,35.0224],[136.7938,35.0149],[136.7857,35.0195],[136.7813,35.0181],[136.7778,35.0219],[136.7704,35.0214],[136.7725,35.0243],[136.7631,35.0349],[136.7531,35.0531],[136.7509,35.0772],[136.7468,35.0824],[136.7335,35.0946],[136.7141,35.1049],[136.696,35.1236],[136.6775,35.1286],[136.6725,35.1347],[136.6711,35.1438],[136.6741,35.1568],[136.6718,35.1699],[136.6719,35.1878],[136.6831,35.2003],[136.6777,35.241],[136.6834,35.2485],[136.6904,35.2532],[136.7044,35.2755],[136.7252,35.2955],[136.7498,35.3365],[136.7593,35.3581],[136.7703,35.3687],[136.7941,35.3675],[136.7933,35.3633],[136.8338,35.3559],[136.8644,35.3723],[136.8905,35.3781],[136.9211,35.3791],[136.9342,35.3878],[136.9611,35.3993],[136.9622,35.4101],[136.9609,35.4145]]],[[[136.8119,34.9961],[136.8004,35.0036],[136.8088,35.0126],[136.8217,35.0176],[136.8217,35.008],[136.8119,34.9961]]],[[[136.8203,34.9498],[136.8109,34.9549],[136.8187,34.9645],[136.8226,34.9622],[136.8217,34.9612],[136.8257,34.9605],[136.8203,34.9498]]],[[[136.8086,34.8393],[136.8068,34.8408],[136.7986,34.8743],[136.8001,34.8772],[136.8052,34.8778],[136.8129,34.8739],[136.8223,34.8624],[136.8193,34.8612],[136.8183,34.8583],[136.82,34.851],[136.8241,34.8512],[136.8243,34.8487],[136.8125,34.8468],[136.814,34.8401],[136.8086,34.8393]]],[[[137.3055,34.804],[137.3002,34.8052],[137.3002,34.8086],[137.3055,34.8064],[137.3055,34.804]]],[[[137.3063,34.7847],[137.3033,34.7929],[137.3154,34.7963],[137.3244,34.7869],[137.3205,34.7815],[137.3084,34.7791],[137.3063,34.7847]]],[[[137.23,34.7865],[137.2288,34.7883],[137.2335,34.7899],[137.2355,34.7884],[137.23,34.7865]]],[[[137.0977,34.7647],[137.1005,34.7691],[137.1031,34.767],[137.0977,34.7647]]],[[[137.3187,34.7329],[137.3079,34.7348],[137.308,34.7404],[137.3119,34.7404],[137.3143,34.7484],[137.3191,34.7483],[137.3187,34.7329]]],[[[137.0492,34.7155],[137.0481,34.7165],[137.0499,34.7192],[137.0465,34.7204],[137.0441,34.7264],[137.0391,34.7249],[137.0374,34.7208],[137.0311,34.7231],[137.0333,34.7255],[137.0302,34.7275],[137.035,34.7285],[137.0385,34.7333],[137.0545,34.7265],[137.0498,34.7241],[137.0556,34.7225],[137.0525,34.7167],[137.0492,34.7155]]],[[[137.342,34.7205],[137.3383,34.7212],[137.3383,34.7247],[137.3429,34.7272],[137.3486,34.7266],[137.342,34.7205]]],[[[137.2498,34.7107],[137.2464,34.7129],[137.2511,34.7137],[137.2523,34.7116],[137.2498,34.7107]]],[[[136.9991,34.7005],[136.9962,34.7053],[136.9991,34.7071],[136.9999,34.7059],[136.998,34.7047],[137.0017,34.7075],[137.0052,34.7074],[137.0056,34.7091],[137.0122,34.7073],[137.0107,34.7045],[136.9991,34.7005]]],[[[137.0057,34.6669],[136.9985,34.6704],[137.0006,34.6769],[137.0062,34.6783],[137.0057,34.6828],[137.0076,34.6851],[137.0095,34.6842],[137.0101,34.6781],[137.0054,34.6755],[137.0057,34.6669]]]]}},{"type":"Feature","properties":{"name":"栃木県","id":9},"geometry":{"type":"MultiPolygon","coordinates":[[[[139.9614,37.1535],[139.9637,37.1486],[139.9703,37.1487],[139.9921,37.1433],[140.0192,37.1403],[140.0228,37.1432],[140.0308,37.1392],[140.0354,37.1397],[140.047,37.1355],[140.0599,37.1256],[140.0638,37.1273],[140.0896,37.1217],[140.0957,37.1241],[140.1007,37.1227],[140.1302,37.1039],[140.1358,37.1043],[140.1378,37.1064],[140.1509,37.0945],[140.1498,37.0926],[140.1571,37.0904],[140.1533,37.0865],[140.1603,37.0802],[140.1736,37.0711],[140.1859,37.0687],[140.1941,37.0641],[140.1935,37.0584],[140.1908,37.0569],[140.2002,37.047],[140.1965,37.0354],[140.2006,37.0275],[140.2046,37.024],[140.2202,37.0188],[140.2246,37.0239],[140.2492,37.0261],[140.2517,37.0091],[140.2451,37.0098],[140.2453,37.0038],[140.2408,37.0005],[140.2453,36.9907],[140.2504,36.9886],[140.25,36.9829],[140.2439,36.9771],[140.2459,36.9712],[140.2523,36.9658],[140.2525,36.9628],[140.2468,36.9585],[140.2408,36.9499],[140.2432,36.9435],[140.2618,36.9377],[140.2643,36.9334],[140.2594,36.9331],[140.2524,36.9277],[140.2489,36.9199],[140.2559,36.8721],[140.2525,36.8505],[140.257,36.8469],[140.2556,36.8407],[140.2628,36.8365],[140.267,36.8236],[140.2661,36.8129],[140.2641,36.8094],[140.2666,36.7963],[140.2652,36.7887],[140.2539,36.7837],[140.2567,36.7763],[140.2546,36.7739],[140.2609,36.7673],[140.2555,36.7645],[140.2568,36.7572],[140.2639,36.748],[140.2837,36.7333],[140.2885,36.7174],[140.2926,36.7127],[140.2848,36.7118],[140.2799,36.7074],[140.2743,36.7079],[140.2674,36.7026],[140.2468,36.7023],[140.243,36.6981],[140.2321,36.7001],[140.2206,36.6859],[140.2245,36.6803],[140.2236,36.6769],[140.2217,36.6773],[140.2216,36.6743],[140.2316,36.6699],[140.2319,36.6633],[140.2295,36.6622],[140.2384,36.6541],[140.241,36.6489],[140.2399,36.6444],[140.2425,36.6364],[140.2339,36.6341],[140.2347,36.6239],[140.2399,36.6244],[140.2468,36.6133],[140.248,36.5973],[140.243,36.5739],[140.2468,36.5647],[140.2439,36.5629],[140.2516,36.5545],[140.2479,36.5461],[140.2488,36.5329],[140.2547,36.5225],[140.2603,36.5176],[140.2477,36.5139],[140.2484,36.5077],[140.2424,36.5073],[140.2415,36.5032],[140.2358,36.5048],[140.2357,36.5032],[140.2309,36.5029],[140.2303,36.4934],[140.2276,36.4874],[140.2135,36.473],[140.213,36.4684],[140.2094,36.4651],[140.2073,36.4579],[140.2028,36.4543],[140.2055,36.4471],[140.2021,36.4328],[140.2024,36.4199],[140.1916,36.4043],[140.1853,36.3983],[140.1561,36.3984],[140.1443,36.4141],[140.1406,36.4121],[140.1304,36.4147],[140.1156,36.4113],[140.1101,36.4075],[140.1111,36.3989],[140.101,36.3942],[140.101,36.3966],[140.0928,36.4013],[140.0886,36.3983],[140.079,36.4036],[140.0665,36.4038],[140.0663,36.3943],[140.0692,36.3889],[140.0611,36.3809],[140.0449,36.3751],[140.0313,36.3779],[140.0144,36.3749],[140.0157,36.3772],[140.0144,36.3773],[140.0107,36.3733],[140.0005,36.3766],[140.0035,36.3702],[140.0021,36.3681],[139.992,36.3696],[139.9885,36.3675],[139.9791,36.3703],[139.9733,36.3785],[139.9653,36.3641],[139.9645,36.3509],[139.9451,36.3484],[139.934,36.3436],[139.922,36.3413],[139.9142,36.3365],[139.9112,36.3099],[139.9151,36.3095],[139.9096,36.3006],[139.904,36.2983],[139.8994,36.3012],[139.8954,36.3008],[139.8954,36.3044],[139.8989,36.3066],[139.8964,36.3098],[139.8842,36.3116],[139.8802,36.3098],[139.8788,36.3146],[139.8826,36.3214],[139.8782,36.323],[139.8747,36.3231],[139.8718,36.315],[139.8673,36.3139],[139.8644,36.3152],[139.8576,36.3105],[139.8487,36.3113],[139.8354,36.2935],[139.8413,36.2754],[139.8343,36.2688],[139.8217,36.2398],[139.7574,36.2175],[139.7274,36.2016],[139.7272,36.206],[139.7202,36.2085],[139.7192,36.2115],[139.7071,36.2107],[139.7064,36.2019],[139.7001,36.2035],[139.6974,36.2063],[139.6914,36.2061],[139.6879,36.1998],[139.6861,36.2037],[139.6828,36.2015],[139.6777,36.2014],[139.6743,36.2091],[139.6648,36.2072],[139.6641,36.2084],[139.6693,36.2125],[139.6655,36.2231],[139.6596,36.2209],[139.661,36.2237],[139.6596,36.2281],[139.6629,36.23],[139.6551,36.2313],[139.6513,36.2386],[139.646,36.2404],[139.6425,36.2357],[139.6422,36.2399],[139.6339,36.2532],[139.6309,36.2545],[139.6428,36.2667],[139.6377,36.2642],[139.6341,36.2701],[139.6218,36.2737],[139.617,36.2741],[139.6101,36.2685],[139.5867,36.269],[139.563,36.267],[139.5543,36.2733],[139.5559,36.2767],[139.5536,36.2794],[139.551,36.2785],[139.5494,36.2802],[139.5447,36.2764],[139.5404,36.2768],[139.5403,36.2795],[139.5365,36.2818],[139.5353,36.2791],[139.5266,36.2846],[139.5212,36.2814],[139.5167,36.2814],[139.5132,36.2784],[139.5041,36.2811],[139.5002,36.2761],[139.4937,36.274],[139.4875,36.2758],[139.4826,36.2721],[139.4776,36.2723],[139.4727,36.2761],[139.4724,36.2711],[139.4644,36.2715],[139.4591,36.2759],[139.4624,36.2791],[139.4674,36.279],[139.4588,36.2886],[139.4437,36.2883],[139.4436,36.2939],[139.4379,36.2971],[139.4358,36.2921],[139.4317,36.2951],[139.4315,36.3011],[139.427,36.3037],[139.4291,36.3058],[139.4242,36.3079],[139.4157,36.316],[139.4175,36.3171],[139.4156,36.3181],[139.4182,36.3216],[139.4147,36.3249],[139.4184,36.3264],[139.4215,36.3227],[139.423,36.325],[139.4246,36.3239],[139.4267,36.3257],[139.418,36.3365],[139.3936,36.3477],[139.3889,36.3542],[139.3695,36.3667],[139.3667,36.3781],[139.3611,36.3838],[139.3686,36.3949],[139.3741,36.3993],[139.3805,36.416],[139.3918,36.4248],[139.3946,36.4338],[139.4014,36.4367],[139.4066,36.4458],[139.4109,36.4493],[139.4118,36.4537],[139.4097,36.4585],[139.4145,36.4618],[139.4202,36.4573],[139.4246,36.4591],[139.431,36.4576],[139.4298,36.461],[139.4351,36.4642],[139.4381,36.475],[139.4319,36.4713],[139.43,36.4807],[139.4269,36.4839],[139.428,36.4901],[139.4223,36.4905],[139.4224,36.493],[139.419,36.4949],[139.4192,36.5009],[139.4236,36.5059],[139.4219,36.5087],[139.4278,36.5108],[139.4429,36.5318],[139.4348,36.5329],[139.4367,36.5342],[139.4383,36.5482],[139.4419,36.5523],[139.451,36.5499],[139.4598,36.5531],[139.4657,36.5626],[139.474,36.5667],[139.474,36.5725],[139.4827,36.5783],[139.4834,36.5824],[139.4764,36.5874],[139.4711,36.602],[139.4653,36.6065],[139.4535,36.6037],[139.4469,36.6072],[139.4376,36.6027],[139.428,36.6011],[139.413,36.6079],[139.404,36.6089],[139.4067,36.6055],[139.3979,36.6023],[139.3886,36.6106],[139.355,36.6145],[139.3488,36.6186],[139.3458,36.6251],[139.3309,36.6272],[139.3279,36.6336],[139.3297,36.6407],[139.3273,36.6563],[139.3353,36.6699],[139.3349,36.6741],[139.3389,36.6783],[139.337,36.6921],[139.3542,36.7057],[139.3605,36.7137],[139.3599,36.7169],[139.3632,36.7185],[139.3669,36.7257],[139.3654,36.7279],[139.3682,36.74],[139.3718,36.7457],[139.358,36.7499],[139.3548,36.7532],[139.3551,36.7599],[139.3509,36.7635],[139.3536,36.7678],[139.3531,36.7737],[139.3581,36.7745],[139.3674,36.7837],[139.3743,36.7844],[139.3781,36.7941],[139.376,36.7973],[139.378,36.8037],[139.3865,36.8052],[139.3935,36.8097],[139.3916,36.8121],[139.3935,36.8171],[139.4049,36.8254],[139.4064,36.8296],[139.3987,36.8343],[139.3928,36.8346],[139.3921,36.8329],[139.3664,36.8414],[139.3639,36.8471],[139.3565,36.8481],[139.3487,36.8527],[139.3539,36.8569],[139.3575,36.8686],[139.3564,36.8781],[139.361,36.8743],[139.3616,36.8767],[139.369,36.8779],[139.3718,36.8829],[139.3707,36.8878],[139.3762,36.8958],[139.3953,36.9053],[139.3934,36.9109],[139.3989,36.9199],[139.4098,36.9272],[139.4285,36.925],[139.4358,36.9425],[139.4428,36.9477],[139.4527,36.9508],[139.4573,36.9561],[139.4599,36.9697],[139.4848,36.9751],[139.4947,36.9682],[139.5058,36.9712],[139.5256,36.9814],[139.5356,36.9811],[139.5487,36.9936],[139.5546,36.9927],[139.5583,36.9971],[139.5648,36.9971],[139.5774,37.0032],[139.5831,37.0154],[139.5972,37.0121],[139.6035,37.0157],[139.6113,37.0138],[139.6192,37.0173],[139.625,37.0273],[139.6237,37.0299],[139.6268,37.0336],[139.6387,37.0322],[139.6438,37.0361],[139.6523,37.0379],[139.6568,37.0417],[139.6651,37.0406],[139.6702,37.0472],[139.6735,37.0579],[139.6777,37.0575],[139.6928,37.0626],[139.7013,37.0602],[139.71,37.0675],[139.7183,37.069],[139.72,37.0709],[139.7312,37.0692],[139.7384,37.0726],[139.7529,37.0711],[139.7549,37.0744],[139.7634,37.0766],[139.7758,37.0917],[139.7786,37.0893],[139.7893,37.0903],[139.8097,37.0849],[139.822,37.0855],[139.819,37.1005],[139.8204,37.1095],[139.8162,37.1117],[139.8163,37.1182],[139.8286,37.127],[139.831,37.1324],[139.8393,37.1341],[139.8477,37.1395],[139.8538,37.1377],[139.8604,37.1407],[139.8664,37.1474],[139.8776,37.1463],[139.9026,37.154],[139.9091,37.1486],[139.9166,37.1479],[139.9245,37.1521],[139.9306,37.1519],[139.9353,37.1539],[139.9549,37.155],[139.9614,37.1535]]]]}},{"type":"Feature","properties":{"name":"山梨県","id":19},"geometry":{"type":"MultiPolygon","coordinates":[[[[138.3703,35.9715],[138.3828,35.9704],[138.4403,35.9523],[138.4541,35.9391],[138.4484,35.9301],[138.4447,35.9183],[138.4544,35.9003],[138.4591,35.9037],[138.4711,35.8967],[138.4819,35.8987],[138.4901,35.8964],[138.4945,35.9021],[138.4947,35.9116],[138.5016,35.9119],[138.5093,35.922],[138.529,35.9147],[138.543,35.9149],[138.5557,35.9191],[138.5563,35.9164],[138.5631,35.917],[138.5762,35.9115],[138.5828,35.9181],[138.5878,35.9178],[138.5906,35.9196],[138.6055,35.9087],[138.6117,35.9094],[138.606,35.8948],[138.6066,35.8806],[138.6105,35.8742],[138.6218,35.8703],[138.6279,35.8733],[138.6341,35.8702],[138.6418,35.8741],[138.6484,35.8734],[138.656,35.8759],[138.6761,35.8699],[138.6854,35.8933],[138.6905,35.8955],[138.6933,35.8995],[138.6957,35.8992],[138.7076,35.9094],[138.7288,35.9093],[138.7348,35.9039],[138.7397,35.9056],[138.7503,35.9017],[138.7582,35.9023],[138.7675,35.8993],[138.7782,35.9001],[138.7911,35.8913],[138.793,35.8751],[138.8029,35.8703],[138.8086,35.8696],[138.8136,35.8623],[138.8204,35.8653],[138.8299,35.8652],[138.8325,35.8624],[138.8463,35.8672],[138.8567,35.8641],[138.859,35.8575],[138.8659,35.8585],[138.88,35.8468],[138.8865,35.8464],[138.8929,35.8399],[138.8997,35.8469],[138.9099,35.8519],[138.915,35.8525],[138.9282,35.8493],[138.944,35.8547],[138.9483,35.8493],[138.9481,35.8417],[138.9533,35.8365],[138.9638,35.8293],[138.9697,35.8313],[138.9697,35.8157],[138.9719,35.8107],[138.9709,35.8038],[138.9788,35.7879],[138.9846,35.7846],[138.986,35.779],[138.9837,35.7695],[138.9945,35.7543],[139.0053,35.7495],[139.0256,35.7193],[139.0661,35.6982],[139.0829,35.6947],[139.0924,35.6907],[139.1,35.6921],[139.1085,35.6896],[139.1295,35.6742],[139.1304,35.6699],[139.1218,35.6615],[139.1178,35.6531],[139.1271,35.6398],[139.1243,35.6324],[139.1239,35.6239],[139.1343,35.6163],[139.1279,35.6125],[139.1331,35.6068],[139.1282,35.5936],[139.1239,35.5915],[139.1216,35.5865],[139.1278,35.5804],[139.1291,35.5637],[139.1119,35.5498],[139.113,35.5374],[139.1088,35.5323],[139.1069,35.5325],[139.1027,35.526],[139.0909,35.5189],[139.0852,35.5121],[139.068,35.5105],[139.0597,35.5075],[139.0461,35.5097],[139.0419,35.4973],[139.0365,35.4908],[139.0295,35.487],[139.0266,35.4808],[139.0136,35.4793],[139.007,35.4746],[138.9906,35.4741],[138.9787,35.4639],[138.9735,35.4667],[138.9543,35.4599],[138.9372,35.4489],[138.928,35.4368],[138.9272,35.4303],[138.9305,35.4255],[138.9294,35.4209],[138.9268,35.4199],[138.9243,35.4143],[138.9174,35.41],[138.9162,35.4005],[138.9055,35.3969],[138.8879,35.3864],[138.8797,35.3859],[138.8732,35.3815],[138.8624,35.3901],[138.8567,35.388],[138.8521,35.3902],[138.8336,35.3837],[138.8218,35.3741],[138.8199,35.3757],[138.8028,35.3763],[138.7269,35.3639],[138.7177,35.3649],[138.7007,35.3627],[138.6993,35.3603],[138.6804,35.3577],[138.6711,35.3928],[138.6635,35.3983],[138.6389,35.3982],[138.6096,35.3932],[138.5979,35.4308],[138.5891,35.4366],[138.5819,35.4457],[138.5778,35.4419],[138.5589,35.4341],[138.5567,35.4279],[138.5459,35.417],[138.5334,35.4106],[138.5316,35.4062],[138.5358,35.3899],[138.528,35.3789],[138.5294,35.3777],[138.5293,35.3499],[138.533,35.343],[138.5349,35.3306],[138.5125,35.3141],[138.5133,35.3043],[138.5205,35.2856],[138.5203,35.2728],[138.5146,35.2632],[138.5214,35.2532],[138.5265,35.235],[138.5322,35.2234],[138.5274,35.2167],[138.5312,35.211],[138.5329,35.2015],[138.5295,35.1981],[138.5223,35.1991],[138.5144,35.1966],[138.5162,35.1967],[138.5142,35.1916],[138.4916,35.1685],[138.4778,35.1773],[138.4724,35.1761],[138.4623,35.1787],[138.4422,35.1793],[138.4404,35.1779],[138.4292,35.1819],[138.4189,35.1983],[138.4094,35.2025],[138.3986,35.2003],[138.3954,35.2062],[138.3857,35.2452],[138.3673,35.2721],[138.3667,35.2894],[138.3724,35.2994],[138.3654,35.3117],[138.3595,35.3133],[138.3586,35.3173],[138.3466,35.3163],[138.3355,35.3265],[138.3283,35.3275],[138.3175,35.3241],[138.3089,35.3185],[138.2969,35.3165],[138.2856,35.3046],[138.2778,35.3066],[138.2712,35.3133],[138.2613,35.3152],[138.2562,35.3186],[138.252,35.3288],[138.2488,35.3315],[138.2568,35.3385],[138.2511,35.3623],[138.2468,35.3671],[138.2443,35.3657],[138.233,35.3708],[138.2328,35.3762],[138.2386,35.3859],[138.2468,35.3938],[138.2468,35.4],[138.2571,35.4067],[138.2596,35.4259],[138.2573,35.4379],[138.2556,35.4443],[138.2499,35.4463],[138.2443,35.4558],[138.2468,35.4634],[138.2526,35.4653],[138.2572,35.4752],[138.2603,35.5047],[138.268,35.5157],[138.2615,35.5285],[138.2584,35.5297],[138.2594,35.5519],[138.2455,35.5616],[138.245,35.5691],[138.2422,35.5723],[138.2393,35.5865],[138.2434,35.5914],[138.2404,35.6045],[138.2362,35.6061],[138.236,35.6123],[138.2342,35.6147],[138.2367,35.6207],[138.2288,35.6251],[138.2318,35.639],[138.2283,35.646],[138.2186,35.6445],[138.2101,35.6528],[138.207,35.6613],[138.1946,35.6714],[138.1921,35.6865],[138.194,35.6949],[138.1895,35.7029],[138.1803,35.7128],[138.1862,35.7218],[138.195,35.7258],[138.2028,35.7348],[138.2181,35.7453],[138.2202,35.749],[138.2356,35.7575],[138.2336,35.7621],[138.2135,35.775],[138.2059,35.7827],[138.2006,35.7808],[138.1942,35.7831],[138.1857,35.7903],[138.1855,35.7949],[138.1987,35.8122],[138.2051,35.8154],[138.204,35.8261],[138.2253,35.8566],[138.2309,35.8721],[138.2379,35.8822],[138.2483,35.8859],[138.2605,35.8783],[138.2772,35.862],[138.2835,35.8595],[138.2922,35.8667],[138.3067,35.8863],[138.3249,35.9028],[138.3349,35.9199],[138.3415,35.9253],[138.3451,35.9411],[138.3562,35.9507],[138.3593,35.9505],[138.3615,35.9624],[138.3678,35.9664],[138.3703,35.9715]]]]}},{"type":"Feature","properties":{"name":"滋賀県","id":25},"geometry":{"type":"MultiPolygon","coordinates":[[[[136.15,35.6978],[136.1571,35.7002],[136.1632,35.6962],[136.168,35.7028],[136.1715,35.7018],[136.1746,35.7035],[136.1812,35.7017],[136.185,35.7037],[136.1911,35.7013],[136.1993,35.6895],[136.2088,35.6867],[136.2127,35.6822],[136.2182,35.6845],[136.2273,35.6805],[136.232,35.6826],[136.245,35.674],[136.2505,35.676],[136.2582,35.6713],[136.2647,35.6705],[136.2804,35.6611],[136.2806,35.6587],[136.2759,35.6533],[136.2828,35.6433],[136.2789,35.6369],[136.2869,35.6261],[136.2887,35.6203],[136.2989,35.618],[136.3102,35.6233],[136.3154,35.6233],[136.3233,35.6163],[136.3153,35.6056],[136.32,35.6013],[136.3231,35.5865],[136.3215,35.5687],[136.3173,35.5601],[136.3178,35.5469],[136.3216,35.5443],[136.3254,35.5462],[136.3268,35.5499],[136.3377,35.5494],[136.3405,35.5373],[136.3457,35.536],[136.3563,35.5399],[136.3633,35.559],[136.3718,35.5597],[136.3849,35.5329],[136.4002,35.5299],[136.3998,35.5205],[136.4053,35.5135],[136.4028,35.512],[136.3997,35.5135],[136.3916,35.5032],[136.3876,35.4956],[136.3872,35.4879],[136.3934,35.4844],[136.4034,35.4694],[136.4197,35.4665],[136.4255,35.4477],[136.4152,35.4317],[136.4182,35.4271],[136.4114,35.421],[136.4115,35.4186],[136.4206,35.4114],[136.4296,35.3999],[136.4364,35.3968],[136.4441,35.3895],[136.4355,35.3785],[136.4248,35.3737],[136.4152,35.3735],[136.4134,35.3713],[136.4131,35.3623],[136.4095,35.3554],[136.4114,35.3521],[136.4166,35.3545],[136.4212,35.3531],[136.4206,35.3466],[136.4111,35.3278],[136.4127,35.3236],[136.4108,35.3138],[136.4023,35.3003],[136.3979,35.2974],[136.3908,35.2878],[136.3955,35.2787],[136.3942,35.259],[136.3965,35.2574],[136.3931,35.2532],[136.3849,35.2483],[136.3809,35.2484],[136.3781,35.2427],[136.387,35.2347],[136.3925,35.2334],[136.3924,35.2301],[136.41,35.2219],[136.4119,35.2184],[136.4149,35.2177],[136.4167,35.2027],[136.4083,35.1872],[136.4186,35.1834],[136.4247,35.1838],[136.4408,35.1715],[136.4444,35.1711],[136.4456,35.1659],[136.4522,35.1657],[136.4543,35.1616],[136.4538,35.152],[136.4452,35.1495],[136.4419,35.1387],[136.4374,35.1353],[136.436,35.1301],[136.4478,35.1235],[136.4407,35.1169],[136.4414,35.1007],[136.4391,35.0907],[136.4419,35.0865],[136.4356,35.0827],[136.4412,35.0651],[136.4382,35.0652],[136.4278,35.0564],[136.4243,35.0565],[136.4182,35.0484],[136.4167,35.0422],[136.4187,35.03],[136.4241,35.029],[136.4174,35.0187],[136.4175,35.0091],[136.4209,34.9997],[136.413,34.9953],[136.4154,34.991],[136.4143,34.9796],[136.4028,34.9681],[136.3952,34.9517],[136.3862,34.9524],[136.373,34.9418],[136.3748,34.9383],[136.3718,34.9344],[136.3718,34.9273],[136.3749,34.9243],[136.3666,34.9204],[136.367,34.9141],[136.3644,34.9103],[136.3656,34.9049],[136.3617,34.905],[136.3571,34.9005],[136.3496,34.8985],[136.3455,34.8952],[136.3393,34.8953],[136.3248,34.8888],[136.3205,34.8897],[136.3129,34.8862],[136.3122,34.8803],[136.291,34.8704],[136.2835,34.8703],[136.277,34.8742],[136.2663,34.8639],[136.2503,34.8578],[136.2345,34.8613],[136.2263,34.8612],[136.2197,34.8633],[136.2182,34.8656],[136.2027,34.8683],[136.1917,34.8725],[136.1868,34.8783],[136.1817,34.8781],[136.1789,34.8807],[136.1794,34.8865],[136.1653,34.8878],[136.1471,34.8823],[136.1367,34.8883],[136.1308,34.8831],[136.1166,34.8922],[136.114,34.8995],[136.1106,34.9019],[136.1051,34.8991],[136.0956,34.8888],[136.0923,34.8882],[136.087,34.8905],[136.0857,34.8857],[136.0887,34.8818],[136.0852,34.8777],[136.1009,34.8703],[136.1141,34.8702],[136.1218,34.8728],[136.1257,34.8699],[136.123,34.8658],[136.1266,34.8618],[136.116,34.8556],[136.1124,34.8559],[136.1073,34.8519],[136.1056,34.8431],[136.1031,34.8405],[136.094,34.8398],[136.0909,34.8365],[136.0857,34.8375],[136.0892,34.8322],[136.0876,34.829],[136.094,34.8189],[136.0903,34.8139],[136.0818,34.8082],[136.0753,34.808],[136.0628,34.8002],[136.0568,34.8035],[136.0515,34.7991],[136.0461,34.8009],[136.0369,34.7937],[136.0321,34.7937],[136.0263,34.7907],[136.018,34.7932],[136.0159,34.7974],[136.0113,34.7956],[136.0104,34.8007],[136.0185,34.8127],[136.0269,34.8148],[136.0272,34.8218],[136.0173,34.8282],[136.0125,34.8254],[136.0047,34.8282],[136.0023,34.8365],[136.005,34.8427],[136.0015,34.8449],[135.9707,34.8384],[135.9718,34.8457],[135.9632,34.8502],[135.9614,34.8537],[135.9457,34.8517],[135.9466,34.8533],[135.9414,34.8631],[135.943,34.8781],[135.9404,34.8799],[135.9405,34.8932],[135.9233,34.8838],[135.913,34.8833],[135.907,34.8741],[135.898,34.8712],[135.885,34.8764],[135.888,34.8798],[135.8866,34.8831],[135.8664,34.8923],[135.8672,34.8937],[135.8625,34.9029],[135.8709,34.9105],[135.8685,34.9199],[135.8718,34.9267],[135.8788,34.9341],[135.8762,34.9425],[135.8782,34.9475],[135.8751,34.9533],[135.8652,34.9571],[135.8525,34.9707],[135.8555,34.9783],[135.8554,34.9839],[135.8499,34.9845],[135.8493,34.991],[135.8268,34.9911],[135.832,35.0007],[135.835,34.9993],[135.8351,35.0032],[135.8326,35.0093],[135.8252,35.0084],[135.8199,35.0129],[135.8204,35.015],[135.8247,35.0121],[135.8347,35.0128],[135.8334,35.0223],[135.8268,35.0223],[135.8275,35.0276],[135.8231,35.0359],[135.8168,35.0399],[135.815,35.0461],[135.8253,35.0533],[135.8327,35.0529],[135.8355,35.059],[135.8315,35.0713],[135.8374,35.0789],[135.8395,35.0865],[135.8353,35.0909],[135.8415,35.1015],[135.8443,35.1138],[135.8462,35.1137],[135.8483,35.119],[135.8514,35.131],[135.8485,35.1413],[135.8557,35.1533],[135.8558,35.1595],[135.8481,35.1613],[135.8439,35.1699],[135.8408,35.1795],[135.8411,35.1873],[135.8291,35.2207],[135.8368,35.2258],[135.8373,35.2347],[135.8342,35.2411],[135.8361,35.2411],[135.8436,35.2514],[135.842,35.2532],[135.8447,35.2564],[135.8446,35.2607],[135.8547,35.2727],[135.8604,35.283],[135.8581,35.2891],[135.8532,35.2868],[135.8493,35.2805],[135.8421,35.2783],[135.84,35.2759],[135.8351,35.2743],[135.8313,35.2761],[135.8206,35.2895],[135.8203,35.2979],[135.816,35.3001],[135.809,35.3161],[135.7926,35.3229],[135.7796,35.3403],[135.7637,35.3445],[135.7684,35.3561],[135.7761,35.3655],[135.7788,35.3725],[135.7907,35.3793],[135.7905,35.3867],[135.8071,35.3853],[135.812,35.4117],[135.8151,35.4131],[135.8274,35.4143],[135.8355,35.412],[135.8393,35.4141],[135.8508,35.4106],[135.8528,35.4115],[135.8549,35.407],[135.8544,35.4004],[135.8616,35.3951],[135.8738,35.3971],[135.8904,35.4038],[135.8927,35.4199],[135.9041,35.4297],[135.9131,35.4314],[135.9137,35.4388],[135.9101,35.4478],[135.9143,35.4525],[135.9164,35.4696],[135.9177,35.4739],[135.9213,35.4768],[135.9241,35.4895],[135.93,35.4929],[135.9398,35.5204],[135.9465,35.5207],[135.9535,35.5057],[135.9575,35.5057],[135.9634,35.5015],[135.9684,35.5024],[135.9815,35.4868],[135.9907,35.4925],[136.0059,35.4916],[136.0108,35.4987],[136.0157,35.5123],[136.0201,35.5123],[136.028,35.5241],[136.0261,35.5296],[136.0402,35.5323],[136.046,35.5303],[136.0491,35.5346],[136.0699,35.5266],[136.0773,35.5318],[136.0778,35.5353],[136.0831,35.5404],[136.0935,35.5371],[136.1051,35.5288],[136.1087,35.5459],[136.1061,35.5566],[136.1101,35.5613],[136.1086,35.5691],[136.1123,35.5755],[136.1133,35.5829],[136.1167,35.5816],[136.1178,35.5775],[136.1218,35.5762],[136.1395,35.575],[136.1452,35.5706],[136.1524,35.5727],[136.1632,35.5707],[136.1685,35.5655],[136.1693,35.5769],[136.1668,35.5835],[136.1767,35.5961],[136.1659,35.6188],[136.1598,35.6264],[136.1584,35.6354],[136.1509,35.6497],[136.1522,35.6508],[136.1477,35.6625],[136.1358,35.666],[136.1342,35.6699],[136.147,35.6873],[136.15,35.6978]]]]}},{"type":"Feature","properties":{"name":"群馬県","id":10},"geometry":{"type":"MultiPolygon","coordinates":[[[[138.6443,36.4115],[138.6345,36.4177],[138.6218,36.4164],[138.6124,36.4228],[138.5922,36.4245],[138.5879,36.4207],[138.5851,36.4221],[138.5556,36.4181],[138.5414,36.4038],[138.5334,36.4023],[138.5197,36.4069],[138.5042,36.4149],[138.4936,36.4137],[138.4892,36.4095],[138.4898,36.4016],[138.4603,36.4046],[138.4571,36.4199],[138.4457,36.4199],[138.4172,36.4306],[138.4009,36.4347],[138.4034,36.4521],[138.3997,36.4523],[138.3997,36.4551],[138.4001,36.4613],[138.4028,36.4648],[138.4005,36.4718],[138.4005,36.4803],[138.3972,36.4887],[138.4051,36.5059],[138.4039,36.5209],[138.4107,36.5267],[138.4135,36.5341],[138.4124,36.5415],[138.4173,36.5431],[138.4285,36.5556],[138.427,36.5594],[138.4282,36.5689],[138.421,36.5735],[138.4203,36.5771],[138.4265,36.5865],[138.4274,36.5961],[138.4338,36.5997],[138.4401,36.5997],[138.4415,36.6107],[138.448,36.6107],[138.4534,36.6133],[138.4599,36.6275],[138.458,36.6333],[138.4655,36.637],[138.4728,36.6435],[138.4809,36.6453],[138.4879,36.6417],[138.5252,36.6515],[138.5344,36.6664],[138.5255,36.6699],[138.5188,36.6757],[138.5198,36.6889],[138.514,36.6903],[138.5295,36.6971],[138.536,36.6972],[138.5434,36.7039],[138.5582,36.7066],[138.569,36.7059],[138.5738,36.7074],[138.5829,36.7015],[138.5955,36.7147],[138.5991,36.7145],[138.6098,36.7065],[138.6152,36.7105],[138.6218,36.7204],[138.6299,36.7197],[138.6468,36.7261],[138.6746,36.7311],[138.6957,36.7386],[138.7026,36.7369],[138.7119,36.7388],[138.7196,36.7478],[138.7221,36.7532],[138.7216,36.7584],[138.7263,36.7638],[138.735,36.7629],[138.7405,36.7595],[138.7468,36.7583],[138.7672,36.7466],[138.7807,36.7472],[138.7894,36.745],[138.7945,36.7565],[138.8012,36.7619],[138.8099,36.7653],[138.8163,36.7619],[138.8209,36.7641],[138.8261,36.7717],[138.8252,36.7744],[138.8288,36.7898],[138.8313,36.7937],[138.8215,36.8171],[138.8383,36.8171],[138.8549,36.8119],[138.8752,36.8188],[138.8818,36.8258],[138.9009,36.8273],[138.9284,36.8326],[138.9299,36.8365],[138.9251,36.8464],[138.9162,36.851],[138.9224,36.8628],[138.9176,36.8698],[138.923,36.8835],[138.9295,36.8867],[138.9321,36.8937],[138.9397,36.8951],[138.9532,36.8951],[138.9653,36.8918],[138.9715,36.8874],[138.979,36.8911],[138.9797,36.9038],[138.9747,36.9125],[138.9771,36.9199],[138.9677,36.9302],[138.9657,36.9439],[138.9665,36.9789],[138.9697,36.9815],[138.9987,36.9794],[139.015,36.9882],[139.0295,36.9844],[139.047,36.9875],[139.0541,36.9983],[139.0729,37.0079],[139.0809,37.0099],[139.0902,37.0196],[139.0904,37.0437],[139.097,37.0588],[139.1103,37.0553],[139.1137,37.0496],[139.1218,37.0477],[139.1319,37.0267],[139.1423,37.0219],[139.1498,37.0103],[139.1719,37.0003],[139.1792,36.9914],[139.1753,36.9737],[139.1803,36.9647],[139.1864,36.9601],[139.1918,36.9613],[139.2052,36.9563],[139.2218,36.9614],[139.2283,36.9613],[139.2373,36.9471],[139.2306,36.9407],[139.2311,36.9368],[139.2389,36.9343],[139.2415,36.9302],[139.2576,36.9341],[139.2665,36.9413],[139.2765,36.9337],[139.2836,36.9317],[139.2871,36.9344],[139.295,36.9345],[139.3047,36.9259],[139.3151,36.9269],[139.3342,36.9249],[139.3414,36.9279],[139.3453,36.9254],[139.3486,36.9199],[139.3495,36.9131],[139.3552,36.9165],[139.3718,36.9181],[139.3792,36.9155],[139.3841,36.9116],[139.3934,36.9109],[139.3953,36.9053],[139.3762,36.8958],[139.3718,36.8901],[139.3718,36.8829],[139.369,36.8779],[139.3616,36.8767],[139.361,36.8743],[139.3564,36.8781],[139.3575,36.8686],[139.3539,36.8569],[139.3487,36.8527],[139.3565,36.8481],[139.3639,36.8471],[139.3664,36.8414],[139.3921,36.8329],[139.3928,36.8346],[139.3987,36.8343],[139.4064,36.8296],[139.4049,36.8254],[139.3935,36.8171],[139.3916,36.8121],[139.3935,36.8097],[139.3865,36.8052],[139.378,36.8037],[139.376,36.7973],[139.3781,36.7941],[139.3743,36.7844],[139.3674,36.7837],[139.3581,36.7745],[139.3531,36.7737],[139.3536,36.7678],[139.3509,36.7635],[139.3551,36.7599],[139.3548,36.7532],[139.358,36.7499],[139.3718,36.7457],[139.3682,36.74],[139.3654,36.7279],[139.3669,36.7257],[139.3632,36.7185],[139.3599,36.7169],[139.3605,36.7137],[139.3542,36.7057],[139.337,36.6921],[139.3389,36.6783],[139.3349,36.6741],[139.3353,36.6699],[139.3273,36.6563],[139.3297,36.6407],[139.3279,36.6336],[139.3309,36.6272],[139.3458,36.6251],[139.3488,36.6186],[139.355,36.6145],[139.3886,36.6106],[139.3979,36.6023],[139.4067,36.6055],[139.404,36.6089],[139.413,36.6079],[139.428,36.6011],[139.4376,36.6027],[139.4469,36.6072],[139.4535,36.6037],[139.4653,36.6065],[139.4711,36.602],[139.4764,36.5874],[139.4834,36.5824],[139.4827,36.5783],[139.474,36.5725],[139.474,36.5667],[139.4657,36.5626],[139.4598,36.5531],[139.451,36.5499],[139.4419,36.5523],[139.4383,36.5482],[139.4367,36.5342],[139.4348,36.5329],[139.4429,36.5318],[139.4278,36.5108],[139.4219,36.5087],[139.4236,36.5059],[139.4192,36.5009],[139.419,36.4949],[139.4224,36.493],[139.4223,36.4905],[139.428,36.4901],[139.4269,36.4839],[139.43,36.4807],[139.4319,36.4713],[139.4381,36.475],[139.4351,36.4642],[139.4298,36.461],[139.431,36.4576],[139.4246,36.4591],[139.4202,36.4573],[139.4145,36.4618],[139.4097,36.4585],[139.4118,36.4537],[139.4109,36.4493],[139.4066,36.4458],[139.4014,36.4367],[139.3946,36.4338],[139.3918,36.4248],[139.3805,36.416],[139.3741,36.3993],[139.3686,36.3949],[139.3611,36.3838],[139.3667,36.3781],[139.3695,36.3667],[139.3889,36.3542],[139.3936,36.3477],[139.418,36.3365],[139.4267,36.3257],[139.4246,36.3239],[139.423,36.325],[139.4215,36.3227],[139.4184,36.3264],[139.4147,36.3249],[139.4182,36.3216],[139.4156,36.3181],[139.4175,36.3171],[139.4157,36.316],[139.4242,36.3079],[139.4291,36.3058],[139.427,36.3037],[139.4315,36.3011],[139.4317,36.2951],[139.4358,36.2921],[139.4379,36.2971],[139.4436,36.2939],[139.4437,36.2883],[139.4588,36.2886],[139.4674,36.279],[139.4624,36.2791],[139.4591,36.2759],[139.4644,36.2715],[139.4724,36.2711],[139.4727,36.2761],[139.4776,36.2723],[139.4826,36.2721],[139.4875,36.2758],[139.4937,36.274],[139.5002,36.2761],[139.5041,36.2811],[139.5132,36.2784],[139.5167,36.2814],[139.5212,36.2814],[139.5266,36.2846],[139.5353,36.2791],[139.5365,36.2818],[139.5403,36.2795],[139.5404,36.2768],[139.5447,36.2764],[139.5494,36.2802],[139.551,36.2785],[139.5536,36.2794],[139.5559,36.2767],[139.5543,36.2733],[139.563,36.267],[139.5867,36.269],[139.6101,36.2685],[139.617,36.2741],[139.6218,36.2737],[139.6341,36.2701],[139.6377,36.2642],[139.6428,36.2667],[139.6309,36.2545],[139.6339,36.2532],[139.6422,36.2399],[139.6425,36.2357],[139.646,36.2404],[139.6513,36.2386],[139.6551,36.2313],[139.6629,36.23],[139.6596,36.2281],[139.661,36.2237],[139.6596,36.2209],[139.6655,36.2231],[139.6693,36.2125],[139.6641,36.2084],[139.6648,36.2072],[139.662,36.2079],[139.6637,36.2112],[139.6606,36.2147],[139.65,36.2113],[139.6503,36.1969],[139.6406,36.1974],[139.6281,36.1946],[139.6249,36.1866],[139.6099,36.1969],[139.601,36.2055],[139.5879,36.2104],[139.5747,36.2048],[139.5258,36.1913],[139.4968,36.1928],[139.4733,36.1893],[139.4572,36.1906],[139.4442,36.1969],[139.4251,36.2105],[139.4208,36.2109],[139.4191,36.2167],[139.4079,36.2231],[139.3899,36.2297],[139.3771,36.2441],[139.3702,36.2461],[139.3595,36.2532],[139.3546,36.2519],[139.351,36.2544],[139.3471,36.2532],[139.346,36.2492],[139.3399,36.2446],[139.3278,36.2399],[139.3291,36.2335],[139.3235,36.2297],[139.31,36.2333],[139.3037,36.2455],[139.297,36.2434],[139.268,36.2504],[139.267,36.2437],[139.2648,36.2427],[139.2567,36.2455],[139.2437,36.2445],[139.2381,36.2461],[139.2239,36.2585],[139.2116,36.2563],[139.2119,36.2603],[139.2086,36.2623],[139.198,36.2623],[139.1714,36.2739],[139.1639,36.279],[139.136,36.2785],[139.1293,36.2834],[139.1218,36.2731],[139.1075,36.2615],[139.1102,36.2589],[139.1078,36.2532],[139.0827,36.2169],[139.0632,36.1959],[139.0645,36.1879],[139.0576,36.1837],[139.0574,36.1699],[139.0637,36.159],[139.0621,36.1531],[139.0485,36.1524],[139.0474,36.1499],[139.0431,36.1485],[139.0413,36.1409],[139.0428,36.1296],[139.037,36.1263],[139.0266,36.1301],[139.025,36.1342],[139.0204,36.1312],[139.016,36.1338],[139.0043,36.1331],[139.0062,36.1306],[139.0022,36.1256],[138.9952,36.1256],[138.986,36.116],[138.9764,36.1173],[138.9733,36.1219],[138.9651,36.1258],[138.9584,36.1243],[138.9567,36.1161],[138.9578,36.1079],[138.9458,36.0963],[138.9312,36.0883],[138.9171,36.0935],[138.9097,36.0912],[138.904,36.0918],[138.8661,36.0777],[138.859,36.0699],[138.8474,36.0671],[138.838,36.0504],[138.835,36.0501],[138.829,36.0413],[138.8285,36.0373],[138.7908,36.0295],[138.7806,36.0368],[138.7754,36.0378],[138.7704,36.0383],[138.755,36.0346],[138.7439,36.0111],[138.7277,35.9959],[138.7173,35.9932],[138.7127,35.9853],[138.6886,35.9918],[138.6868,35.9983],[138.681,36.0043],[138.6808,36.0107],[138.6624,36.0115],[138.6614,36.0163],[138.6471,36.0199],[138.6454,36.0231],[138.6314,36.0283],[138.6438,36.0507],[138.6405,36.0736],[138.6339,36.0799],[138.6304,36.0865],[138.6306,36.0913],[138.6378,36.0969],[138.645,36.0989],[138.6463,36.1087],[138.6406,36.1168],[138.6452,36.1198],[138.6383,36.1239],[138.6346,36.1336],[138.6218,36.1318],[138.598,36.1381],[138.5875,36.1605],[138.581,36.1619],[138.5808,36.165],[138.5773,36.1681],[138.5825,36.1785],[138.5862,36.1771],[138.5897,36.1785],[138.5896,36.1699],[138.5921,36.1677],[138.6093,36.1614],[138.6084,36.1639],[138.6114,36.1676],[138.6218,36.1713],[138.6352,36.171],[138.637,36.1745],[138.6228,36.197],[138.6347,36.2056],[138.6369,36.2044],[138.6324,36.2168],[138.6218,36.215],[138.6125,36.2291],[138.6125,36.2409],[138.6031,36.2479],[138.6051,36.2657],[138.6004,36.2785],[138.6088,36.281],[138.6122,36.2853],[138.6439,36.2934],[138.6535,36.3031],[138.6481,36.3141],[138.6519,36.3225],[138.6499,36.3519],[138.6537,36.3571],[138.652,36.3601],[138.6571,36.3687],[138.6515,36.3731],[138.6516,36.3939],[138.6481,36.4083],[138.6443,36.4115]]]]}},{"type":"Feature","properties":{"name":"宮城県","id":4},"geometry":{"type":"MultiPolygon","coordinates":[[[[141.4839,38.9785],[141.4858,38.9875],[141.491,38.9985],[141.5054,39.0004],[141.5103,39.0029],[141.5186,39.0011],[141.5173,38.9978],[141.5242,38.9917],[141.5377,38.9957],[141.5681,38.9957],[141.5769,38.9871],[141.5894,38.9883],[141.6056,38.9853],[141.6218,38.9732],[141.6322,38.971],[141.635,38.9681],[141.6329,38.9632],[141.6378,38.963],[141.6434,38.9562],[141.6428,38.955],[141.6324,38.9585],[141.6337,38.9515],[141.6398,38.9484],[141.6386,38.9483],[141.64,38.9429],[141.6477,38.9431],[141.6487,38.9416],[141.6452,38.9417],[141.6437,38.9391],[141.6441,38.9335],[141.6354,38.9317],[141.6392,38.9275],[141.6418,38.9285],[141.6443,38.927],[141.6452,38.923],[141.6529,38.9199],[141.6515,38.9133],[141.649,38.9126],[141.6498,38.9091],[141.6541,38.9073],[141.6516,38.9037],[141.6617,38.8969],[141.6651,38.8964],[141.6638,38.8931],[141.6664,38.8935],[141.6692,38.8896],[141.6639,38.8899],[141.6638,38.8813],[141.6704,38.8746],[141.6697,38.8703],[141.6746,38.8667],[141.6743,38.8572],[141.6628,38.8635],[141.6613,38.8617],[141.6579,38.8626],[141.6585,38.8654],[141.6519,38.869],[141.6497,38.8755],[141.6476,38.8753],[141.6482,38.88],[141.6437,38.879],[141.6453,38.8841],[141.6432,38.8831],[141.6378,38.8852],[141.6416,38.8889],[141.6403,38.8905],[141.6364,38.8892],[141.6371,38.893],[141.6345,38.8987],[141.6377,38.9019],[141.6323,38.9019],[141.6302,38.8962],[141.6248,38.9001],[141.6253,38.896],[141.6293,38.8946],[141.6311,38.8917],[141.6218,38.8931],[141.6215,38.8911],[141.6164,38.8883],[141.616,38.8838],[141.6133,38.8815],[141.612,38.8865],[141.6095,38.8812],[141.6055,38.8803],[141.6041,38.8855],[141.6028,38.8847],[141.5979,38.8937],[141.589,38.8947],[141.5871,38.9094],[141.5824,38.9101],[141.5798,38.9069],[141.5754,38.9059],[141.5797,38.9051],[141.5796,38.9004],[141.5821,38.8999],[141.5854,38.8942],[141.594,38.8903],[141.5938,38.8852],[141.591,38.8863],[141.5901,38.8714],[141.5875,38.8688],[141.583,38.8522],[141.5907,38.8358],[141.5937,38.8337],[141.5994,38.8337],[141.6035,38.8304],[141.6034,38.8278],[141.6008,38.8294],[141.5955,38.8288],[141.5917,38.8228],[141.5836,38.8249],[141.5763,38.8212],[141.5761,38.8159],[141.578,38.8127],[141.5718,38.8091],[141.5691,38.8131],[141.5624,38.8133],[141.557,38.8107],[141.5558,38.8017],[141.5524,38.8025],[141.5511,38.7991],[141.5473,38.8005],[141.5442,38.7978],[141.5382,38.7973],[141.522,38.7891],[141.5165,38.7718],[141.5171,38.7657],[141.5209,38.764],[141.5198,38.7618],[141.5287,38.7595],[141.5287,38.7532],[141.5316,38.7517],[141.5311,38.7485],[141.5335,38.7491],[141.535,38.7473],[141.5371,38.7492],[141.5393,38.7477],[141.5411,38.7443],[141.5376,38.7439],[141.5366,38.7411],[141.5464,38.7403],[141.5461,38.7334],[141.5528,38.7386],[141.5591,38.7377],[141.5642,38.7405],[141.5655,38.7339],[141.5617,38.7313],[141.5669,38.7262],[141.5595,38.7241],[141.5582,38.7211],[141.5588,38.7153],[141.5659,38.7123],[141.5643,38.6983],[141.5611,38.6963],[141.5609,38.6905],[141.5545,38.6956],[141.5586,38.7039],[141.5547,38.7085],[141.5465,38.7118],[141.5427,38.7091],[141.5391,38.7095],[141.5372,38.7064],[141.5309,38.7174],[141.5256,38.7167],[141.5233,38.716],[141.5264,38.7096],[141.521,38.709],[141.5238,38.7056],[141.5173,38.6953],[141.5187,38.6955],[141.5168,38.6909],[141.5107,38.6853],[141.5052,38.6913],[141.5019,38.6902],[141.4994,38.6958],[141.4968,38.6905],[141.4906,38.69],[141.4968,38.6808],[141.4943,38.6741],[141.4888,38.6782],[141.4823,38.6749],[141.4754,38.6801],[141.4691,38.6735],[141.4672,38.6749],[141.4611,38.6713],[141.4574,38.6734],[141.4448,38.6738],[141.4459,38.6654],[141.4504,38.6579],[141.443,38.6489],[141.4425,38.6453],[141.4447,38.6432],[141.4522,38.6443],[141.46,38.6402],[141.4637,38.6477],[141.4849,38.6418],[141.4886,38.6451],[141.4908,38.6425],[141.4968,38.6453],[141.4968,38.6427],[141.4991,38.6413],[141.5039,38.6421],[141.5032,38.6394],[141.5051,38.6378],[141.5085,38.6394],[141.51,38.637],[141.5179,38.6403],[141.5202,38.6375],[141.5294,38.6374],[141.5251,38.6106],[141.5213,38.6093],[141.5179,38.6049],[141.5095,38.6043],[141.5094,38.5987],[141.5015,38.6035],[141.5044,38.5961],[141.4968,38.5911],[141.4929,38.5913],[141.4874,38.5839],[141.4812,38.5825],[141.478,38.5851],[141.4673,38.5823],[141.4604,38.5795],[141.46,38.5763],[141.4622,38.568],[141.4673,38.5614],[141.4734,38.5619],[141.4759,38.5604],[141.4774,38.5633],[141.4772,38.5577],[141.4809,38.559],[141.4841,38.5542],[141.4872,38.5543],[141.4858,38.5424],[141.4968,38.5326],[141.5023,38.5366],[141.5062,38.5339],[141.511,38.5341],[141.5094,38.5367],[141.5152,38.5447],[141.5167,38.5416],[141.5206,38.5395],[141.5265,38.547],[141.5322,38.5491],[141.5344,38.5421],[141.5316,38.5374],[141.5316,38.5325],[141.5394,38.5323],[141.5383,38.5304],[141.5424,38.5255],[141.5453,38.5255],[141.5464,38.5226],[141.5396,38.5167],[141.5397,38.5117],[141.5351,38.5101],[141.5392,38.5032],[141.5411,38.5049],[141.5427,38.5032],[141.5395,38.4985],[141.5382,38.4995],[141.5343,38.4967],[141.5369,38.4916],[141.536,38.4885],[141.5351,38.49],[141.5244,38.4895],[141.5255,38.4943],[141.5235,38.4954],[141.5165,38.4929],[141.5154,38.5032],[141.514,38.5036],[141.5158,38.5081],[141.5137,38.5132],[141.5068,38.5121],[141.5038,38.5091],[141.5,38.511],[141.4956,38.5093],[141.484,38.5197],[141.4705,38.5215],[141.4648,38.5123],[141.4723,38.5179],[141.4757,38.5173],[141.4851,38.5103],[141.4885,38.5052],[141.4872,38.5032],[141.4895,38.4992],[141.4956,38.4999],[141.4968,38.4961],[141.4916,38.4885],[141.4982,38.4798],[141.4968,38.4764],[141.4883,38.4692],[141.4854,38.4711],[141.4771,38.4683],[141.4766,38.4641],[141.4857,38.4612],[141.4915,38.4627],[141.4934,38.4605],[141.5015,38.4611],[141.4957,38.4567],[141.4948,38.4529],[141.4968,38.4532],[141.497,38.4495],[141.5011,38.4505],[141.5019,38.4475],[141.5087,38.4497],[141.5087,38.4533],[141.5126,38.4508],[141.5105,38.4497],[141.5096,38.4447],[141.509,38.446],[141.4956,38.4435],[141.4966,38.4405],[141.4938,38.4375],[141.4947,38.4395],[141.4889,38.4431],[141.4858,38.4382],[141.4826,38.4371],[141.4773,38.4407],[141.4758,38.4387],[141.4718,38.4401],[141.4649,38.4378],[141.467,38.4394],[141.4605,38.4463],[141.454,38.4456],[141.4543,38.4441],[141.4489,38.4459],[141.4476,38.4415],[141.4549,38.4413],[141.4621,38.4342],[141.4633,38.4364],[141.4624,38.4341],[141.466,38.4311],[141.4634,38.4245],[141.4716,38.4257],[141.4752,38.4199],[141.4722,38.4167],[141.4718,38.4146],[141.4748,38.4144],[141.4712,38.4054],[141.4667,38.3999],[141.4685,38.3964],[141.4724,38.3941],[141.4755,38.3989],[141.4808,38.3987],[141.4848,38.4043],[141.491,38.4061],[141.4931,38.412],[141.4968,38.4118],[141.5018,38.4158],[141.5038,38.4135],[141.5015,38.4063],[141.5034,38.4013],[141.5063,38.4025],[141.5067,38.3976],[141.5111,38.3997],[141.5141,38.3931],[141.5167,38.3949],[141.5209,38.3943],[141.5235,38.3977],[141.5303,38.3976],[141.5338,38.4019],[141.5388,38.4],[141.5401,38.3965],[141.5383,38.3923],[141.5406,38.3903],[141.5303,38.3821],[141.5269,38.3887],[141.5242,38.3901],[141.5168,38.3867],[141.5171,38.3898],[141.5101,38.3909],[141.5068,38.3839],[141.4924,38.3802],[141.4897,38.382],[141.4825,38.3769],[141.4856,38.3702],[141.4912,38.3677],[141.4948,38.3715],[141.4983,38.3687],[141.5023,38.3713],[141.5145,38.371],[141.5193,38.3668],[141.5191,38.3627],[141.5213,38.3629],[141.52,38.3601],[141.5243,38.3553],[141.5247,38.3485],[141.5338,38.3413],[141.5315,38.33],[141.5263,38.3274],[141.5265,38.3245],[141.5336,38.3193],[141.5405,38.317],[141.5411,38.3068],[141.538,38.3015],[141.531,38.301],[141.527,38.2961],[141.5245,38.2788],[141.5271,38.2767],[141.5246,38.2753],[141.5242,38.2719],[141.5201,38.2721],[141.5118,38.2765],[141.5083,38.2984],[141.4964,38.2923],[141.4926,38.2937],[141.4968,38.3055],[141.4907,38.3087],[141.4796,38.306],[141.4762,38.3075],[141.4705,38.3153],[141.4728,38.3187],[141.4708,38.3205],[141.4694,38.3167],[141.4707,38.3086],[141.468,38.3064],[141.4609,38.3101],[141.4583,38.3136],[141.4496,38.3157],[141.4591,38.3227],[141.4693,38.3237],[141.4687,38.3269],[141.4748,38.3308],[141.4725,38.3348],[141.4635,38.3365],[141.4646,38.3391],[141.4627,38.3515],[141.4591,38.3518],[141.4507,38.3404],[141.447,38.3544],[141.4376,38.3426],[141.4328,38.3421],[141.432,38.3476],[141.4232,38.3449],[141.4222,38.3481],[141.418,38.3473],[141.42,38.3509],[141.4164,38.3546],[141.423,38.3561],[141.4302,38.365],[141.4397,38.3655],[141.4433,38.3701],[141.4578,38.3725],[141.4588,38.3743],[141.4518,38.3761],[141.4421,38.3757],[141.438,38.3728],[141.4332,38.3736],[141.4386,38.3815],[141.434,38.3832],[141.4287,38.3806],[141.4233,38.3855],[141.4335,38.3965],[141.4312,38.3995],[141.4243,38.3957],[141.4204,38.3969],[141.416,38.392],[141.4141,38.3955],[141.4121,38.3954],[141.4096,38.404],[141.3882,38.3856],[141.3741,38.3837],[141.3643,38.3899],[141.3661,38.3898],[141.3703,38.4],[141.3691,38.4073],[141.364,38.412],[141.3589,38.4138],[141.3275,38.4123],[141.3277,38.4099],[141.3296,38.4098],[141.3255,38.4095],[141.3252,38.4119],[141.3159,38.4121],[141.3142,38.414],[141.2977,38.4145],[141.2744,38.4109],[141.2752,38.4146],[141.2861,38.4164],[141.2857,38.4196],[141.2754,38.4187],[141.2751,38.4168],[141.2735,38.4199],[141.2666,38.4199],[141.2669,38.4081],[141.2487,38.4059],[141.2074,38.392],[141.1724,38.3747],[141.1606,38.3653],[141.1591,38.3553],[141.1548,38.3481],[141.1567,38.3497],[141.1577,38.3437],[141.1625,38.3407],[141.1592,38.3504],[141.1613,38.349],[141.1607,38.3524],[141.1639,38.3523],[141.1645,38.3499],[141.1658,38.3517],[141.1685,38.3495],[141.1696,38.3481],[141.1642,38.347],[141.1665,38.3471],[141.1643,38.3457],[141.1663,38.3458],[141.1667,38.3429],[141.1685,38.3444],[141.1691,38.3365],[141.1675,38.332],[141.1723,38.3255],[141.1829,38.3222],[141.1777,38.3237],[141.1792,38.3212],[141.1779,38.3204],[141.1669,38.3272],[141.1617,38.3278],[141.1597,38.3253],[141.1568,38.325],[141.1564,38.3223],[141.1511,38.3251],[141.1462,38.3307],[141.1498,38.334],[141.1425,38.3336],[141.1429,38.3311],[141.1388,38.3306],[141.1452,38.3274],[141.146,38.3251],[141.1387,38.3221],[141.1398,38.3263],[141.1339,38.3337],[141.133,38.3406],[141.1344,38.342],[141.1389,38.3393],[141.1429,38.3399],[141.1426,38.3421],[141.1483,38.3389],[141.1494,38.3431],[141.1438,38.3484],[141.1409,38.3549],[141.1531,38.3566],[141.1438,38.3601],[141.1336,38.3605],[141.1323,38.3621],[141.1377,38.3708],[141.1333,38.3775],[141.1265,38.38],[141.1205,38.3797],[141.1067,38.3863],[141.1089,38.3801],[141.1157,38.377],[141.1148,38.3755],[141.1085,38.3764],[141.1059,38.3685],[141.1032,38.3728],[141.0962,38.3763],[141.0991,38.3763],[141.0993,38.3779],[141.0854,38.3814],[141.082,38.3791],[141.0764,38.3787],[141.0704,38.3713],[141.0628,38.3697],[141.0626,38.3553],[141.0642,38.3554],[141.0664,38.3515],[141.0602,38.353],[141.0597,38.3508],[141.0516,38.3505],[141.0588,38.3484],[141.0531,38.3439],[141.0543,38.3471],[141.0496,38.3455],[141.0479,38.3479],[141.0426,38.349],[141.0367,38.3399],[141.0402,38.3387],[141.0396,38.3355],[141.0492,38.3395],[141.049,38.3365],[141.0524,38.3334],[141.0425,38.3237],[141.0399,38.3251],[141.037,38.3223],[141.038,38.324],[141.0345,38.3236],[141.0251,38.3201],[141.04,38.3196],[141.0387,38.3173],[141.0449,38.3193],[141.0449,38.3166],[141.0361,38.3072],[141.0457,38.3131],[141.0502,38.3095],[141.0489,38.3139],[141.0557,38.3147],[141.0589,38.3131],[141.0654,38.3218],[141.0766,38.3199],[141.0799,38.3149],[141.0815,38.3062],[141.0899,38.3014],[141.0854,38.2933],[141.075,38.2953],[141.0661,38.2895],[141.0639,38.2825],[141.0542,38.2809],[141.0525,38.2781],[141.0435,38.2771],[141.0448,38.2747],[141.041,38.2721],[141.0299,38.2757],[141.0315,38.2822],[141.0285,38.2826],[141.0256,38.2729],[141.0218,38.2733],[141.0216,38.2715],[141.0059,38.2739],[140.9991,38.2733],[140.9988,38.2701],[141.0468,38.2651],[141.0241,38.2653],[140.9863,38.2177],[140.9654,38.1849],[140.9624,38.1742],[140.9417,38.1319],[140.9281,38.0865],[140.922,38.0471],[140.9218,38.0339],[140.9145,37.9937],[140.9231,37.9199],[140.9265,37.9049],[140.9301,37.9009],[140.9312,37.8963],[140.9257,37.8957],[140.9238,37.8927],[140.92,37.8927],[140.916,37.8975],[140.9013,37.8978],[140.9006,37.9037],[140.8991,37.9039],[140.8567,37.8913],[140.8591,37.8877],[140.8567,37.8848],[140.8606,37.8799],[140.8551,37.8749],[140.862,37.8627],[140.8564,37.8543],[140.8509,37.8513],[140.8545,37.8421],[140.8546,37.8346],[140.8527,37.8316],[140.8552,37.8295],[140.854,37.8235],[140.8585,37.8147],[140.8561,37.8139],[140.8541,37.808],[140.8574,37.8041],[140.8526,37.7958],[140.8318,37.7953],[140.8204,37.7989],[140.8114,37.7961],[140.7751,37.8065],[140.7737,37.802],[140.7663,37.7991],[140.7651,37.7964],[140.7718,37.7977],[140.7748,37.7942],[140.7863,37.7894],[140.7946,37.7819],[140.8026,37.7804],[140.7995,37.7765],[140.7929,37.7734],[140.7771,37.7813],[140.7623,37.7848],[140.7497,37.7855],[140.7459,37.7884],[140.7414,37.788],[140.728,37.7817],[140.724,37.7909],[140.7135,37.7995],[140.7071,37.8023],[140.6945,37.8035],[140.6914,37.8113],[140.6864,37.8149],[140.6846,37.8304],[140.6794,37.8365],[140.6871,37.8424],[140.6858,37.8469],[140.6919,37.8517],[140.6926,37.8589],[140.6866,37.8665],[140.6877,37.8713],[140.6831,37.8743],[140.6832,37.8798],[140.6906,37.8837],[140.6904,37.8883],[140.6671,37.8954],[140.6613,37.9007],[140.6485,37.8991],[140.6449,37.8958],[140.6251,37.9003],[140.6188,37.9127],[140.6122,37.9156],[140.6106,37.9119],[140.6058,37.912],[140.5921,37.9063],[140.5875,37.9097],[140.5847,37.9093],[140.5672,37.9228],[140.5637,37.9199],[140.5624,37.9114],[140.5321,37.9055],[140.5272,37.9077],[140.5176,37.9078],[140.5159,37.9037],[140.5046,37.9058],[140.4968,37.9003],[140.4882,37.8999],[140.4771,37.9071],[140.4696,37.9199],[140.4681,37.9377],[140.475,37.947],[140.462,37.9525],[140.4495,37.9511],[140.4449,37.9571],[140.4321,37.9544],[140.4096,37.9639],[140.4078,37.9735],[140.3968,37.9741],[140.387,37.9675],[140.3855,37.9531],[140.3652,37.9587],[140.3567,37.9583],[140.3543,37.9555],[140.356,37.9528],[140.3513,37.9505],[140.3362,37.9554],[140.3346,37.9519],[140.3287,37.9586],[140.3162,37.9586],[140.3149,37.9643],[140.3086,37.9642],[140.3025,37.9691],[140.287,37.9729],[140.2752,37.9821],[140.2765,37.9925],[140.2896,38.0073],[140.2798,38.0269],[140.2763,38.0287],[140.2762,38.0351],[140.2834,38.0499],[140.2772,38.0565],[140.2818,38.0596],[140.2879,38.0594],[140.2921,38.0565],[140.2984,38.0565],[140.3027,38.0539],[140.3079,38.0575],[140.315,38.0587],[140.3201,38.0557],[140.3309,38.0562],[140.3433,38.0541],[140.3507,38.055],[140.3547,38.0583],[140.3726,38.0573],[140.382,38.0636],[140.3807,38.0689],[140.3826,38.0713],[140.4021,38.0705],[140.4041,38.0733],[140.4156,38.0792],[140.4211,38.0865],[140.4177,38.1031],[140.4257,38.1149],[140.4242,38.1188],[140.4293,38.1257],[140.4459,38.1301],[140.4432,38.1357],[140.4445,38.1419],[140.4515,38.15],[140.4667,38.1565],[140.4697,38.1699],[140.4795,38.1807],[140.4785,38.1986],[140.4742,38.2037],[140.4712,38.2135],[140.4742,38.2233],[140.4678,38.2325],[140.4705,38.2343],[140.4694,38.2434],[140.4729,38.2526],[140.4699,38.2565],[140.4722,38.2602],[140.4714,38.2697],[140.4868,38.2745],[140.4968,38.2831],[140.4935,38.2904],[140.4927,38.302],[140.503,38.3061],[140.5045,38.3143],[140.5199,38.3098],[140.5293,38.3208],[140.5299,38.3248],[140.5218,38.35],[140.5268,38.3581],[140.5354,38.3624],[140.5444,38.3643],[140.5502,38.3733],[140.5555,38.3777],[140.5636,38.3775],[140.5668,38.3838],[140.5783,38.3931],[140.5755,38.3967],[140.5715,38.4133],[140.5778,38.4199],[140.5806,38.4274],[140.5807,38.4376],[140.5863,38.4408],[140.589,38.4395],[140.5921,38.4412],[140.5973,38.4372],[140.6055,38.4446],[140.6075,38.4445],[140.6134,38.4538],[140.6201,38.4555],[140.6092,38.4583],[140.6073,38.4606],[140.6083,38.4695],[140.6033,38.4774],[140.6045,38.4823],[140.5982,38.4875],[140.5739,38.4958],[140.5688,38.5009],[140.568,38.5032],[140.5695,38.5046],[140.564,38.5109],[140.5705,38.5166],[140.5679,38.5196],[140.5718,38.5255],[140.569,38.5279],[140.5649,38.5272],[140.5565,38.5301],[140.5553,38.5425],[140.5601,38.5425],[140.5655,38.5483],[140.5699,38.5553],[140.5672,38.5596],[140.5682,38.5615],[140.5789,38.5685],[140.5713,38.5806],[140.5722,38.5865],[140.569,38.5895],[140.5699,38.5939],[140.559,38.5979],[140.5587,38.6024],[140.562,38.6047],[140.5611,38.609],[140.5525,38.6137],[140.5498,38.6198],[140.544,38.6241],[140.5425,38.6296],[140.538,38.6341],[140.5467,38.6501],[140.5548,38.6474],[140.563,38.6483],[140.5722,38.6381],[140.5755,38.6394],[140.5884,38.6343],[140.6007,38.6399],[140.6093,38.6602],[140.6131,38.6618],[140.6147,38.6699],[140.6189,38.673],[140.6243,38.6918],[140.6218,38.6956],[140.6238,38.6997],[140.6071,38.7037],[140.6086,38.7074],[140.6074,38.7207],[140.6218,38.7334],[140.6218,38.7405],[140.631,38.747],[140.6348,38.7604],[140.6463,38.7688],[140.643,38.7745],[140.638,38.7775],[140.6292,38.7745],[140.616,38.7777],[140.6135,38.7817],[140.6053,38.7833],[140.6006,38.7911],[140.5993,38.7995],[140.5967,38.8021],[140.5976,38.8083],[140.5955,38.8109],[140.5992,38.8173],[140.599,38.8257],[140.594,38.8278],[140.5912,38.8353],[140.5661,38.8484],[140.5599,38.8477],[140.5569,38.8551],[140.5515,38.8601],[140.5411,38.8618],[140.5407,38.8748],[140.5472,38.8807],[140.5473,38.8895],[140.5515,38.8851],[140.5539,38.8775],[140.5617,38.8741],[140.5684,38.8751],[140.5792,38.8815],[140.5853,38.8804],[140.5903,38.8891],[140.5963,38.8859],[140.607,38.887],[140.6094,38.8917],[140.6147,38.8944],[140.6336,38.8875],[140.6385,38.8833],[140.6439,38.8879],[140.6543,38.8893],[140.6536,38.8914],[140.6701,38.8971],[140.6843,38.9165],[140.6944,38.9199],[140.7004,38.9241],[140.7076,38.9207],[140.7195,38.9309],[140.7303,38.9475],[140.7468,38.9569],[140.7841,38.9595],[140.7944,38.9643],[140.8026,38.9627],[140.8137,38.9644],[140.8262,38.9635],[140.8382,38.9571],[140.8431,38.9497],[140.8665,38.94],[140.8814,38.9291],[140.9055,38.9289],[140.9124,38.9259],[140.9158,38.9172],[140.9224,38.9155],[140.9238,38.9199],[140.9273,38.9215],[140.9312,38.92],[140.9326,38.9167],[140.9407,38.916],[140.9478,38.9106],[140.958,38.9085],[140.9624,38.9025],[140.9667,38.9009],[140.9713,38.8934],[140.9718,38.8877],[140.9844,38.8805],[140.9835,38.8785],[140.9865,38.8755],[140.9918,38.8755],[140.9968,38.8809],[141.0028,38.8813],[141.0058,38.879],[141.014,38.8817],[141.0208,38.8866],[141.0238,38.8811],[141.0307,38.8833],[141.0343,38.8779],[141.044,38.8773],[141.0482,38.8815],[141.0623,38.8839],[141.0755,38.88],[141.0939,38.8881],[141.1032,38.884],[141.1044,38.8803],[141.108,38.878],[141.1218,38.8806],[141.1401,38.8779],[141.1456,38.8699],[141.1463,38.8559],[141.1301,38.8407],[141.1218,38.8356],[141.1051,38.8377],[141.1039,38.8287],[141.1059,38.8232],[141.1094,38.8254],[141.117,38.8231],[141.1217,38.8265],[141.125,38.8239],[141.1244,38.8167],[141.1289,38.8159],[141.1312,38.8133],[141.1407,38.8139],[141.1424,38.8111],[141.1397,38.79],[141.1483,38.7846],[141.1491,38.7863],[141.1631,38.7822],[141.1694,38.7778],[141.1812,38.7848],[141.2047,38.7703],[141.2078,38.7652],[141.2091,38.755],[141.217,38.7495],[141.2348,38.7484],[141.2357,38.7496],[141.2295,38.7532],[141.253,38.7612],[141.255,38.76],[141.2575,38.7629],[141.2566,38.7722],[141.2634,38.7806],[141.2631,38.7877],[141.2691,38.7885],[141.27,38.7938],[141.2736,38.7969],[141.2812,38.7933],[141.2858,38.7978],[141.3035,38.7933],[141.3047,38.7965],[141.3029,38.8009],[141.3068,38.8102],[141.3079,38.8203],[141.3104,38.8227],[141.3174,38.8229],[141.3328,38.8111],[141.3354,38.8073],[141.3419,38.8073],[141.3424,38.8093],[141.3531,38.8128],[141.3632,38.8086],[141.368,38.8092],[141.3803,38.7964],[141.3887,38.8002],[141.3945,38.7997],[141.3981,38.79],[141.415,38.7857],[141.4146,38.7784],[141.4106,38.7721],[141.4107,38.7681],[141.4233,38.7729],[141.4223,38.7803],[141.4293,38.7813],[141.4319,38.7835],[141.4383,38.7833],[141.4392,38.7872],[141.436,38.7871],[141.4329,38.7946],[141.4368,38.8041],[141.4335,38.8079],[141.4314,38.8076],[141.4297,38.8109],[141.437,38.8128],[141.4537,38.8116],[141.4589,38.8148],[141.4533,38.819],[141.4538,38.8251],[141.4502,38.8365],[141.4566,38.8494],[141.4663,38.8572],[141.4525,38.8623],[141.4536,38.8666],[141.4514,38.8767],[141.4645,38.885],[141.4675,38.8887],[141.4665,38.8937],[141.4894,38.9075],[141.4916,38.9159],[141.4909,38.9239],[141.4861,38.9351],[141.4938,38.9562],[141.4907,38.9585],[141.4839,38.9785]]],[[[141.6252,38.8307],[141.6218,38.8359],[141.6168,38.8388],[141.6178,38.8403],[141.6061,38.8597],[141.6064,38.8638],[141.6142,38.8649],[141.6089,38.8669],[141.6028,38.8727],[141.6051,38.877],[141.6145,38.878],[141.6218,38.8813],[141.624,38.8857],[141.6272,38.8837],[141.6278,38.8793],[141.6348,38.8749],[141.6318,38.8729],[141.6333,38.8664],[141.6245,38.8637],[141.6228,38.8605],[141.6279,38.8563],[141.6228,38.8533],[141.6264,38.8488],[141.6364,38.8489],[141.6334,38.8463],[141.6379,38.841],[141.635,38.8387],[141.6299,38.8403],[141.6266,38.8365],[141.6252,38.8307]]],[[[141.5117,38.5498],[141.5138,38.5559],[141.517,38.5553],[141.5117,38.5498]]],[[[141.5275,38.4377],[141.5268,38.4407],[141.5258,38.4417],[141.5236,38.4397],[141.5185,38.4465],[141.5167,38.4513],[141.5197,38.4575],[141.5166,38.4578],[141.516,38.4652],[141.5207,38.4651],[141.5273,38.458],[141.5255,38.4557],[141.5266,38.4536],[141.5312,38.4542],[141.5316,38.4482],[141.5344,38.4439],[141.5275,38.4377]]],[[[141.5938,38.3962],[141.5905,38.3977],[141.591,38.4009],[141.5927,38.4001],[141.5963,38.4023],[141.5996,38.3985],[141.5938,38.3962]]],[[[141.6014,38.3856],[141.6018,38.3893],[141.6059,38.3919],[141.6048,38.3874],[141.6014,38.3856]]],[[[141.4244,38.3768],[141.4185,38.3771],[141.4201,38.3807],[141.4268,38.3805],[141.4244,38.3768]]],[[[141.1236,38.3489],[141.1218,38.3543],[141.1259,38.3521],[141.1236,38.3489]]],[[[141.1145,38.3461],[141.1128,38.3489],[141.1148,38.3528],[141.1165,38.3463],[141.1145,38.3461]]],[[[141.1244,38.3257],[141.1218,38.3302],[141.1179,38.3308],[141.1166,38.3365],[141.12,38.3397],[141.1218,38.3347],[141.1236,38.3346],[141.1227,38.3421],[141.1283,38.3443],[141.1282,38.3476],[141.1297,38.3475],[141.1281,38.3394],[141.1313,38.3423],[141.1317,38.3361],[141.1273,38.3365],[141.1288,38.3328],[141.1305,38.3329],[141.1258,38.3313],[141.1281,38.3291],[141.1277,38.3261],[141.1244,38.3257]]],[[[141.1102,38.3313],[141.104,38.3429],[141.1072,38.3392],[141.1108,38.3411],[141.1146,38.3393],[141.121,38.3451],[141.1163,38.3365],[141.1094,38.3349],[141.1102,38.3313]]],[[[141.1067,38.3275],[141.0984,38.3324],[141.0888,38.3311],[141.0864,38.3329],[141.086,38.3361],[141.0947,38.3365],[141.1035,38.333],[141.1067,38.3275]]],[[[141.0695,38.3244],[141.0669,38.3269],[141.0745,38.328],[141.0756,38.3265],[141.0695,38.3244]]],[[[141.1618,38.3175],[141.1568,38.3181],[141.1554,38.321],[141.1618,38.3175]]],[[[141.5744,38.2693],[141.5697,38.275],[141.5543,38.2861],[141.548,38.3027],[141.5673,38.3139],[141.5713,38.313],[141.5685,38.3096],[141.5899,38.3024],[141.5806,38.2877],[141.5836,38.2818],[141.582,38.2808],[141.5864,38.2781],[141.5774,38.2693],[141.5744,38.2693]]],[[[141.4091,38.2855],[141.4066,38.2899],[141.4119,38.2979],[141.4094,38.3054],[141.4163,38.3128],[141.4225,38.3074],[141.4207,38.3068],[141.4249,38.2941],[141.43,38.2933],[141.4231,38.289],[141.4091,38.2855]]],[[[141.502,38.2464],[141.4965,38.2479],[141.4951,38.2509],[141.4801,38.2504],[141.4757,38.2532],[141.4689,38.2665],[141.4656,38.2651],[141.467,38.2684],[141.4579,38.2683],[141.4595,38.2727],[141.4573,38.2733],[141.4628,38.2757],[141.4607,38.2837],[141.4666,38.2809],[141.4695,38.2835],[141.476,38.2817],[141.4822,38.2771],[141.4868,38.2711],[141.49,38.2598],[141.4925,38.2598],[141.4949,38.2559],[141.4976,38.2577],[141.4988,38.2564],[141.4972,38.2521],[141.502,38.2464]]]]}},{"type":"Feature","properties":{"name":"静岡県","id":22},"geometry":{"type":"MultiPolygon","coordinates":[[[[138.2186,35.6445],[138.2283,35.646],[138.2318,35.639],[138.2288,35.6251],[138.2367,35.6207],[138.2342,35.6147],[138.236,35.6123],[138.2362,35.6061],[138.2404,35.6045],[138.2434,35.5914],[138.2393,35.5865],[138.2422,35.5723],[138.245,35.5691],[138.2455,35.5616],[138.2594,35.5519],[138.2584,35.5297],[138.2615,35.5285],[138.268,35.5157],[138.2603,35.5047],[138.2572,35.4752],[138.2526,35.4653],[138.2468,35.4634],[138.2443,35.4558],[138.2499,35.4463],[138.2556,35.4443],[138.2573,35.4379],[138.2596,35.4259],[138.2571,35.4067],[138.2468,35.4],[138.2468,35.3938],[138.2386,35.3859],[138.2328,35.3762],[138.233,35.3708],[138.2443,35.3657],[138.2468,35.3671],[138.2511,35.3623],[138.2568,35.3385],[138.2488,35.3315],[138.252,35.3288],[138.2562,35.3186],[138.2613,35.3152],[138.2712,35.3133],[138.2778,35.3066],[138.2856,35.3046],[138.2969,35.3165],[138.3089,35.3185],[138.3175,35.3241],[138.3283,35.3275],[138.3355,35.3265],[138.3466,35.3163],[138.3586,35.3173],[138.3595,35.3133],[138.3654,35.3117],[138.3724,35.2994],[138.3667,35.2894],[138.3673,35.2721],[138.3857,35.2452],[138.3921,35.2163],[138.3986,35.2003],[138.4094,35.2025],[138.4189,35.1983],[138.4292,35.1819],[138.4404,35.1779],[138.4422,35.1793],[138.4623,35.1787],[138.4724,35.1761],[138.4778,35.1773],[138.4916,35.1685],[138.5142,35.1916],[138.5162,35.1967],[138.5144,35.1966],[138.5223,35.1991],[138.5295,35.1981],[138.5329,35.2015],[138.5312,35.211],[138.5274,35.2167],[138.5322,35.2234],[138.5265,35.235],[138.5214,35.2532],[138.5146,35.2632],[138.5203,35.2728],[138.5205,35.2856],[138.5133,35.3043],[138.5125,35.3141],[138.5349,35.3306],[138.533,35.343],[138.5293,35.3499],[138.5294,35.3777],[138.528,35.3789],[138.5358,35.3899],[138.5316,35.4062],[138.5334,35.4106],[138.5459,35.417],[138.5567,35.4279],[138.5589,35.4341],[138.5778,35.4419],[138.5819,35.4457],[138.5891,35.4366],[138.5979,35.4308],[138.6096,35.3932],[138.6389,35.3982],[138.6635,35.3983],[138.6711,35.3928],[138.6804,35.3577],[138.6993,35.3603],[138.7007,35.3627],[138.7177,35.3649],[138.7269,35.3639],[138.8028,35.3763],[138.8199,35.3757],[138.8218,35.3741],[138.8336,35.3837],[138.8521,35.3902],[138.8567,35.388],[138.8624,35.3901],[138.8732,35.3815],[138.8797,35.3859],[138.8879,35.3864],[138.9055,35.3969],[138.9162,35.4005],[138.946,35.3997],[138.9669,35.4019],[138.9697,35.4049],[138.9826,35.4035],[138.9853,35.4017],[138.9954,35.4031],[139.0017,35.3988],[138.9994,35.3818],[139.0057,35.3743],[139.0085,35.3595],[139.0132,35.3584],[139.0086,35.3498],[139.0118,35.3373],[139.0187,35.3298],[139.0101,35.3113],[139.0048,35.2897],[138.9968,35.288],[138.9931,35.2849],[138.9752,35.2617],[138.9747,35.2532],[138.978,35.24],[138.976,35.2356],[138.9782,35.2347],[138.983,35.2235],[138.982,35.2195],[138.9872,35.2131],[138.9876,35.2012],[139.0118,35.1822],[139.0215,35.1817],[139.0261,35.1755],[139.0286,35.1699],[139.0273,35.1597],[139.0306,35.1578],[139.0287,35.1506],[139.0437,35.1499],[139.0672,35.1445],[139.0768,35.1445],[139.086,35.1409],[139.1115,35.1413],[139.1083,35.1295],[139.0985,35.1187],[139.0894,35.1139],[139.0825,35.1013],[139.0786,35.0997],[139.0746,35.0927],[139.0818,35.0863],[139.0744,35.0803],[139.0793,35.0693],[139.0746,35.0614],[139.0687,35.0568],[139.0739,35.0468],[139.0783,35.0475],[139.0861,35.0447],[139.0921,35.0495],[139.0995,35.0461],[139.0984,35.0075],[139.0882,35.0088],[139.0835,35.0032],[139.0848,34.9982],[139.093,34.9911],[139.0957,34.9756],[139.1049,34.9701],[139.1116,34.9731],[139.1218,34.9719],[139.1276,34.9691],[139.1298,34.963],[139.1291,34.9571],[139.1345,34.9515],[139.1452,34.9558],[139.1461,34.9473],[139.1433,34.9409],[139.1479,34.9361],[139.1472,34.9298],[139.1402,34.9199],[139.1386,34.9075],[139.1344,34.9034],[139.1324,34.8963],[139.1383,34.8947],[139.1405,34.8907],[139.1342,34.8861],[139.1314,34.8789],[139.1185,34.8724],[139.1027,34.8695],[139.0982,34.8578],[139.0946,34.856],[139.088,34.8582],[139.0825,34.8521],[139.0779,34.8429],[139.0753,34.831],[139.0793,34.8252],[139.0778,34.8191],[139.0713,34.814],[139.0628,34.8016],[139.0583,34.7848],[139.0418,34.7737],[139.0437,34.7713],[139.0475,34.7709],[139.0478,34.7677],[139.0391,34.7657],[139.0292,34.7678],[139.0246,34.7633],[139.0211,34.7548],[139.0135,34.7519],[139.0063,34.7525],[138.9975,34.7425],[139.0,34.7366],[138.9966,34.729],[138.9939,34.7286],[138.9917,34.7234],[138.9889,34.7222],[138.9925,34.7176],[138.9828,34.7097],[138.9787,34.7087],[138.9734,34.6907],[138.9772,34.6823],[138.9802,34.6816],[138.9781,34.68],[138.9783,34.677],[138.9728,34.6759],[138.9804,34.6672],[138.9838,34.6684],[138.9867,34.6671],[138.9852,34.6645],[138.9872,34.6579],[138.9815,34.6602],[138.9786,34.6539],[138.9678,34.6562],[138.9665,34.6533],[138.9571,34.654],[138.9571,34.6591],[138.9609,34.6699],[138.9635,34.6725],[138.9574,34.6765],[138.953,34.6752],[138.9535,34.674],[138.9478,34.6737],[138.9477,34.6626],[138.9411,34.6677],[138.9364,34.6665],[138.9413,34.6623],[138.9363,34.6594],[138.9327,34.6604],[138.9193,34.6531],[138.9169,34.648],[138.9177,34.6447],[138.9125,34.6356],[138.9048,34.6289],[138.8977,34.6333],[138.89,34.6335],[138.8886,34.6285],[138.8914,34.629],[138.8887,34.6249],[138.8862,34.6269],[138.8869,34.6239],[138.8756,34.6227],[138.8718,34.6175],[138.8667,34.6195],[138.8637,34.6163],[138.859,34.6151],[138.86,34.6124],[138.8497,34.6131],[138.8478,34.6045],[138.8432,34.6081],[138.846,34.6021],[138.8436,34.6011],[138.84,34.6046],[138.8262,34.6062],[138.8235,34.6159],[138.8212,34.6123],[138.815,34.6148],[138.81,34.6277],[138.801,34.6245],[138.7986,34.6218],[138.794,34.6225],[138.7938,34.6333],[138.7889,34.6391],[138.7822,34.6377],[138.778,34.6397],[138.7723,34.6477],[138.7734,34.655],[138.7785,34.6546],[138.7802,34.6589],[138.7844,34.6613],[138.7902,34.6593],[138.7895,34.6609],[138.7914,34.6619],[138.7883,34.6696],[138.7837,34.6664],[138.7786,34.6671],[138.7769,34.6743],[138.7698,34.6812],[138.7668,34.6802],[138.7669,34.6837],[138.7573,34.6909],[138.7433,34.6876],[138.7392,34.6899],[138.7431,34.6933],[138.7412,34.6947],[138.7432,34.7001],[138.7407,34.7002],[138.7417,34.7227],[138.7391,34.7262],[138.7468,34.7279],[138.7468,34.7333],[138.7497,34.7355],[138.756,34.733],[138.7558,34.7396],[138.7593,34.7377],[138.7609,34.7406],[138.7562,34.7441],[138.7553,34.747],[138.7595,34.7467],[138.7643,34.7517],[138.7698,34.7532],[138.7756,34.7517],[138.7757,34.7641],[138.7734,34.7689],[138.7634,34.7701],[138.7702,34.7732],[138.7666,34.7756],[138.7669,34.7816],[138.76,34.7909],[138.7562,34.7918],[138.7578,34.7939],[138.7562,34.7951],[138.7572,34.7973],[138.7528,34.7999],[138.7565,34.8036],[138.759,34.8012],[138.7625,34.8023],[138.7606,34.8051],[138.7653,34.8095],[138.7633,34.8125],[138.756,34.8115],[138.7517,34.8192],[138.7524,34.8227],[138.7599,34.8289],[138.7655,34.8284],[138.7616,34.8256],[138.7665,34.8218],[138.7681,34.8233],[138.7677,34.8299],[138.7644,34.8311],[138.7605,34.8431],[138.7651,34.8431],[138.7653,34.8469],[138.7678,34.8478],[138.7694,34.8463],[138.7746,34.8497],[138.7753,34.8563],[138.7674,34.8579],[138.7662,34.8617],[138.7599,34.8612],[138.7538,34.8678],[138.7571,34.8695],[138.7561,34.8845],[138.7678,34.8967],[138.7722,34.8951],[138.7804,34.8997],[138.7815,34.9054],[138.7875,34.9059],[138.7897,34.908],[138.7859,34.9199],[138.779,34.9256],[138.7755,34.9416],[138.7677,34.949],[138.7631,34.9626],[138.7632,34.9751],[138.7673,34.9776],[138.7655,34.9733],[138.7717,34.9699],[138.7766,34.9705],[138.7744,34.9789],[138.7699,34.9804],[138.77,34.9853],[138.7798,35.0032],[138.7785,35.008],[138.7797,35.0174],[138.7874,35.0302],[138.7893,35.0302],[138.787,35.0279],[138.7868,35.0239],[138.7961,35.0238],[138.8,35.0211],[138.8107,35.0192],[138.813,35.0219],[138.8214,35.0239],[138.828,35.0229],[138.8371,35.0177],[138.8416,35.0181],[138.8456,35.0139],[138.856,35.02],[138.8697,35.0217],[138.8758,35.0249],[138.8787,35.0192],[138.8827,35.0247],[138.8852,35.0245],[138.8856,35.0185],[138.8896,35.0173],[138.8946,35.0189],[138.8985,35.0245],[138.8948,35.0262],[138.8924,35.0311],[138.8979,35.0375],[138.8979,35.0434],[138.8995,35.0425],[138.9063,35.0479],[138.8919,35.0514],[138.8916,35.0479],[138.8871,35.0465],[138.8718,35.0708],[138.8679,35.0735],[138.8635,35.0721],[138.8527,35.0795],[138.854,35.0811],[138.8516,35.0848],[138.8499,35.083],[138.8489,35.0841],[138.8509,35.0865],[138.8453,35.0944],[138.8278,35.107],[138.7939,35.1209],[138.7525,35.1311],[138.6977,35.1367],[138.6954,35.1399],[138.7004,35.1423],[138.6971,35.1433],[138.6955,35.1411],[138.6956,35.1447],[138.6891,35.1435],[138.685,35.1451],[138.6919,35.1392],[138.6908,35.1385],[138.6932,35.1385],[138.698,35.1345],[138.6843,35.133],[138.6393,35.1149],[138.6065,35.1149],[138.5737,35.1102],[138.5566,35.0997],[138.5577,35.1016],[138.5564,35.1015],[138.5415,35.0679],[138.533,35.0553],[138.5173,35.0458],[138.5159,35.0381],[138.513,35.0431],[138.5109,35.0431],[138.5126,35.0364],[138.5113,35.0353],[138.5083,35.0437],[138.5059,35.0417],[138.5085,35.0334],[138.5057,35.0311],[138.5028,35.0364],[138.5011,35.0363],[138.5025,35.0311],[138.5003,35.0296],[138.4968,35.0339],[138.494,35.032],[138.4991,35.0266],[138.4959,35.0183],[138.4947,35.0217],[138.4908,35.0223],[138.4908,35.0193],[138.4956,35.0168],[138.4964,35.0115],[138.4926,35.0127],[138.4951,35.0089],[138.4968,35.0097],[138.4975,34.9961],[138.5017,34.9921],[138.5043,34.9925],[138.5,34.9893],[138.5029,34.9859],[138.5083,34.9867],[138.5115,34.9945],[138.5071,35.0001],[138.5013,35.0014],[138.5011,35.0045],[138.5061,35.0037],[138.5052,35.0065],[138.5025,35.0068],[138.5041,35.0153],[138.5128,35.0149],[138.5177,35.008],[138.5196,35.0079],[138.5186,35.0132],[138.5151,35.0207],[138.5239,35.0193],[138.5332,35.0131],[138.527,34.9972],[138.5148,34.9835],[138.4968,34.9717],[138.4734,34.9611],[138.4136,34.9423],[138.3979,34.9298],[138.3709,34.9221],[138.3686,34.925],[138.3668,34.9242],[138.3693,34.9218],[138.3573,34.9151],[138.3481,34.8969],[138.3397,34.8888],[138.3385,34.8824],[138.3314,34.8743],[138.3348,34.8718],[138.3333,34.8688],[138.3308,34.8719],[138.3301,34.8694],[138.3274,34.8691],[138.3286,34.8734],[138.3269,34.8711],[138.3255,34.8726],[138.3242,34.8697],[138.3247,34.8666],[138.3265,34.8679],[138.3242,34.8532],[138.3289,34.8498],[138.3277,34.8467],[138.3244,34.8505],[138.3263,34.8447],[138.3305,34.849],[138.3356,34.8434],[138.3387,34.8326],[138.2995,34.7785],[138.2953,34.7791],[138.2958,34.7832],[138.2928,34.7839],[138.2892,34.7817],[138.2945,34.7764],[138.3021,34.777],[138.3006,34.7709],[138.2673,34.7529],[138.2268,34.7273],[138.2195,34.7173],[138.2135,34.7031],[138.2153,34.7021],[138.2076,34.6892],[138.2091,34.6867],[138.1976,34.6699],[138.1936,34.654],[138.1942,34.6376],[138.1998,34.6297],[138.2013,34.6303],[138.2017,34.6274],[138.2025,34.6287],[138.2064,34.6198],[138.2089,34.6207],[138.2128,34.6164],[138.2107,34.6151],[138.2133,34.6159],[138.2164,34.6126],[138.2196,34.614],[138.217,34.6096],[138.2333,34.6045],[138.2331,34.5995],[138.2267,34.5946],[138.21,34.5992],[138.1931,34.6001],[138.1218,34.6276],[138.0614,34.6466],[138.0631,34.6577],[138.0566,34.6479],[138.0273,34.6555],[137.9699,34.6654],[137.9115,34.667],[137.9046,34.6657],[137.9015,34.6671],[137.8471,34.6569],[137.7986,34.6447],[137.767,34.6499],[137.7483,34.6565],[137.7513,34.6661],[137.7444,34.6677],[137.7489,34.6634],[137.7468,34.657],[137.6782,34.6699],[137.627,34.6758],[137.5995,34.6763],[137.5977,34.6779],[137.5855,34.6789],[137.5322,34.6781],[137.4839,34.6738],[137.4844,34.6829],[137.4875,34.6869],[137.491,34.7001],[137.4881,34.7152],[137.4828,34.7195],[137.4784,34.7345],[137.4799,34.7403],[137.4756,34.7471],[137.4748,34.7532],[137.4768,34.7563],[137.4787,34.7707],[137.4768,34.7735],[137.481,34.781],[137.4928,34.7867],[137.4934,34.7995],[137.4922,34.8043],[137.4868,34.8114],[137.501,34.8224],[137.4987,34.8267],[137.502,34.8328],[137.519,34.8365],[137.533,34.8441],[137.5383,34.8418],[137.5434,34.8433],[137.551,34.8517],[137.5868,34.8499],[137.5933,34.8571],[137.5971,34.8722],[137.6144,34.875],[137.634,34.8865],[137.6398,34.8921],[137.6426,34.9079],[137.6465,34.9096],[137.6466,34.9162],[137.6521,34.9249],[137.6508,34.9318],[137.6614,34.9457],[137.669,34.9482],[137.6752,34.9454],[137.6828,34.9549],[137.6883,34.9563],[137.6961,34.9714],[137.7041,34.9699],[137.7071,34.9723],[137.7003,34.9837],[137.7073,34.9952],[137.7034,34.9971],[137.7009,35.0032],[137.7047,35.0147],[137.7145,35.0255],[137.7172,35.035],[137.7279,35.0399],[137.7365,35.0525],[137.7468,35.0604],[137.7746,35.0771],[137.7735,35.0896],[137.7782,35.0995],[137.7919,35.0953],[137.7946,35.1022],[137.8002,35.1053],[137.7987,35.1254],[137.7931,35.1277],[137.7925,35.1344],[137.7965,35.1365],[137.7995,35.1319],[137.8041,35.1306],[137.8144,35.1402],[137.8121,35.144],[137.8145,35.1525],[137.8213,35.1481],[137.8265,35.1505],[137.8285,35.1537],[137.8211,35.1583],[137.8257,35.1661],[137.8232,35.1699],[137.8182,35.1745],[137.8084,35.1763],[137.803,35.1832],[137.8074,35.1877],[137.8143,35.1865],[137.822,35.2039],[137.8307,35.2049],[137.8278,35.2114],[137.838,35.2125],[137.8378,35.2164],[137.8413,35.2165],[137.8481,35.2215],[137.8614,35.2231],[137.8718,35.2188],[137.8803,35.2266],[137.8841,35.2378],[137.8824,35.2481],[137.8952,35.2579],[137.9127,35.2533],[137.9191,35.2552],[137.9247,35.2619],[137.9305,35.2757],[137.9457,35.2769],[137.9525,35.2831],[137.9672,35.2833],[137.9748,35.2934],[137.9829,35.293],[137.9948,35.3022],[138.0066,35.3042],[138.0187,35.3009],[138.0276,35.3117],[138.0266,35.3207],[138.0392,35.3267],[138.0378,35.3332],[138.052,35.3365],[138.0566,35.3441],[138.0632,35.3471],[138.0717,35.3465],[138.0844,35.3379],[138.0873,35.3379],[138.0943,35.3425],[138.094,35.3513],[138.0983,35.3551],[138.1017,35.3548],[138.1077,35.3606],[138.1218,35.3671],[138.126,35.3674],[138.1293,35.3652],[138.1419,35.3707],[138.1519,35.393],[138.1521,35.3981],[138.143,35.4062],[138.1396,35.4058],[138.1344,35.4091],[138.1389,35.4176],[138.1387,35.4232],[138.1214,35.4286],[138.1236,35.4369],[138.1193,35.4479],[138.1218,35.4563],[138.1324,35.4537],[138.1439,35.4591],[138.1552,35.4589],[138.1602,35.47],[138.1564,35.4748],[138.1599,35.4882],[138.1645,35.4939],[138.1547,35.4954],[138.1456,35.5005],[138.14,35.4997],[138.1462,35.5185],[138.1381,35.5219],[138.1594,35.5451],[138.1541,35.5533],[138.1423,35.5555],[138.1468,35.5589],[138.1518,35.5703],[138.1593,35.5754],[138.1628,35.5815],[138.1696,35.5823],[138.1798,35.5745],[138.1852,35.5737],[138.1899,35.5787],[138.1975,35.5969],[138.2058,35.609],[138.2027,35.6204],[138.2043,35.6325],[138.2118,35.6359],[138.2186,35.6445]]],[[[139.1687,35.0365],[139.1639,35.0425],[139.1705,35.0426],[139.1756,35.0401],[139.1754,35.0383],[139.1687,35.0365]]],[[[138.8872,35.0314],[138.8865,35.0359],[138.8903,35.0315],[138.8872,35.0314]]],[[[138.219,34.6184],[138.21,34.6205],[138.2176,34.6262],[138.2209,34.6225],[138.219,34.6184]]]]}},{"type":"Feature","properties":{"name":"茨城県","id":8},"geometry":{"type":"MultiPolygon","coordinates":[[[[140.5682,36.9375],[140.574,36.9397],[140.5763,36.9428],[140.5834,36.9433],[140.5863,36.9455],[140.5918,36.9383],[140.594,36.9389],[140.5945,36.9263],[140.6009,36.9223],[140.6144,36.9084],[140.6164,36.9035],[140.6271,36.9025],[140.6374,36.8977],[140.6478,36.901],[140.6552,36.9007],[140.657,36.8974],[140.6811,36.8928],[140.6882,36.8888],[140.6955,36.8883],[140.6992,36.8837],[140.7057,36.8808],[140.7062,36.8785],[140.7182,36.8724],[140.7236,36.8715],[140.7258,36.8747],[140.7349,36.8725],[140.7415,36.8755],[140.7468,36.8715],[140.759,36.8677],[140.7586,36.8725],[140.7621,36.8703],[140.7603,36.8684],[140.7617,36.8659],[140.7637,36.8649],[140.7649,36.8667],[140.7647,36.8633],[140.7659,36.8673],[140.7652,36.8623],[140.7708,36.8627],[140.7693,36.8659],[140.7729,36.8659],[140.7728,36.8672],[140.7794,36.8666],[140.7861,36.8615],[140.7863,36.8563],[140.7936,36.8596],[140.7931,36.8563],[140.7951,36.8577],[140.7976,36.854],[140.7973,36.8443],[140.8033,36.8365],[140.8033,36.8333],[140.8062,36.8313],[140.7981,36.8269],[140.7919,36.8299],[140.789,36.8297],[140.7892,36.8281],[140.7863,36.8295],[140.7872,36.8267],[140.7856,36.8291],[140.7856,36.8272],[140.7789,36.8258],[140.7705,36.8199],[140.7468,36.7807],[140.7312,36.7423],[140.7292,36.7232],[140.7169,36.6927],[140.7146,36.6699],[140.7164,36.6624],[140.709,36.6556],[140.705,36.6555],[140.7005,36.6526],[140.7012,36.6504],[140.6941,36.6441],[140.6891,36.6216],[140.683,36.6168],[140.6713,36.5982],[140.6666,36.5947],[140.6629,36.5815],[140.6554,36.576],[140.6447,36.5511],[140.6466,36.5446],[140.6408,36.5403],[140.6325,36.51],[140.6275,36.5],[140.6281,36.4951],[140.6257,36.4985],[140.624,36.4973],[140.6244,36.4935],[140.6218,36.4956],[140.6176,36.4907],[140.6213,36.4885],[140.6204,36.4865],[140.6117,36.4871],[140.6115,36.4848],[140.6223,36.4836],[140.6234,36.4818],[140.6192,36.4802],[140.6149,36.4834],[140.612,36.4779],[140.6084,36.4545],[140.6081,36.4403],[140.627,36.4414],[140.6269,36.4312],[140.6165,36.4329],[140.6165,36.4313],[140.6082,36.4312],[140.6078,36.4265],[140.6101,36.4265],[140.6092,36.4118],[140.6157,36.411],[140.6098,36.4106],[140.6097,36.4053],[140.6154,36.4053],[140.6118,36.4047],[140.6113,36.4023],[140.6157,36.3883],[140.6215,36.3831],[140.6236,36.3843],[140.6268,36.3813],[140.6218,36.3623],[140.6088,36.3518],[140.6058,36.3429],[140.6041,36.3435],[140.5988,36.3387],[140.5969,36.3417],[140.5942,36.3374],[140.5959,36.3354],[140.5939,36.3201],[140.5875,36.3124],[140.588,36.3107],[140.5852,36.3091],[140.5848,36.3108],[140.5686,36.3084],[140.5685,36.3062],[140.5659,36.3047],[140.5596,36.2917],[140.5597,36.2558],[140.572,36.1846],[140.5862,36.1428],[140.61,36.0865],[140.6572,35.9959],[140.6736,35.9689],[140.681,35.9709],[140.7011,35.9377],[140.6936,35.9344],[140.6938,35.9296],[140.6784,35.9199],[140.6742,35.9199],[140.6654,35.9238],[140.667,35.9267],[140.6629,35.9286],[140.6629,35.9234],[140.6736,35.9127],[140.6748,35.897],[140.6775,35.8967],[140.6872,35.8818],[140.6908,35.8829],[140.68,35.8997],[140.6773,35.912],[140.7001,35.9257],[140.7023,35.9221],[140.7049,35.9221],[140.7071,35.925],[140.7091,35.9199],[140.7417,35.8745],[140.7398,35.8736],[140.7441,35.8652],[140.775,35.8233],[140.8318,35.7532],[140.8383,35.7485],[140.8411,35.7502],[140.84,35.7487],[140.8428,35.7464],[140.845,35.7483],[140.8465,35.7433],[140.8519,35.7439],[140.8467,35.74],[140.8204,35.7396],[140.7468,35.7818],[140.7295,35.7962],[140.7175,35.8227],[140.7061,35.8365],[140.6821,35.8495],[140.6318,35.8589],[140.6125,35.8901],[140.5989,35.9032],[140.5884,35.9063],[140.588,35.9106],[140.5852,35.9093],[140.5769,35.9199],[140.5333,35.9413],[140.5113,35.9587],[140.5012,35.9466],[140.4953,35.9308],[140.4905,35.9319],[140.4872,35.9281],[140.4908,35.9151],[140.5028,35.9058],[140.4841,35.9099],[140.471,35.9199],[140.4585,35.9261],[140.4486,35.9152],[140.4205,35.9064],[140.3988,35.9093],[140.3665,35.9002],[140.3557,35.8945],[140.3502,35.8856],[140.3353,35.8726],[140.3176,35.8644],[140.3082,35.8645],[140.2812,35.8741],[140.2731,35.8723],[140.2436,35.8554],[140.2325,35.8541],[140.2137,35.862],[140.2064,35.8614],[140.1679,35.8455],[140.1548,35.8426],[140.1466,35.8456],[140.1272,35.8709],[140.1218,35.8736],[140.089,35.8841],[140.0762,35.877],[140.0705,35.8784],[140.0608,35.8883],[140.0486,35.8918],[140.0306,35.9009],[140.017,35.9106],[139.9931,35.9103],[139.9785,35.922],[139.966,35.9265],[139.9521,35.9357],[139.9392,35.9403],[139.9321,35.9497],[139.9382,35.9619],[139.9341,35.9684],[139.9171,35.9703],[139.9008,35.9769],[139.8842,35.9889],[139.8785,36.0072],[139.8591,36.0275],[139.846,36.0347],[139.8106,36.066],[139.8012,36.0919],[139.7868,36.1041],[139.7775,36.098],[139.7762,36.0909],[139.772,36.0865],[139.7703,36.0812],[139.761,36.0813],[139.7468,36.0871],[139.7319,36.0865],[139.7298,36.0879],[139.7268,36.1114],[139.7154,36.1243],[139.7101,36.1359],[139.6986,36.1521],[139.6912,36.1726],[139.6944,36.1903],[139.6896,36.1945],[139.6879,36.1998],[139.6914,36.2061],[139.6974,36.2063],[139.7001,36.2035],[139.7064,36.2019],[139.7071,36.2107],[139.7192,36.2115],[139.7202,36.2085],[139.7272,36.206],[139.7274,36.2016],[139.7574,36.2175],[139.8217,36.2398],[139.8343,36.2688],[139.8413,36.2754],[139.8354,36.2935],[139.8487,36.3113],[139.8576,36.3105],[139.8644,36.3152],[139.8673,36.3139],[139.8718,36.315],[139.8747,36.3231],[139.8782,36.323],[139.8826,36.3214],[139.8788,36.3146],[139.8802,36.3098],[139.8842,36.3116],[139.8964,36.3098],[139.8989,36.3066],[139.8954,36.3044],[139.8954,36.3008],[139.8994,36.3012],[139.904,36.2983],[139.9096,36.3006],[139.9151,36.3095],[139.9112,36.3099],[139.9142,36.3365],[139.922,36.3413],[139.934,36.3436],[139.9451,36.3484],[139.9645,36.3509],[139.9653,36.3641],[139.9733,36.3785],[139.9791,36.3703],[139.9885,36.3675],[139.992,36.3696],[140.0021,36.3681],[140.0035,36.3702],[140.0005,36.3766],[140.0107,36.3733],[140.0144,36.3773],[140.0157,36.3772],[140.0144,36.3749],[140.0313,36.3779],[140.0449,36.3751],[140.0611,36.3809],[140.0692,36.3889],[140.0663,36.3943],[140.0665,36.4038],[140.079,36.4036],[140.0886,36.3983],[140.0928,36.4013],[140.101,36.3966],[140.101,36.3942],[140.1111,36.3989],[140.1101,36.4075],[140.1156,36.4113],[140.1304,36.4147],[140.1406,36.4121],[140.1443,36.4141],[140.1561,36.3984],[140.1853,36.3983],[140.1916,36.4043],[140.2024,36.4199],[140.2021,36.4328],[140.2055,36.4471],[140.2028,36.4543],[140.2073,36.4579],[140.2094,36.4651],[140.213,36.4684],[140.2135,36.473],[140.2276,36.4874],[140.2303,36.4934],[140.2309,36.5029],[140.2357,36.5032],[140.2358,36.5048],[140.2415,36.5032],[140.2424,36.5073],[140.2484,36.5077],[140.2477,36.5139],[140.2603,36.5176],[140.2547,36.5225],[140.2488,36.5329],[140.2479,36.5461],[140.2516,36.5545],[140.2439,36.5629],[140.2468,36.5647],[140.243,36.5739],[140.248,36.5973],[140.2468,36.6133],[140.2399,36.6244],[140.2347,36.6239],[140.2339,36.6341],[140.2425,36.6364],[140.2399,36.6444],[140.241,36.6489],[140.2384,36.6541],[140.2295,36.6622],[140.2319,36.6633],[140.2316,36.6699],[140.2216,36.6743],[140.2217,36.6773],[140.2236,36.6769],[140.2245,36.6803],[140.2206,36.6859],[140.2321,36.7001],[140.243,36.6981],[140.2468,36.7023],[140.2674,36.7026],[140.2743,36.7079],[140.2799,36.7074],[140.2848,36.7118],[140.2926,36.7127],[140.2885,36.7174],[140.2837,36.7333],[140.2639,36.748],[140.2568,36.7572],[140.2555,36.7645],[140.2609,36.7673],[140.2546,36.7739],[140.2567,36.7763],[140.2539,36.7837],[140.2652,36.7887],[140.2666,36.7963],[140.2641,36.8094],[140.2661,36.8129],[140.267,36.8236],[140.2628,36.8365],[140.2556,36.8407],[140.257,36.8469],[140.2525,36.8505],[140.2559,36.8721],[140.2489,36.9199],[140.2524,36.9277],[140.2594,36.9331],[140.274,36.9307],[140.2833,36.9353],[140.2983,36.9294],[140.3076,36.9199],[140.318,36.9129],[140.3224,36.9053],[140.3257,36.8928],[140.3472,36.8853],[140.3631,36.8851],[140.3678,36.8807],[140.3718,36.8715],[140.3686,36.8654],[140.3711,36.8551],[140.3764,36.8458],[140.3773,36.838],[140.3955,36.8326],[140.4111,36.8306],[140.4153,36.832],[140.422,36.8231],[140.4317,36.8176],[140.4385,36.8216],[140.4581,36.7984],[140.462,36.797],[140.4637,36.7918],[140.4785,36.7977],[140.4898,36.8125],[140.4879,36.8182],[140.5022,36.8187],[140.5051,36.8233],[140.5116,36.8223],[140.5172,36.8279],[140.5198,36.8365],[140.5283,36.8407],[140.5293,36.8491],[140.5354,36.8525],[140.5394,36.8592],[140.5574,36.8603],[140.5619,36.8633],[140.5729,36.8652],[140.5758,36.8691],[140.5808,36.8673],[140.589,36.8747],[140.5919,36.8731],[140.5926,36.8813],[140.5814,36.8933],[140.5807,36.9046],[140.5716,36.9127],[140.565,36.9129],[140.57,36.9324],[140.5682,36.9375]]]]}},{"type":"Feature","properties":{"name":"沖縄県","id":47},"geometry":{"type":"MultiPolygon","coordinates":[[[[128.2333,27.8599],[128.2269,27.8627],[128.2217,27.8679],[128.2165,27.8769],[128.2206,27.8847],[128.2233,27.8845],[128.2349,27.8662],[128.2333,27.8599]]],[[[127.9339,26.9943],[127.9324,26.9953],[127.9365,27.0061],[127.9326,27.0103],[127.9314,27.0203],[127.9415,27.0296],[127.9493,27.0426],[127.9586,27.0496],[127.9705,27.0637],[127.9824,27.071],[127.9944,27.0883],[128.0063,27.0895],[128.0191,27.0945],[128.0206,27.0897],[128.0125,27.0865],[127.9961,27.0678],[127.9985,27.0587],[127.9968,27.0585],[127.9905,27.0447],[127.9823,27.0395],[127.9784,27.0404],[127.9666,27.0369],[127.9623,27.0326],[127.9637,27.0282],[127.9654,27.0286],[127.9635,27.0227],[127.9459,27.0195],[127.9414,27.0163],[127.9386,27.0032],[127.9339,26.9943]]],[[[127.92,26.9889],[127.9141,26.991],[127.912,26.9961],[127.9217,27.0005],[127.9256,26.9981],[127.92,26.9889]]],[[[127.9492,26.9727],[127.9407,26.9753],[127.9464,26.9781],[127.9583,26.9743],[127.9492,26.9727]]],[[[127.9384,26.9106],[127.9362,26.9133],[127.9293,26.9128],[127.9222,26.9173],[127.9184,26.9216],[127.9197,26.9357],[127.9138,26.9338],[127.9112,26.9357],[127.9137,26.9385],[127.9185,26.9385],[127.9157,26.9405],[127.9152,26.9449],[127.9359,26.9547],[127.9538,26.9453],[127.9558,26.9349],[127.9505,26.9296],[127.9498,26.9199],[127.9527,26.9138],[127.9384,26.9106]]],[[[127.9295,26.891],[127.921,26.8933],[127.9199,26.9016],[127.9289,26.901],[127.9261,26.9003],[127.926,26.8953],[127.9322,26.8933],[127.9295,26.891]]],[[[128.1534,26.7166],[128.1563,26.7191],[128.1594,26.7277],[128.154,26.7397],[128.1501,26.7399],[128.1515,26.7451],[128.1544,26.7448],[128.1555,26.7425],[128.1788,26.7475],[128.1865,26.7532],[128.1881,26.7585],[128.1967,26.7665],[128.2026,26.7665],[128.2039,26.7745],[128.2208,26.7875],[128.2249,26.7966],[128.2305,26.7966],[128.2294,26.8013],[128.2325,26.8099],[128.2406,26.8214],[128.2432,26.8303],[128.2503,26.8386],[128.252,26.8493],[128.2429,26.8577],[128.2468,26.8686],[128.2561,26.8748],[128.2641,26.8721],[128.2605,26.8669],[128.2675,26.8596],[128.2787,26.8556],[128.2791,26.8515],[128.287,26.8465],[128.2902,26.841],[128.2985,26.8458],[128.3036,26.8445],[128.305,26.8365],[128.3035,26.8313],[128.3074,26.8255],[128.315,26.8201],[128.3174,26.8131],[128.3189,26.8135],[128.3167,26.8069],[128.3202,26.796],[128.3157,26.7922],[128.3237,26.7829],[128.3239,26.7765],[128.3211,26.7712],[128.3239,26.7668],[128.3185,26.756],[128.3233,26.7534],[128.3252,26.7552],[128.3257,26.7532],[128.3258,26.7493],[128.3176,26.7432],[128.3177,26.735],[128.3077,26.7305],[128.3019,26.7209],[128.2928,26.7173],[128.2969,26.7149],[128.2968,26.7099],[128.2897,26.7067],[128.2924,26.7021],[128.2869,26.6965],[128.2806,26.6964],[128.282,26.6939],[128.2799,26.6919],[128.2781,26.6772],[128.273,26.6704],[128.2633,26.6671],[128.2618,26.6587],[128.2593,26.6571],[128.2564,26.6583],[128.2509,26.6523],[128.2492,26.6437],[128.2341,26.6299],[128.2307,26.6309],[128.2127,26.6264],[128.1842,26.6236],[128.1604,26.6289],[128.1487,26.6291],[128.1447,26.6237],[128.1493,26.6131],[128.1526,26.6103],[128.1528,26.6044],[128.1502,26.5977],[128.1443,26.5973],[128.138,26.6001],[128.1229,26.6025],[128.1274,26.592],[128.1346,26.5865],[128.1435,26.5713],[128.1497,26.5679],[128.1381,26.5663],[128.1373,26.5529],[128.1274,26.5541],[128.1096,26.5503],[128.0994,26.5431],[128.1004,26.5384],[128.0948,26.5408],[128.0912,26.5385],[128.0939,26.534],[128.088,26.5359],[128.076,26.545],[128.0638,26.5513],[128.0498,26.5469],[128.0441,26.5475],[128.041,26.549],[128.0416,26.5588],[128.0364,26.5513],[128.0321,26.5527],[128.0519,26.5201],[128.0307,26.5192],[128.0312,26.513],[128.0251,26.5105],[128.0086,26.5143],[128.0039,26.5107],[128.0055,26.5067],[128.0024,26.5048],[127.9988,26.51],[127.9962,26.509],[127.9905,26.5032],[127.9988,26.4941],[128.0011,26.485],[127.9968,26.4806],[127.9879,26.4801],[127.9899,26.4753],[127.9739,26.4695],[127.9645,26.4676],[127.961,26.4717],[127.9575,26.4728],[127.9565,26.4714],[127.9548,26.4732],[127.9502,26.4721],[127.95,26.4667],[127.9455,26.464],[127.9453,26.4615],[127.9489,26.4557],[127.9437,26.4537],[127.9424,26.4425],[127.9468,26.4411],[127.9479,26.4375],[127.9416,26.4407],[127.9277,26.4392],[127.916,26.446],[127.8989,26.4487],[127.885,26.4561],[127.8747,26.4544],[127.8686,26.4569],[127.8515,26.4501],[127.8417,26.4366],[127.845,26.4345],[127.8391,26.4263],[127.8302,26.4311],[127.829,26.4238],[127.8263,26.4246],[127.8257,26.4232],[127.8278,26.4193],[127.8334,26.4169],[127.8398,26.4051],[127.8573,26.3973],[127.8718,26.3855],[127.8768,26.3786],[127.8734,26.3769],[127.8738,26.3681],[127.8718,26.3657],[127.8718,26.3611],[127.8851,26.342],[127.9015,26.3291],[127.9075,26.3282],[127.9162,26.3311],[127.9174,26.3293],[127.9132,26.3276],[127.9111,26.3238],[127.9173,26.3166],[127.921,26.3013],[127.9202,26.2954],[127.9156,26.2943],[127.913,26.2993],[127.899,26.3047],[127.8897,26.3121],[127.8718,26.3321],[127.8649,26.3439],[127.8624,26.3447],[127.8557,26.3423],[127.838,26.3315],[127.8328,26.3212],[127.8397,26.3215],[127.84,26.3195],[127.8446,26.3187],[127.8466,26.316],[127.8429,26.3139],[127.8288,26.3125],[127.8252,26.3082],[127.8277,26.3033],[127.8235,26.3023],[127.8158,26.3045],[127.8098,26.2975],[127.8119,26.2949],[127.8094,26.2941],[127.8162,26.288],[127.8162,26.2774],[127.8116,26.2741],[127.8092,26.2753],[127.7994,26.2681],[127.7897,26.2499],[127.7862,26.2311],[127.788,26.2296],[127.7874,26.2266],[127.78,26.2215],[127.775,26.2149],[127.7687,26.214],[127.7694,26.2073],[127.766,26.2086],[127.7648,26.2051],[127.7715,26.2024],[127.7702,26.2013],[127.7578,26.2036],[127.7567,26.2063],[127.7564,26.205],[127.7579,26.2028],[127.7691,26.1999],[127.7706,26.1923],[127.7783,26.1869],[127.7757,26.1791],[127.7775,26.1753],[127.7765,26.1721],[127.7889,26.1699],[127.7897,26.1791],[127.7975,26.1862],[127.8206,26.1915],[127.8226,26.1885],[127.8211,26.1829],[127.8223,26.1799],[127.8276,26.1795],[127.8305,26.1765],[127.8303,26.1683],[127.803,26.1473],[127.794,26.1368],[127.7885,26.1331],[127.7836,26.1321],[127.7772,26.1346],[127.7672,26.131],[127.7667,26.1265],[127.7608,26.1253],[127.7549,26.1198],[127.7468,26.1184],[127.7334,26.0991],[127.7274,26.0967],[127.7245,26.0911],[127.7134,26.0865],[127.7078,26.0893],[127.6976,26.0865],[127.6884,26.0825],[127.6764,26.0739],[127.6695,26.0779],[127.6584,26.0805],[127.656,26.0865],[127.6577,26.1005],[127.6664,26.1186],[127.6673,26.1249],[127.6624,26.1254],[127.6615,26.1281],[127.6658,26.1313],[127.666,26.1289],[127.6676,26.133],[127.6578,26.1312],[127.6597,26.1334],[127.659,26.1359],[127.6511,26.1342],[127.6516,26.1307],[127.6469,26.1444],[127.6681,26.1513],[127.6496,26.1498],[127.6467,26.1513],[127.6446,26.1549],[127.6536,26.1615],[127.6518,26.1684],[127.6475,26.1684],[127.6479,26.1731],[127.6545,26.1725],[127.6512,26.1748],[127.642,26.1728],[127.6387,26.1763],[127.6419,26.176],[127.6425,26.1882],[127.6354,26.1977],[127.6401,26.2023],[127.6402,26.207],[127.6454,26.2139],[127.6506,26.2171],[127.6539,26.2142],[127.661,26.2127],[127.6706,26.2049],[127.6699,26.2073],[127.6727,26.2068],[127.673,26.2091],[127.671,26.2083],[127.6615,26.2153],[127.6631,26.2179],[127.6773,26.2254],[127.6807,26.2236],[127.6825,26.2246],[127.6797,26.2259],[127.6797,26.2289],[127.678,26.2289],[127.678,26.2268],[127.6768,26.2297],[127.679,26.2302],[127.678,26.2394],[127.6768,26.2358],[127.6758,26.2395],[127.6738,26.2395],[127.6732,26.2335],[127.6712,26.234],[127.6713,26.2435],[127.668,26.2435],[127.6676,26.2455],[127.673,26.2501],[127.6763,26.2499],[127.6737,26.2498],[127.6737,26.2455],[127.6838,26.2422],[127.684,26.2478],[127.6894,26.2465],[127.6823,26.2493],[127.6824,26.2516],[127.6844,26.2517],[127.6844,26.2558],[127.6907,26.2547],[127.7069,26.273],[127.7095,26.2705],[127.7138,26.2739],[127.7186,26.2731],[127.7187,26.2701],[127.7219,26.2715],[127.7241,26.2701],[127.7298,26.2739],[127.7275,26.2781],[127.7291,26.2769],[127.7295,26.2788],[127.7265,26.2787],[127.7368,26.2827],[127.7378,26.2805],[127.74,26.2807],[127.738,26.2831],[127.7557,26.2944],[127.7588,26.3086],[127.7544,26.3103],[127.7522,26.3147],[127.7554,26.3173],[127.7542,26.3205],[127.7559,26.3212],[127.7539,26.3234],[127.7492,26.3201],[127.7458,26.3217],[127.7414,26.3329],[127.7452,26.3377],[127.7436,26.348],[127.7424,26.3514],[127.7404,26.3496],[127.7386,26.362],[127.7245,26.3864],[127.722,26.3863],[127.7229,26.3875],[127.7167,26.3995],[127.7125,26.4199],[127.7158,26.4317],[127.7107,26.4404],[127.7224,26.4398],[127.7354,26.4216],[127.7406,26.4217],[127.7468,26.4272],[127.7554,26.4309],[127.7696,26.4449],[127.7835,26.4343],[127.7968,26.4361],[127.8026,26.4439],[127.8008,26.4508],[127.8083,26.4562],[127.8115,26.4624],[127.8133,26.4613],[127.828,26.4693],[127.834,26.4783],[127.8376,26.4777],[127.8443,26.4804],[127.8442,26.4858],[127.8381,26.4952],[127.8427,26.5032],[127.8483,26.5042],[127.851,26.5032],[127.8536,26.4988],[127.8567,26.4998],[127.8567,26.5092],[127.8606,26.5043],[127.867,26.5095],[127.8658,26.5123],[127.8687,26.5087],[127.8712,26.5112],[127.8718,26.5088],[127.8809,26.5023],[127.8872,26.5032],[127.8896,26.51],[127.9009,26.5141],[127.9066,26.5191],[127.9142,26.5156],[127.9177,26.5171],[127.9199,26.5277],[127.924,26.5265],[127.9334,26.5384],[127.9307,26.5419],[127.934,26.5418],[127.9387,26.5353],[127.9435,26.5358],[127.9499,26.5435],[127.9563,26.5459],[127.9601,26.5403],[127.9622,26.5405],[127.9654,26.548],[127.9753,26.5589],[127.9807,26.5724],[127.9823,26.5795],[127.9789,26.5879],[127.9672,26.5899],[127.9552,26.5945],[127.9449,26.6013],[127.9362,26.6023],[127.9215,26.6089],[127.9173,26.6069],[127.9124,26.6006],[127.894,26.6056],[127.8932,26.6121],[127.8866,26.6232],[127.8861,26.6282],[127.8775,26.6403],[127.878,26.653],[127.8843,26.6588],[127.8931,26.6593],[127.8906,26.6602],[127.8848,26.6754],[127.8835,26.6743],[127.8831,26.6772],[127.8747,26.683],[127.8725,26.6869],[127.8766,26.6976],[127.8755,26.6987],[127.877,26.6983],[127.8784,26.7085],[127.9024,26.6983],[127.9119,26.7022],[127.917,26.7013],[127.9301,26.7038],[127.9304,26.7021],[127.9337,26.7023],[127.945,26.7053],[127.9477,26.7076],[127.9524,26.7074],[127.9688,26.7023],[127.9647,26.6972],[127.9709,26.6925],[127.9703,26.6958],[127.9758,26.6969],[128.0021,26.6879],[128.0071,26.6837],[127.9948,26.6768],[127.9884,26.6557],[127.9894,26.6515],[127.9845,26.6504],[127.9819,26.6517],[127.9816,26.6488],[127.9968,26.6427],[128.0025,26.6371],[128.0005,26.6345],[128.0061,26.6294],[128.0113,26.6311],[128.0234,26.6265],[128.0325,26.6329],[128.0327,26.6347],[128.0501,26.6341],[128.0706,26.6435],[128.0765,26.6435],[128.085,26.6493],[128.0952,26.6609],[128.098,26.6604],[128.1015,26.6628],[128.1061,26.6617],[128.1099,26.6675],[128.1115,26.6644],[128.1103,26.6587],[128.1134,26.6615],[128.1154,26.6587],[128.1218,26.6595],[128.1259,26.6575],[128.1208,26.6626],[128.1218,26.6651],[128.1122,26.6707],[128.1081,26.6715],[128.1059,26.668],[128.1,26.6779],[128.117,26.7023],[128.1405,26.7071],[128.1534,26.7166]]],[[[127.8061,26.7054],[127.7911,26.7091],[127.7697,26.7079],[127.7544,26.7091],[127.748,26.7186],[127.7511,26.7322],[127.7583,26.737],[127.7806,26.733],[127.7935,26.7339],[127.8066,26.7385],[127.8191,26.7299],[127.8296,26.7198],[127.8274,26.7096],[127.8061,26.7054]]],[[[128.0197,26.6943],[128.0114,26.6981],[128.007,26.7073],[128.0116,26.7133],[128.0254,26.7103],[128.0259,26.7017],[128.0237,26.6967],[128.0197,26.6943]]],[[[128.0314,26.6448],[128.0316,26.6473],[128.0141,26.6566],[128.0095,26.6547],[128.0089,26.6501],[128.0044,26.6518],[128.0024,26.6557],[127.9968,26.6557],[127.9934,26.6591],[127.9936,26.6702],[127.9968,26.6701],[127.9981,26.6744],[128.0065,26.6747],[128.0084,26.6783],[128.0188,26.6788],[128.0207,26.6699],[128.0249,26.6629],[128.032,26.6577],[128.0332,26.6523],[128.0314,26.6448]]],[[[128.1025,26.664],[128.0965,26.6673],[128.0993,26.6689],[128.1049,26.6661],[128.1025,26.664]]],[[[127.8612,26.6289],[127.8579,26.6293],[127.8539,26.6485],[127.8664,26.6531],[127.8718,26.6491],[127.8718,26.6467],[127.8612,26.6289]]],[[[127.8173,26.6437],[127.8119,26.6452],[127.8139,26.6451],[127.813,26.6479],[127.8095,26.6461],[127.8112,26.6495],[127.8167,26.6497],[127.8202,26.6451],[127.8173,26.6437]]],[[[128.0303,26.6349],[128.0302,26.6417],[128.0342,26.6393],[128.0303,26.6349]]],[[[127.2077,26.5743],[127.2086,26.5808],[127.2138,26.59],[127.2293,26.6013],[127.2356,26.6011],[127.2465,26.5865],[127.2401,26.576],[127.2306,26.5786],[127.2077,26.5743]]],[[[127.9964,26.3815],[127.9918,26.3825],[127.9911,26.386],[127.9877,26.3851],[127.9893,26.3874],[127.9877,26.3913],[127.994,26.3991],[127.9986,26.3995],[128.0018,26.3987],[127.9964,26.3815]]],[[[126.7255,26.3461],[126.7276,26.3465],[126.7268,26.3451],[126.7163,26.3523],[126.7101,26.3614],[126.7132,26.3677],[126.7075,26.3601],[126.7095,26.3695],[126.7163,26.3737],[126.7318,26.3752],[126.7561,26.3874],[126.7704,26.3906],[126.778,26.3904],[126.7888,26.3795],[126.7946,26.3701],[126.7983,26.3675],[126.8027,26.3697],[126.8091,26.3635],[126.8066,26.3603],[126.8104,26.3566],[126.8101,26.354],[126.8156,26.3499],[126.816,26.3521],[126.8214,26.3496],[126.8232,26.3447],[126.8143,26.3407],[126.8134,26.3365],[126.8147,26.3365],[126.8043,26.3252],[126.8055,26.3184],[126.8026,26.3069],[126.8072,26.3027],[126.8113,26.2943],[126.8102,26.2908],[126.801,26.2921],[126.7914,26.2991],[126.7774,26.3057],[126.7745,26.3129],[126.7677,26.3209],[126.7683,26.3245],[126.7637,26.3322],[126.7548,26.3375],[126.7588,26.3409],[126.7525,26.3403],[126.7503,26.342],[126.7488,26.3401],[126.7463,26.3443],[126.7241,26.3481],[126.7255,26.3461]]],[[[127.099,26.3813],[127.0988,26.3871],[127.1027,26.3871],[127.1037,26.3843],[127.099,26.3813]]],[[[127.9321,26.3311],[127.9443,26.3398],[127.9469,26.3448],[127.9428,26.3567],[127.9527,26.3557],[127.9659,26.3614],[127.9643,26.3641],[127.9665,26.362],[127.9715,26.3731],[127.9763,26.3785],[127.9798,26.3783],[127.9862,26.3835],[127.9893,26.379],[127.9842,26.3758],[127.9846,26.3737],[127.9878,26.3745],[127.9917,26.3725],[127.9955,26.3668],[127.9932,26.3671],[127.9936,26.3607],[127.9747,26.3541],[127.9731,26.3495],[127.9584,26.3381],[127.9468,26.3395],[127.9321,26.3311]]],[[[127.1451,26.3478],[127.1362,26.364],[127.1445,26.3811],[127.1495,26.3795],[127.1456,26.3713],[127.148,26.3637],[127.1521,26.3605],[127.1592,26.3633],[127.159,26.359],[127.1462,26.3515],[127.1451,26.3478]]],[[[126.8859,26.3441],[126.8701,26.345],[126.8818,26.3446],[126.8897,26.35],[126.8964,26.3501],[126.8898,26.3485],[126.8859,26.3441]]],[[[127.8431,26.3343],[127.8618,26.3436],[127.8684,26.336],[127.8698,26.33],[127.8664,26.3273],[127.8584,26.3347],[127.8543,26.3311],[127.8579,26.3282],[127.8535,26.3246],[127.8438,26.3271],[127.8417,26.3292],[127.8396,26.3276],[127.8406,26.3261],[127.8372,26.3295],[127.8431,26.3343]]],[[[126.8414,26.3365],[126.8353,26.3365],[126.8365,26.3429],[126.8397,26.3423],[126.8414,26.3365]]],[[[126.825,26.3351],[126.8187,26.3365],[126.8266,26.3421],[126.8335,26.3357],[126.825,26.3351]]],[[[127.9587,26.3084],[127.9528,26.3127],[127.9503,26.32],[127.9504,26.3271],[127.9548,26.3274],[127.9666,26.322],[127.9655,26.3174],[127.9612,26.3167],[127.9589,26.3128],[127.9587,26.3084]]],[[[127.9291,26.3125],[127.9188,26.3167],[127.9167,26.32],[127.9179,26.3221],[127.9239,26.3216],[127.9291,26.3125]]],[[[127.9902,26.2977],[127.9878,26.2991],[127.9882,26.3021],[127.9909,26.303],[127.9945,26.3006],[127.9902,26.2977]]],[[[127.5416,26.2632],[127.5393,26.2649],[127.542,26.266],[127.5532,26.2638],[127.5416,26.2632]]],[[[127.5766,26.2582],[127.5732,26.2589],[127.5772,26.2643],[127.5766,26.2582]]],[[[127.9417,26.2411],[127.9327,26.2459],[127.9371,26.2532],[127.9361,26.2618],[127.9425,26.2616],[127.9462,26.2582],[127.9455,26.2485],[127.9423,26.246],[127.9417,26.2411]]],[[[127.406,26.2473],[127.4034,26.2483],[127.3999,26.2551],[127.4025,26.2548],[127.406,26.2473]]],[[[127.3037,26.2185],[127.2997,26.2232],[127.3027,26.2247],[127.2975,26.2265],[127.2984,26.2238],[127.2966,26.2251],[127.2954,26.2234],[127.2822,26.2269],[127.2811,26.2326],[127.2903,26.2341],[127.2946,26.2415],[127.2991,26.2377],[127.3028,26.2379],[127.3067,26.2425],[127.3043,26.2463],[127.3083,26.2508],[127.3122,26.245],[127.3175,26.2463],[127.3307,26.2397],[127.3265,26.2357],[127.3276,26.2318],[127.3305,26.2322],[127.3318,26.2279],[127.3257,26.2314],[127.3202,26.2293],[127.3187,26.2393],[127.3104,26.2375],[127.3143,26.2256],[127.3092,26.2245],[127.3066,26.2187],[127.3037,26.2185]]],[[[127.3659,26.2233],[127.3671,26.2361],[127.371,26.2297],[127.3659,26.2233]]],[[[127.4507,26.2263],[127.4477,26.2307],[127.4496,26.2337],[127.4507,26.2263]]],[[[127.3476,26.1451],[127.3444,26.1465],[127.3436,26.1501],[127.3461,26.1647],[127.3452,26.1689],[127.3394,26.1699],[127.3384,26.1807],[127.3392,26.1838],[127.3421,26.1827],[127.3464,26.1856],[127.343,26.19],[127.3443,26.1995],[127.3477,26.2041],[127.3474,26.2095],[127.3528,26.2153],[127.3522,26.2246],[127.355,26.2254],[127.3674,26.2195],[127.3706,26.2133],[127.3718,26.2015],[127.3668,26.1998],[127.3664,26.1972],[127.3685,26.1977],[127.3703,26.1897],[127.3578,26.1814],[127.3619,26.1563],[127.352,26.1559],[127.3476,26.1451]]],[[[127.4391,26.1997],[127.4373,26.2013],[127.4501,26.2245],[127.4544,26.2191],[127.4457,26.2036],[127.4428,26.2002],[127.4391,26.1997]]],[[[127.2419,26.2077],[127.2385,26.2102],[127.2387,26.2189],[127.2396,26.2206],[127.2468,26.2225],[127.2484,26.2218],[127.2468,26.212],[127.2419,26.2077]]],[[[127.3121,26.1975],[127.3096,26.1981],[127.3073,26.2157],[127.3096,26.2093],[127.3158,26.2037],[127.3121,26.1975]]],[[[127.2751,26.1859],[127.2747,26.1941],[127.2704,26.1963],[127.2671,26.1932],[127.264,26.1965],[127.2705,26.2077],[127.2791,26.2123],[127.2913,26.1946],[127.2751,26.1859]]],[[[127.2857,26.1753],[127.2818,26.1816],[127.2843,26.1865],[127.2906,26.1857],[127.2944,26.1767],[127.2857,26.1753]]],[[[127.2401,26.162],[127.2312,26.1633],[127.232,26.1746],[127.235,26.1812],[127.242,26.1759],[127.2401,26.162]]],[[[127.2911,26.1601],[127.2872,26.1653],[127.2874,26.1692],[127.2918,26.1743],[127.2952,26.1693],[127.2911,26.1601]]],[[[127.8835,26.1513],[127.8848,26.1534],[127.8823,26.1568],[127.8844,26.1585],[127.8995,26.1675],[127.9076,26.1711],[127.9089,26.1699],[127.8835,26.1513]]],[[[127.3409,26.1385],[127.3425,26.1453],[127.3454,26.1441],[127.3409,26.1385]]],[[[127.7729,26.1271],[127.7685,26.1275],[127.77,26.131],[127.7743,26.131],[127.7729,26.1271]]],[[[131.3058,25.9283],[131.294,25.9342],[131.2856,25.9481],[131.2855,25.9605],[131.3061,25.9555],[131.3201,25.9561],[131.3323,25.9519],[131.3239,25.9328],[131.3194,25.9288],[131.3058,25.9283]]],[[[123.6834,25.9192],[123.6783,25.9205],[123.6761,25.9232],[123.6802,25.9284],[123.6838,25.9282],[123.6884,25.9222],[123.6834,25.9192]]],[[[131.2306,25.8128],[131.2145,25.8221],[131.2182,25.8343],[131.2171,25.8432],[131.2205,25.8566],[131.22,25.8642],[131.2233,25.8689],[131.2353,25.8723],[131.2531,25.8721],[131.2628,25.8688],[131.2731,25.8552],[131.2639,25.8241],[131.2531,25.8157],[131.2445,25.8133],[131.2306,25.8128]]],[[[123.4604,25.7353],[123.4581,25.7399],[123.4618,25.7454],[123.4764,25.7517],[123.4855,25.7497],[123.4932,25.7447],[123.4918,25.7417],[123.4792,25.7415],[123.4645,25.735],[123.4604,25.7353]]],[[[123.5424,25.7253],[123.5378,25.7318],[123.5413,25.7345],[123.5456,25.7291],[123.5424,25.7253]]],[[[123.5556,25.7208],[123.545,25.7225],[123.5449,25.7241],[123.551,25.7255],[123.5556,25.7208]]],[[[125.2465,24.9199],[125.2323,24.9279],[125.2294,24.934],[125.2355,24.9381],[125.2404,24.9381],[125.2468,24.9346],[125.2539,24.9245],[125.245,24.9259],[125.2465,24.9199]]],[[[125.3058,24.9125],[125.3041,24.9189],[125.3079,24.9163],[125.3058,24.9125]]],[[[125.306,24.7115],[125.3049,24.7143],[125.3039,24.7129],[125.2942,24.7205],[125.2933,24.7185],[125.279,24.7253],[125.2766,24.7247],[125.2604,24.7345],[125.2507,24.7554],[125.2589,24.7681],[125.2604,24.7679],[125.2583,24.7607],[125.264,24.7511],[125.2678,24.7522],[125.2723,24.7473],[125.2722,24.7523],[125.2751,24.7491],[125.2813,24.7509],[125.2809,24.7594],[125.2752,24.7727],[125.2661,24.7825],[125.2579,24.7837],[125.2546,24.7881],[125.2552,24.7949],[125.2597,24.7999],[125.2635,24.7987],[125.2656,24.8028],[125.2672,24.802],[125.2728,24.8055],[125.2728,24.8079],[125.2768,24.8076],[125.2773,24.8098],[125.2749,24.8116],[125.2761,24.813],[125.2791,24.8114],[125.2752,24.8365],[125.2798,24.8411],[125.2835,24.8388],[125.2839,24.8434],[125.2887,24.8377],[125.293,24.8359],[125.2922,24.8418],[125.2943,24.8454],[125.288,24.8558],[125.2847,24.8577],[125.2755,24.8738],[125.2767,24.8747],[125.2729,24.8767],[125.2694,24.8843],[125.2695,24.8907],[125.2529,24.9098],[125.2624,24.9021],[125.2665,24.9027],[125.2681,24.9076],[125.2697,24.9033],[125.2791,24.8936],[125.2842,24.8809],[125.2936,24.8767],[125.2963,24.8777],[125.3026,24.8651],[125.3043,24.8485],[125.3111,24.8365],[125.3332,24.8218],[125.3288,24.8111],[125.3324,24.7991],[125.343,24.7957],[125.3526,24.7886],[125.3612,24.7885],[125.3657,24.7917],[125.3751,24.7891],[125.3854,24.7841],[125.3887,24.7759],[125.4002,24.766],[125.4165,24.7633],[125.4228,24.7601],[125.4296,24.7608],[125.439,24.7532],[125.4408,24.7468],[125.4569,24.7279],[125.4673,24.7189],[125.4651,24.7186],[125.4545,24.7287],[125.4499,24.7301],[125.4446,24.7247],[125.4399,24.7283],[125.4309,24.7291],[125.4242,24.7263],[125.4052,24.7288],[125.3901,24.7286],[125.3755,24.7249],[125.3689,24.7289],[125.3607,24.7243],[125.3404,24.7191],[125.3399,24.7175],[125.327,24.7193],[125.3224,24.7167],[125.3193,24.7182],[125.3156,24.7128],[125.306,24.7115]]],[[[125.1812,24.8113],[125.1622,24.8272],[125.1626,24.8323],[125.1572,24.8364],[125.1543,24.8361],[125.1538,24.8384],[125.1566,24.84],[125.155,24.8573],[125.1614,24.865],[125.1772,24.861],[125.1926,24.8521],[125.2078,24.8459],[125.2175,24.8273],[125.2191,24.8141],[125.2149,24.8069],[125.1995,24.8048],[125.1992,24.8028],[125.1989,24.8044],[125.1925,24.8055],[125.1812,24.8113]]],[[[125.1812,24.8113],[125.1752,24.8115],[125.1685,24.8036],[125.1615,24.8021],[125.1438,24.8069],[125.1419,24.8109],[125.1427,24.8137],[125.1378,24.814],[125.137,24.8233],[125.1352,24.8217],[125.1328,24.8239],[125.1362,24.8267],[125.1332,24.8279],[125.1334,24.8344],[125.1379,24.8365],[125.1377,24.8418],[125.1412,24.8413],[125.1455,24.8325],[125.1533,24.8312],[125.1537,24.8277],[125.157,24.8278],[125.1551,24.8317],[125.1564,24.8318],[125.1727,24.8127],[125.1812,24.8113]]],[[[124.6997,24.7465],[124.6844,24.7532],[124.6758,24.7592],[124.6863,24.7632],[124.6983,24.7532],[124.6997,24.7465]]],[[[125.2468,24.7127],[125.2434,24.7129],[125.2367,24.7189],[125.2391,24.7311],[125.2468,24.7285],[125.2551,24.7211],[125.2544,24.7159],[125.2468,24.7127]]],[[[124.6906,24.6397],[124.674,24.6423],[124.6683,24.6465],[124.6647,24.6615],[124.6697,24.6699],[124.6756,24.6742],[124.6886,24.6784],[124.7064,24.6752],[124.7202,24.6684],[124.7216,24.6553],[124.715,24.6479],[124.7162,24.6451],[124.7134,24.6469],[124.7033,24.6403],[124.6906,24.6397]]],[[[124.173,24.3279],[124.1606,24.3303],[124.1538,24.3356],[124.1445,24.3352],[124.144,24.3379],[124.1464,24.3414],[124.1411,24.3484],[124.1215,24.3542],[124.1082,24.3632],[124.11,24.3685],[124.1174,24.3761],[124.1233,24.376],[124.1316,24.3816],[124.1378,24.3904],[124.1363,24.3971],[124.1393,24.4032],[124.1399,24.4111],[124.1311,24.413],[124.1286,24.4199],[124.1218,24.4253],[124.1199,24.4309],[124.113,24.4323],[124.1094,24.4281],[124.1072,24.4304],[124.0988,24.4309],[124.084,24.4199],[124.0818,24.4139],[124.0756,24.4217],[124.0678,24.4257],[124.0664,24.4301],[124.0762,24.4463],[124.0738,24.4512],[124.0824,24.45],[124.0958,24.4514],[124.1045,24.4421],[124.1161,24.4446],[124.1132,24.4605],[124.1183,24.4629],[124.1218,24.4685],[124.1155,24.4742],[124.1094,24.4763],[124.1126,24.48],[124.1343,24.4705],[124.1404,24.4617],[124.1359,24.4521],[124.1374,24.4493],[124.131,24.4459],[124.1365,24.4401],[124.1496,24.4519],[124.1755,24.4467],[124.1889,24.4551],[124.2007,24.4558],[124.2062,24.4528],[124.2181,24.4527],[124.2216,24.4555],[124.2221,24.4641],[124.2175,24.4664],[124.2195,24.4747],[124.2252,24.4851],[124.2267,24.4849],[124.2252,24.4971],[124.2348,24.4963],[124.253,24.5175],[124.2618,24.5135],[124.2713,24.5024],[124.2754,24.5045],[124.2745,24.5111],[124.2821,24.5325],[124.2861,24.5375],[124.2908,24.5387],[124.2907,24.5435],[124.2877,24.5487],[124.2789,24.5576],[124.2924,24.5668],[124.3056,24.5865],[124.3081,24.6069],[124.3118,24.6097],[124.3174,24.6058],[124.3355,24.6027],[124.3334,24.5957],[124.3371,24.5857],[124.3333,24.5747],[124.3279,24.5664],[124.3158,24.5562],[124.3117,24.5549],[124.3004,24.5431],[124.301,24.5333],[124.3046,24.5302],[124.3033,24.5259],[124.2932,24.5143],[124.2786,24.5032],[124.2777,24.4857],[124.2697,24.4843],[124.2669,24.4807],[124.2619,24.4794],[124.2489,24.4651],[124.2474,24.4503],[124.2542,24.4445],[124.2521,24.4379],[124.2498,24.4371],[124.2468,24.4306],[124.2468,24.4273],[124.2543,24.4114],[124.2494,24.3957],[124.2498,24.3794],[124.2465,24.357],[124.2345,24.3434],[124.2251,24.3433],[124.2114,24.3532],[124.1958,24.3513],[124.1954,24.3467],[124.1979,24.3431],[124.1883,24.3321],[124.173,24.3279]]],[[[123.8229,24.4672],[123.8167,24.4676],[123.8124,24.4722],[123.8136,24.4761],[123.8193,24.4759],[123.8243,24.4715],[123.8229,24.4672]]],[[[123.0116,24.4372],[123.0048,24.4401],[122.9888,24.4406],[122.9836,24.4429],[122.982,24.4391],[122.9771,24.4387],[122.9736,24.4407],[122.9739,24.4373],[122.9663,24.4374],[122.9577,24.4415],[122.94,24.4442],[122.9335,24.4482],[122.9345,24.4507],[122.9395,24.4482],[122.9443,24.4523],[122.9388,24.4513],[122.9417,24.4568],[122.9533,24.4612],[122.9551,24.4657],[122.9625,24.4729],[122.9745,24.4677],[122.9943,24.473],[123.0005,24.4699],[123.0043,24.4738],[123.0109,24.4738],[123.037,24.4636],[123.0421,24.464],[123.0437,24.4615],[123.0363,24.4577],[123.0331,24.4527],[123.0116,24.4372]]],[[[131.1869,24.4617],[131.1807,24.4721],[131.195,24.4694],[131.1922,24.4632],[131.1869,24.4617]]],[[[124.1463,24.4505],[124.1436,24.4549],[124.1443,24.4595],[124.1489,24.4549],[124.1463,24.4505]]],[[[123.8718,24.2544],[123.8629,24.2549],[123.8324,24.2709],[123.8053,24.2691],[123.7826,24.2754],[123.7771,24.2741],[123.7545,24.2787],[123.7392,24.2882],[123.7358,24.2929],[123.7204,24.2986],[123.7172,24.2775],[123.7056,24.2773],[123.6953,24.2824],[123.6797,24.2819],[123.6602,24.3071],[123.6683,24.3126],[123.6767,24.3116],[123.68,24.3069],[123.6851,24.3095],[123.6819,24.3204],[123.6784,24.3211],[123.6832,24.3313],[123.6973,24.3254],[123.7019,24.3199],[123.7013,24.3129],[123.7041,24.3145],[123.707,24.3127],[123.7097,24.3161],[123.7076,24.3175],[123.6999,24.3365],[123.6985,24.3455],[123.7017,24.3484],[123.7034,24.3477],[123.7043,24.34],[123.713,24.3278],[123.7135,24.3339],[123.7202,24.338],[123.723,24.3421],[123.7268,24.3415],[123.7277,24.3284],[123.7346,24.3303],[123.7388,24.3198],[123.7405,24.3182],[123.7414,24.3195],[123.7468,24.3107],[123.7499,24.3117],[123.7454,24.3215],[123.7486,24.3365],[123.7435,24.3411],[123.7475,24.3489],[123.7575,24.3471],[123.7529,24.3511],[123.751,24.3577],[123.7448,24.3585],[123.7413,24.3673],[123.7468,24.3695],[123.7512,24.3743],[123.7446,24.3875],[123.742,24.3873],[123.7416,24.3929],[123.7443,24.393],[123.7468,24.3903],[123.75,24.3908],[123.7525,24.3943],[123.7494,24.4018],[123.7558,24.4067],[123.7595,24.4134],[123.7698,24.4165],[123.772,24.4199],[123.7714,24.4247],[123.7667,24.4274],[123.7644,24.4245],[123.7626,24.4304],[123.7687,24.4361],[123.7807,24.4365],[123.7986,24.4199],[123.7991,24.4153],[123.8105,24.4095],[123.8087,24.4004],[123.8135,24.3983],[123.8077,24.4007],[123.8148,24.3909],[123.8192,24.3911],[123.8208,24.3953],[123.8166,24.3973],[123.8263,24.3975],[123.8283,24.4039],[123.8315,24.4064],[123.8414,24.4018],[123.8519,24.4021],[123.8531,24.3989],[123.8596,24.3942],[123.864,24.3956],[123.8666,24.4033],[123.8718,24.4029],[123.8792,24.3992],[123.8791,24.3914],[123.8855,24.383],[123.8898,24.3867],[123.8969,24.3833],[123.9056,24.3836],[123.9144,24.3781],[123.9206,24.3659],[123.9378,24.3643],[123.9363,24.3532],[123.9328,24.3474],[123.9285,24.3466],[123.926,24.3434],[123.9251,24.3333],[123.9281,24.3267],[123.923,24.3241],[123.926,24.3194],[123.9257,24.3145],[123.9155,24.3237],[123.9102,24.3243],[123.9106,24.32],[123.8981,24.3014],[123.9028,24.2746],[123.8995,24.2728],[123.8896,24.2791],[123.8811,24.2798],[123.8772,24.2762],[123.8806,24.2746],[123.8819,24.2701],[123.8789,24.2555],[123.8718,24.2544]]],[[[123.7171,24.3644],[123.71,24.3695],[123.7109,24.3759],[123.7225,24.379],[123.7269,24.3766],[123.727,24.3754],[123.7223,24.3759],[123.7188,24.372],[123.7192,24.3651],[123.7171,24.3644]]],[[[124.0007,24.3599],[123.9945,24.3624],[123.9968,24.3657],[124.002,24.3618],[124.0007,24.3599]]],[[[123.7394,24.3449],[123.7237,24.3567],[123.7225,24.3637],[123.7267,24.3621],[123.7291,24.3645],[123.7317,24.3635],[123.7299,24.3605],[123.7375,24.3575],[123.7413,24.3538],[123.7426,24.3482],[123.7394,24.3449]]],[[[123.9888,24.3229],[123.9861,24.3287],[123.9608,24.3325],[123.9512,24.3321],[123.9519,24.3353],[123.9672,24.3376],[123.9678,24.3409],[123.9621,24.3489],[123.97,24.3533],[123.9774,24.3527],[123.9915,24.345],[123.9876,24.3427],[123.9912,24.3365],[123.9996,24.3329],[124.002,24.3271],[123.9888,24.3229]]],[[[124.0805,24.3097],[124.0756,24.3127],[124.073,24.3233],[124.0814,24.3381],[124.0911,24.334],[124.0979,24.3181],[124.0889,24.3115],[124.0805,24.3097]]],[[[124.1434,24.3283],[124.1399,24.3305],[124.1487,24.3319],[124.1492,24.3293],[124.1434,24.3283]]],[[[124.0107,24.2199],[124.0028,24.2201],[123.9914,24.2368],[123.9895,24.2466],[123.9968,24.2529],[124.0138,24.2461],[124.0178,24.2461],[124.022,24.2489],[124.0272,24.2437],[124.0271,24.2319],[124.0107,24.2199]]],[[[123.9352,24.2241],[123.9375,24.2337],[123.9415,24.2369],[123.9486,24.2418],[123.953,24.2377],[123.9406,24.2254],[123.9352,24.2241]]],[[[123.927,24.2087],[123.9197,24.2158],[123.9234,24.2199],[123.932,24.2206],[123.935,24.2159],[123.9321,24.2088],[123.927,24.2087]]],[[[123.5538,24.1914],[123.5627,24.1957],[123.5677,24.1943],[123.5538,24.1914]]],[[[123.7908,24.0447],[123.7597,24.0474],[123.7521,24.051],[123.7525,24.0599],[123.754,24.0621],[123.7724,24.0692],[123.7853,24.0706],[123.8025,24.0665],[123.8084,24.0623],[123.8037,24.049],[123.7908,24.0447]]]]}},{"type":"Feature","properties":{"name":"山形県","id":6},"geometry":{"type":"MultiPolygon","coordinates":[[[[139.5441,39.1819],[139.5415,39.1855],[139.5393,39.1958],[139.5494,39.201],[139.5498,39.2085],[139.5634,39.2011],[139.5641,39.1975],[139.5498,39.1901],[139.5478,39.1839],[139.5496,39.1841],[139.5497,39.1825],[139.5441,39.1819]]],[[[139.8698,39.1186],[139.9065,39.1193],[139.9457,39.1133],[139.9483,39.1176],[139.9947,39.1059],[139.9978,39.1162],[140.0079,39.1234],[140.0626,39.1339],[140.0617,39.1137],[140.0669,39.0977],[140.0627,39.0933],[140.076,39.0865],[140.1009,39.0841],[140.115,39.0777],[140.1183,39.0687],[140.1283,39.0634],[140.138,39.0658],[140.144,39.061],[140.1509,39.0495],[140.1581,39.0503],[140.1624,39.0546],[140.1713,39.0518],[140.1754,39.0578],[140.1884,39.0594],[140.1897,39.0619],[140.1963,39.0615],[140.2018,39.0593],[140.2045,39.0516],[140.2019,39.0474],[140.2019,39.0353],[140.2193,39.0327],[140.2283,39.0275],[140.2459,39.0313],[140.2517,39.0283],[140.2608,39.0356],[140.2676,39.0317],[140.2714,39.0329],[140.289,39.0269],[140.2954,39.0185],[140.3071,39.0148],[140.3114,39.0144],[140.3189,39.0268],[140.3188,39.0314],[140.3294,39.0352],[140.3329,39.031],[140.3417,39.028],[140.355,39.0243],[140.3625,39.026],[140.3615,39.0195],[140.367,39.0062],[140.3718,39.003],[140.3765,38.9948],[140.3873,38.9947],[140.3941,38.9918],[140.4108,38.9944],[140.4141,38.9905],[140.4322,38.9923],[140.4391,38.9819],[140.4463,38.9803],[140.4476,38.9734],[140.4513,38.9717],[140.4508,38.9631],[140.4538,38.9585],[140.4521,38.9492],[140.4497,38.9459],[140.4523,38.9379],[140.4587,38.934],[140.4623,38.9199],[140.4725,38.9154],[140.48,38.9153],[140.4827,38.9169],[140.4926,38.9067],[140.4924,38.9027],[140.4946,38.8993],[140.5024,38.8952],[140.5165,38.9005],[140.5272,38.8981],[140.5368,38.9009],[140.5477,38.8899],[140.5472,38.8807],[140.5407,38.8748],[140.5411,38.8618],[140.5515,38.8601],[140.5569,38.8551],[140.5599,38.8477],[140.5661,38.8484],[140.5912,38.8353],[140.594,38.8278],[140.599,38.8257],[140.5992,38.8173],[140.5955,38.8109],[140.5976,38.8083],[140.5967,38.8021],[140.5993,38.7995],[140.6006,38.7911],[140.6053,38.7833],[140.6135,38.7817],[140.616,38.7777],[140.6292,38.7745],[140.638,38.7775],[140.643,38.7745],[140.6463,38.7688],[140.6348,38.7604],[140.631,38.747],[140.6218,38.7405],[140.6218,38.7334],[140.6074,38.7207],[140.6086,38.7074],[140.6071,38.7037],[140.6238,38.6997],[140.6218,38.6956],[140.6243,38.6918],[140.6189,38.673],[140.6147,38.6699],[140.6131,38.6618],[140.6093,38.6602],[140.6007,38.6399],[140.5884,38.6343],[140.5755,38.6394],[140.5722,38.6381],[140.563,38.6483],[140.5548,38.6474],[140.5467,38.6501],[140.538,38.6341],[140.5425,38.6296],[140.544,38.6241],[140.5498,38.6198],[140.5525,38.6137],[140.5611,38.609],[140.562,38.6047],[140.5587,38.6024],[140.559,38.5979],[140.5699,38.5939],[140.569,38.5895],[140.5722,38.5865],[140.5713,38.5806],[140.5789,38.5685],[140.5682,38.5615],[140.5672,38.5596],[140.5699,38.5553],[140.5655,38.5483],[140.5601,38.5425],[140.5553,38.5425],[140.5565,38.5301],[140.5649,38.5272],[140.569,38.5279],[140.5718,38.5255],[140.5679,38.5196],[140.5705,38.5166],[140.564,38.5109],[140.5695,38.5046],[140.568,38.5032],[140.5688,38.5009],[140.5739,38.4958],[140.5982,38.4875],[140.6045,38.4823],[140.6033,38.4774],[140.6083,38.4695],[140.6073,38.4606],[140.6092,38.4583],[140.6201,38.4555],[140.6134,38.4538],[140.6075,38.4445],[140.6055,38.4446],[140.5973,38.4372],[140.5921,38.4412],[140.589,38.4395],[140.5863,38.4408],[140.5807,38.4376],[140.5806,38.4274],[140.5778,38.4199],[140.5715,38.4133],[140.5755,38.3967],[140.5783,38.3931],[140.5668,38.3838],[140.5636,38.3775],[140.5555,38.3777],[140.5502,38.3733],[140.5444,38.3643],[140.5354,38.3624],[140.5268,38.3581],[140.5218,38.35],[140.5299,38.3248],[140.5293,38.3208],[140.5199,38.3098],[140.5045,38.3143],[140.503,38.3061],[140.4927,38.302],[140.4935,38.2904],[140.4968,38.2831],[140.4868,38.2745],[140.4714,38.2697],[140.4722,38.2602],[140.4699,38.2565],[140.4729,38.2526],[140.4694,38.2434],[140.4705,38.2343],[140.4678,38.2325],[140.4742,38.2233],[140.4712,38.2135],[140.4742,38.2037],[140.4785,38.1986],[140.4795,38.1807],[140.4697,38.1699],[140.4667,38.1565],[140.4515,38.15],[140.4445,38.1419],[140.4432,38.1357],[140.4459,38.1301],[140.4293,38.1257],[140.4242,38.1188],[140.4257,38.1149],[140.4177,38.1031],[140.4211,38.0865],[140.4156,38.0792],[140.4041,38.0733],[140.4021,38.0705],[140.3826,38.0713],[140.3807,38.0689],[140.382,38.0636],[140.3726,38.0573],[140.3547,38.0583],[140.3507,38.055],[140.3433,38.0541],[140.3309,38.0562],[140.3201,38.0557],[140.315,38.0587],[140.3079,38.0575],[140.3027,38.0539],[140.2984,38.0565],[140.2921,38.0565],[140.2879,38.0594],[140.2818,38.0596],[140.2772,38.0565],[140.2834,38.0499],[140.2762,38.0351],[140.2763,38.0287],[140.2798,38.0269],[140.2896,38.0073],[140.2765,37.9925],[140.2752,37.9821],[140.2801,37.9769],[140.2724,37.9689],[140.2734,37.9571],[140.2753,37.9572],[140.2781,37.9531],[140.2755,37.9476],[140.2811,37.9418],[140.2768,37.9273],[140.272,37.9199],[140.2673,37.9179],[140.266,37.9131],[140.265,37.9065],[140.2703,37.8915],[140.2653,37.8865],[140.2652,37.8811],[140.2696,37.8741],[140.2701,37.8672],[140.266,37.8628],[140.2674,37.8481],[140.2625,37.8413],[140.265,37.8394],[140.2627,37.8355],[140.2692,37.825],[140.2871,37.8148],[140.2913,37.8154],[140.2988,37.809],[140.2899,37.8013],[140.2835,37.799],[140.2828,37.7935],[140.2781,37.7881],[140.2771,37.7827],[140.2665,37.7794],[140.2637,37.7745],[140.2402,37.7532],[140.2373,37.7467],[140.2213,37.7461],[140.2057,37.7481],[140.1971,37.7532],[140.167,37.7573],[140.1471,37.7528],[140.1406,37.7389],[140.1352,37.7389],[140.1284,37.735],[140.1175,37.7346],[140.1079,37.7381],[140.1042,37.7375],[140.0999,37.7405],[140.0869,37.7582],[140.0809,37.7566],[140.0692,37.7581],[140.0662,37.7659],[140.0603,37.7707],[140.0539,37.771],[140.0527,37.7789],[140.0494,37.7793],[140.0354,37.7676],[140.0318,37.7691],[140.02,37.7626],[140.0108,37.7636],[140.0023,37.7597],[139.9995,37.7611],[139.9927,37.7589],[139.9782,37.7665],[139.9789,37.773],[139.9682,37.7832],[139.969,37.7877],[139.9599,37.797],[139.9622,37.8035],[139.9585,37.8141],[139.9426,37.8213],[139.9374,37.8285],[139.9326,37.8299],[139.9284,37.8279],[139.9303,37.8233],[139.9256,37.8139],[139.9072,37.8155],[139.8998,37.8112],[139.8859,37.8099],[139.8805,37.8103],[139.8772,37.8125],[139.8767,37.8173],[139.8742,37.8167],[139.8585,37.827],[139.8384,37.815],[139.8335,37.8159],[139.827,37.8123],[139.8247,37.8136],[139.8102,37.8035],[139.8055,37.8055],[139.8031,37.8148],[139.7957,37.8175],[139.7836,37.8319],[139.7422,37.8207],[139.7375,37.8271],[139.7253,37.8365],[139.7177,37.8467],[139.7164,37.8538],[139.7075,37.8562],[139.698,37.8499],[139.6811,37.8472],[139.6791,37.8512],[139.6574,37.8637],[139.6576,37.8699],[139.6506,37.8759],[139.6413,37.8791],[139.6294,37.894],[139.6319,37.8991],[139.6274,37.9075],[139.6283,37.9117],[139.6249,37.9187],[139.6316,37.9293],[139.6372,37.9332],[139.6425,37.9463],[139.6409,37.9518],[139.6447,37.9652],[139.6383,37.9699],[139.6439,37.9789],[139.6396,37.9845],[139.6441,37.9911],[139.6437,37.9948],[139.6537,37.9965],[139.6526,38.0205],[139.6558,38.0281],[139.6555,38.0343],[139.6594,38.0389],[139.6794,38.0433],[139.6818,38.0488],[139.6892,38.0529],[139.6928,38.0572],[139.6864,38.0649],[139.6911,38.0705],[139.6914,38.0746],[139.6868,38.0767],[139.6723,38.0771],[139.673,38.0875],[139.6829,38.1083],[139.6933,38.1155],[139.689,38.1307],[139.6917,38.1494],[139.6907,38.1547],[139.6848,38.1597],[139.6855,38.1644],[139.6826,38.1699],[139.688,38.1825],[139.6949,38.1851],[139.7022,38.1985],[139.6992,38.2027],[139.7127,38.2066],[139.7215,38.2058],[139.7299,38.2016],[139.7362,38.2021],[139.7422,38.2001],[139.7559,38.1931],[139.7583,38.1933],[139.7624,38.1989],[139.7743,38.1987],[139.7867,38.1929],[139.7919,38.1987],[139.8098,38.2103],[139.8605,38.2317],[139.8687,38.2471],[139.876,38.2532],[139.8765,38.2611],[139.9001,38.2761],[139.8983,38.2807],[139.8988,38.2925],[139.8893,38.2999],[139.8807,38.3031],[139.8752,38.317],[139.8586,38.3307],[139.8484,38.3365],[139.8489,38.343],[139.8286,38.3448],[139.8258,38.3502],[139.817,38.3559],[139.8047,38.3553],[139.7912,38.3492],[139.7882,38.3517],[139.7718,38.3535],[139.7623,38.3611],[139.7531,38.3597],[139.7468,38.3619],[139.7326,38.3719],[139.7294,38.3793],[139.7312,38.3817],[139.7225,38.3943],[139.7124,38.3871],[139.7061,38.3919],[139.7042,38.3975],[139.7056,38.4075],[139.7094,38.4101],[139.7179,38.4246],[139.7193,38.45],[139.7156,38.4627],[139.7186,38.4662],[139.7135,38.4701],[139.7125,38.4797],[139.7149,38.4793],[139.7245,38.4848],[139.7254,38.4889],[139.7211,38.4925],[139.7219,38.4966],[139.7035,38.4997],[139.701,38.5032],[139.6933,38.5071],[139.6843,38.5059],[139.665,38.5085],[139.654,38.5075],[139.6379,38.5119],[139.6316,38.5221],[139.6218,38.5257],[139.6148,38.5263],[139.6119,38.5244],[139.5988,38.5234],[139.5882,38.5319],[139.5835,38.5329],[139.5779,38.5395],[139.5717,38.5388],[139.557,38.5455],[139.5568,38.5483],[139.5529,38.5479],[139.5515,38.5523],[139.5482,38.5534],[139.5451,38.5575],[139.5403,38.5584],[139.5418,38.5612],[139.5419,38.5594],[139.5449,38.5585],[139.5486,38.5611],[139.5461,38.5627],[139.5579,38.5762],[139.5577,38.5813],[139.5592,38.5813],[139.5628,38.5921],[139.5646,38.5919],[139.5642,38.595],[139.5726,38.6043],[139.5767,38.6139],[139.5841,38.6211],[139.59,38.6335],[139.5952,38.6394],[139.5955,38.6471],[139.6103,38.6643],[139.6105,38.6687],[139.614,38.6704],[139.6149,38.6747],[139.6272,38.6878],[139.6328,38.6849],[139.6435,38.6925],[139.6478,38.6936],[139.653,38.7027],[139.6596,38.7044],[139.6607,38.7079],[139.6629,38.7079],[139.6626,38.7133],[139.6717,38.7193],[139.681,38.7179],[139.6851,38.7231],[139.6982,38.7302],[139.6973,38.7341],[139.7055,38.7445],[139.7081,38.7443],[139.7079,38.7495],[139.7114,38.7532],[139.7244,38.7601],[139.7226,38.7633],[139.7344,38.7631],[139.7316,38.7661],[139.7468,38.7755],[139.7617,38.8005],[139.7788,38.8365],[139.8049,38.9067],[139.81,38.9287],[139.8175,38.9425],[139.8117,38.9451],[139.8143,38.9506],[139.8213,38.9486],[139.8233,38.9526],[139.8337,38.9541],[139.8354,38.9565],[139.8376,38.9631],[139.8348,38.9639],[139.8318,38.9586],[139.8258,38.9576],[139.819,38.9609],[139.826,38.9751],[139.8318,38.9735],[139.8404,38.9855],[139.8718,39.0687],[139.8718,39.0708],[139.8682,39.0729],[139.8718,39.0771],[139.8731,39.0865],[139.8762,39.0897],[139.879,39.0978],[139.8784,39.1047],[139.8706,39.1113],[139.8698,39.1186]]]]}},{"type":"Feature","properties":{"name":"和歌山県","id":30},"geometry":{"type":"MultiPolygon","coordinates":[[[[135.5287,34.3513],[135.5347,34.3525],[135.5407,34.3576],[135.547,34.3565],[135.5528,34.3593],[135.567,34.3718],[135.5705,34.3715],[135.5795,34.3764],[135.5941,34.3753],[135.5974,34.3804],[135.6039,34.3773],[135.614,34.3771],[135.6196,34.3844],[135.6384,34.382],[135.6396,34.3833],[135.6507,34.3832],[135.6553,34.3678],[135.6621,34.3569],[135.6594,34.33],[135.6605,34.3271],[135.6676,34.3254],[135.6662,34.3123],[135.6679,34.3009],[135.6746,34.2881],[135.673,34.2807],[135.6824,34.27],[135.6887,34.2714],[135.6925,34.2778],[135.7083,34.2713],[135.7087,34.2685],[135.715,34.2655],[135.7189,34.2601],[135.7248,34.2373],[135.729,34.2338],[135.7297,34.2283],[135.7257,34.2205],[135.7073,34.2082],[135.6999,34.2122],[135.6975,34.2117],[135.6929,34.2173],[135.6755,34.2233],[135.6678,34.2241],[135.6613,34.2182],[135.6537,34.2165],[135.6475,34.2187],[135.6405,34.2127],[135.6398,34.2087],[135.6343,34.2037],[135.6347,34.1975],[135.6445,34.1884],[135.6356,34.179],[135.6278,34.1761],[135.6203,34.1671],[135.6218,34.1596],[135.6151,34.1559],[135.6042,34.1543],[135.5905,34.149],[135.5851,34.1391],[135.5766,34.115],[135.5665,34.1128],[135.5569,34.1077],[135.5571,34.1031],[135.5467,34.0999],[135.5459,34.0978],[135.5486,34.0947],[135.5488,34.0865],[135.5477,34.0833],[135.5426,34.0811],[135.5396,34.075],[135.5477,34.0681],[135.5509,34.0683],[135.5535,34.0647],[135.5633,34.063],[135.5667,34.0573],[135.58,34.0569],[135.5875,34.0467],[135.5923,34.0455],[135.5989,34.0315],[135.5945,34.0269],[135.5941,34.0221],[135.5911,34.0191],[135.5955,34.0115],[135.6088,34.0129],[135.614,34.0095],[135.6218,34.0094],[135.6249,34.0055],[135.624,33.9999],[135.6288,33.9964],[135.6307,33.9909],[135.6356,33.9908],[135.6397,33.9658],[135.6358,33.9592],[135.6362,33.9503],[135.6284,33.9493],[135.6173,33.9543],[135.6156,33.9472],[135.6181,33.9413],[135.6153,33.9368],[135.611,33.9368],[135.6098,33.9311],[135.6135,33.9267],[135.6093,33.9125],[135.5996,33.9081],[135.6007,33.9025],[135.6069,33.8991],[135.6218,33.8981],[135.6256,33.8874],[135.625,33.8829],[135.6183,33.8719],[135.639,33.8773],[135.6475,33.8768],[135.6555,33.8822],[135.6617,33.8901],[135.6612,33.8978],[135.6695,33.8999],[135.679,33.8981],[135.6866,33.9039],[135.7103,33.9036],[135.728,33.9011],[135.7425,33.8899],[135.7485,33.8881],[135.7517,33.8892],[135.7557,33.8851],[135.7674,33.8908],[135.7789,33.8885],[135.7877,33.8928],[135.8013,33.8957],[135.8044,33.9038],[135.8082,33.9065],[135.8169,33.905],[135.8371,33.8953],[135.8425,33.8969],[135.8479,33.8956],[135.854,33.8887],[135.8535,33.8763],[135.8576,33.8729],[135.8572,33.8655],[135.8531,33.861],[135.8556,33.8543],[135.8602,33.8488],[135.8554,33.8365],[135.8584,33.8289],[135.8563,33.818],[135.8648,33.8101],[135.8718,33.8088],[135.8837,33.8013],[135.89,33.8019],[135.8978,33.7901],[135.8974,33.7855],[135.9071,33.7667],[135.917,33.7661],[135.922,33.7573],[135.9302,33.7539],[135.937,33.7575],[135.9412,33.7351],[135.9659,33.7238],[135.9762,33.7233],[135.9745,33.7292],[135.9712,33.7323],[135.9736,33.7357],[135.9835,33.736],[136.0113,33.7235],[135.9942,33.7043],[135.9922,33.6963],[135.9864,33.6886],[135.9885,33.6848],[135.9851,33.6818],[135.9839,33.6829],[135.974,33.6785],[135.9721,33.6709],[135.9731,33.6648],[135.9758,33.6629],[135.9741,33.6618],[135.9784,33.6587],[135.9841,33.6606],[135.9868,33.6639],[135.9886,33.6605],[135.9864,33.6607],[135.9859,33.6571],[135.9791,33.6489],[135.9784,33.6541],[135.975,33.6572],[135.9691,33.6551],[135.9713,33.6519],[135.9593,33.6539],[135.9575,33.6499],[135.9394,33.6459],[135.9358,33.6402],[135.9407,33.6338],[135.952,33.6325],[135.9517,33.6192],[135.95,33.6299],[135.9474,33.628],[135.949,33.6247],[135.9445,33.6278],[135.945,33.6256],[135.9431,33.6258],[135.9413,33.6193],[135.9447,33.6171],[135.9405,33.6153],[135.9358,33.6178],[135.9379,33.6141],[135.9355,33.615],[135.935,33.6126],[135.9276,33.6089],[135.9257,33.6095],[135.9258,33.6046],[135.9287,33.6048],[135.9268,33.6034],[135.9292,33.6019],[135.9289,33.5997],[135.9323,33.5996],[135.9306,33.5967],[135.9335,33.5931],[135.9435,33.6041],[135.9482,33.6028],[135.9464,33.6025],[135.946,33.5985],[135.9484,33.5922],[135.9433,33.5933],[135.9451,33.5907],[135.9502,33.5897],[135.9609,33.595],[135.9576,33.5806],[135.9519,33.5777],[135.9396,33.5778],[135.9393,33.5741],[135.9351,33.5731],[135.929,33.5766],[135.9227,33.5759],[135.9211,33.5691],[135.9158,33.5708],[135.907,33.5655],[135.9057,33.5626],[135.9004,33.5629],[135.89,33.5559],[135.9136,33.5631],[135.9219,33.5619],[135.9238,33.5593],[135.9161,33.5577],[135.916,33.5527],[135.9018,33.5455],[135.8988,33.5458],[135.8937,33.5399],[135.8885,33.5397],[135.8871,33.5363],[135.8826,33.5353],[135.8779,33.5283],[135.8762,33.5321],[135.8718,33.5331],[135.8533,33.5221],[135.8526,33.5182],[135.8479,33.5202],[135.8424,33.5171],[135.843,33.5135],[135.8361,33.5121],[135.8273,33.5147],[135.8231,33.5135],[135.8121,33.5032],[135.7982,33.4989],[135.7938,33.4865],[135.7891,33.4827],[135.7894,33.4803],[135.784,33.4711],[135.7853,33.4697],[135.782,33.4698],[135.7815,33.4665],[135.7839,33.4663],[135.7815,33.4655],[135.7818,33.4634],[135.7833,33.4646],[135.7838,33.4621],[135.7857,33.4621],[135.7961,33.4503],[135.7938,33.4503],[135.7978,33.4451],[135.7907,33.4482],[135.7922,33.4447],[135.7902,33.4453],[135.7873,33.4378],[135.7845,33.4406],[135.7819,33.4401],[135.7793,33.4452],[135.7699,33.4467],[135.7623,33.4333],[135.7524,33.4377],[135.7558,33.4433],[135.7511,33.4469],[135.7509,33.4509],[135.7609,33.4561],[135.7746,33.4602],[135.7759,33.4651],[135.7732,33.4658],[135.7729,33.4683],[135.7743,33.4673],[135.7717,33.4749],[135.7744,33.477],[135.7709,33.4789],[135.7663,33.4729],[135.7671,33.4811],[135.7621,33.4813],[135.7594,33.4841],[135.7522,33.4809],[135.7468,33.4821],[135.7391,33.4766],[135.7369,33.4792],[135.7366,33.4857],[135.7276,33.4779],[135.7244,33.4778],[135.7169,33.4811],[135.7147,33.485],[135.7107,33.4844],[135.7112,33.4807],[135.708,33.4781],[135.7083,33.4879],[135.7055,33.487],[135.7005,33.4934],[135.6965,33.4883],[135.6795,33.4895],[135.6755,33.4879],[135.6711,33.4905],[135.6637,33.4905],[135.6548,33.4992],[135.6403,33.5023],[135.6302,33.5086],[135.6279,33.5075],[135.6271,33.5025],[135.6197,33.5032],[135.6123,33.5077],[135.6101,33.5067],[135.6044,33.5092],[135.6011,33.5043],[135.5911,33.5073],[135.5903,33.5032],[135.5924,33.498],[135.5849,33.5073],[135.5792,33.507],[135.5784,33.5111],[135.5707,33.5166],[135.5609,33.5143],[135.5481,33.5157],[135.5441,33.5203],[135.5399,33.5187],[135.536,33.5205],[135.5349,33.5179],[135.511,33.5252],[135.5103,33.5272],[135.5141,33.5299],[135.5095,33.5342],[135.5014,33.535],[135.4994,33.5401],[135.4898,33.5407],[135.4937,33.5445],[135.4916,33.5483],[135.4876,33.5503],[135.4808,33.5448],[135.4797,33.5491],[135.4764,33.5511],[135.4682,33.5465],[135.4629,33.5478],[135.4583,33.5458],[135.4585,33.5529],[135.4518,33.5485],[135.4463,33.5491],[135.4485,33.5561],[135.4439,33.557],[135.4493,33.5611],[135.4472,33.5641],[135.4459,33.5611],[135.436,33.5667],[135.4302,33.5667],[135.4296,33.5698],[135.4222,33.5719],[135.4202,33.5701],[135.4171,33.5758],[135.4169,33.5806],[135.4158,33.5783],[135.4099,33.5756],[135.4052,33.5782],[135.4059,33.5809],[135.4037,33.581],[135.4035,33.5877],[135.4004,33.5845],[135.3954,33.5865],[135.3958,33.588],[135.3918,33.5907],[135.3926,33.5921],[135.3895,33.5956],[135.3924,33.5974],[135.3872,33.6],[135.389,33.6034],[135.3884,33.6085],[135.3925,33.6077],[135.3933,33.6137],[135.3964,33.6145],[135.3957,33.6181],[135.3929,33.6163],[135.3898,33.6171],[135.3896,33.6209],[135.3939,33.6247],[135.3962,33.6244],[135.3965,33.6292],[135.3988,33.6317],[135.3966,33.6311],[135.3953,33.6277],[135.391,33.6323],[135.393,33.6393],[135.3849,33.6467],[135.3833,33.6457],[135.3807,33.6511],[135.379,33.6493],[135.3775,33.6527],[135.368,33.652],[135.3637,33.6557],[135.3621,33.6536],[135.3518,33.6555],[135.3313,33.6667],[135.3314,33.6699],[135.33,33.6701],[135.3363,33.6767],[135.3424,33.6779],[135.3437,33.6822],[135.3403,33.6838],[135.3445,33.6875],[135.3335,33.6923],[135.3351,33.6945],[135.3498,33.6934],[135.3547,33.6951],[135.357,33.6931],[135.3546,33.6875],[135.3589,33.6884],[135.3534,33.6835],[135.355,33.6823],[135.3602,33.6857],[135.3596,33.677],[135.3611,33.6795],[135.3648,33.6797],[135.363,33.6811],[135.3635,33.6829],[135.3659,33.6829],[135.3659,33.6858],[135.3773,33.6833],[135.3722,33.6896],[135.3827,33.6913],[135.3774,33.6937],[135.3832,33.7029],[135.3823,33.6964],[135.3847,33.6966],[135.3854,33.6936],[135.3868,33.6939],[135.387,33.6997],[135.3955,33.7031],[135.3932,33.7107],[135.3963,33.7107],[135.3958,33.7161],[135.3998,33.7203],[135.3961,33.7226],[135.3935,33.7213],[135.3934,33.7156],[135.3829,33.7171],[135.3718,33.7314],[135.3653,33.7281],[135.3679,33.7313],[135.3646,33.7303],[135.363,33.7325],[135.3539,33.7262],[135.3513,33.7295],[135.3527,33.7311],[135.351,33.7337],[135.3572,33.7385],[135.354,33.744],[135.3476,33.7469],[135.3455,33.7449],[135.3317,33.7443],[135.3281,33.7415],[135.3283,33.7459],[135.3239,33.751],[135.3247,33.7556],[135.3204,33.7645],[135.311,33.7693],[135.2968,33.7643],[135.2949,33.7709],[135.2719,33.7818],[135.2657,33.7828],[135.2454,33.7801],[135.2344,33.7813],[135.2333,33.7881],[135.2364,33.7909],[135.235,33.7983],[135.2215,33.8045],[135.2166,33.8141],[135.2078,33.8087],[135.2061,33.8115],[135.1988,33.8128],[135.186,33.8191],[135.1845,33.8258],[135.1758,33.8305],[135.1746,33.8385],[135.1625,33.8453],[135.1664,33.8467],[135.1583,33.8593],[135.1581,33.8676],[135.1438,33.8834],[135.1133,33.8933],[135.1027,33.8897],[135.0841,33.887],[135.0819,33.8875],[135.081,33.8907],[135.0687,33.8825],[135.0572,33.8797],[135.0564,33.8875],[135.0644,33.8945],[135.058,33.9025],[135.0608,33.9057],[135.0706,33.9061],[135.0734,33.9029],[135.0779,33.9035],[135.0832,33.9111],[135.0784,33.9129],[135.0811,33.9154],[135.0816,33.9193],[135.0758,33.9168],[135.0759,33.9223],[135.0793,33.9241],[135.0746,33.9279],[135.0717,33.9239],[135.0652,33.9263],[135.068,33.9309],[135.0764,33.9348],[135.0834,33.9348],[135.0862,33.9385],[135.0807,33.941],[135.0901,33.9431],[135.0881,33.9489],[135.094,33.9479],[135.1001,33.9495],[135.1024,33.9542],[135.1136,33.957],[135.1146,33.9597],[135.1028,33.9636],[135.1007,33.9663],[135.0995,33.9615],[135.0961,33.9584],[135.0806,33.956],[135.074,33.9589],[135.0824,33.9614],[135.0852,33.9685],[135.0786,33.9704],[135.0722,33.9759],[135.0675,33.9761],[135.0694,33.9777],[135.0866,33.9792],[135.0895,33.9816],[135.0892,33.9856],[135.0928,33.9884],[135.0923,33.9927],[135.1031,33.9927],[135.1058,33.989],[135.111,33.9897],[135.1117,33.9948],[135.1192,33.9991],[135.125,33.9974],[135.128,33.9999],[135.1342,33.9999],[135.1416,34.0062],[135.1448,34.0048],[135.15,34.0065],[135.1507,34.0092],[135.1461,34.0133],[135.1375,34.0165],[135.1388,34.0188],[135.151,34.0183],[135.1499,34.0209],[135.1522,34.0258],[135.1564,34.0245],[135.164,34.0281],[135.1666,34.028],[135.1659,34.0259],[135.1695,34.026],[135.1734,34.0319],[135.1714,34.0336],[135.171,34.0321],[135.1681,34.0358],[135.1703,34.0369],[135.1617,34.0365],[135.1591,34.0382],[135.1619,34.0409],[135.1589,34.0467],[135.1463,34.045],[135.1457,34.0563],[135.1385,34.0567],[135.1358,34.0643],[135.1254,34.0645],[135.1218,34.0672],[135.105,34.0709],[135.0882,34.0669],[135.0789,34.0734],[135.0808,34.0753],[135.085,34.0726],[135.0904,34.0736],[135.0952,34.0793],[135.0947,34.0865],[135.0973,34.094],[135.0984,34.0911],[135.1008,34.0906],[135.1023,34.0957],[135.1112,34.0979],[135.1084,34.0975],[135.1119,34.1062],[135.1117,34.1128],[135.1153,34.1199],[135.1218,34.1177],[135.1223,34.1151],[135.1351,34.1129],[135.1369,34.1098],[135.1387,34.1131],[135.1413,34.1098],[135.1445,34.1112],[135.1438,34.1149],[135.1394,34.1185],[135.1355,34.1184],[135.1309,34.1215],[135.134,34.1289],[135.1322,34.1338],[135.1302,34.1336],[135.1308,34.1319],[135.1268,34.1279],[135.1218,34.1297],[135.1243,34.1359],[135.1352,34.1387],[135.154,34.1391],[135.1589,34.1358],[135.1644,34.137],[135.1686,34.1334],[135.1775,34.1407],[135.1839,34.1431],[135.193,34.1445],[135.1984,34.1432],[135.2018,34.1498],[135.2087,34.1494],[135.2089,34.1518],[135.1838,34.1483],[135.1864,34.1557],[135.1926,34.1581],[135.1893,34.159],[135.19,34.1577],[135.1866,34.1563],[135.1825,34.1587],[135.182,34.1699],[135.1773,34.1789],[135.1795,34.1865],[135.1729,34.1883],[135.1718,34.1853],[135.1769,34.1754],[135.1667,34.1869],[135.1607,34.1873],[135.1482,34.1823],[135.1461,34.1893],[135.1417,34.1871],[135.139,34.1901],[135.1366,34.201],[135.1407,34.2018],[135.1487,34.1944],[135.1496,34.2001],[135.143,34.2025],[135.1418,34.2064],[135.1446,34.2075],[135.144,34.2119],[135.1395,34.2119],[135.1398,34.2141],[135.1438,34.2147],[135.1421,34.2189],[135.1401,34.2209],[135.1369,34.2184],[135.1355,34.2196],[135.1399,34.2214],[135.138,34.2253],[135.1218,34.2247],[135.1066,34.2283],[135.1,34.2357],[135.1028,34.2369],[135.1175,34.2343],[135.1277,34.2272],[135.1322,34.2297],[135.1218,34.2411],[135.1194,34.2411],[135.1203,34.2431],[135.1158,34.2463],[135.1136,34.2442],[135.1181,34.2405],[135.0955,34.2532],[135.0967,34.2559],[135.0993,34.2563],[135.088,34.2607],[135.0663,34.2613],[135.0611,34.2635],[135.0669,34.2753],[135.073,34.2769],[135.0723,34.2842],[135.0684,34.2849],[135.0708,34.2868],[135.0675,34.2912],[135.0735,34.3041],[135.0781,34.3077],[135.0836,34.3064],[135.0931,34.3117],[135.0974,34.3079],[135.1031,34.3104],[135.1058,34.3079],[135.1026,34.3017],[135.0965,34.2959],[135.0993,34.2921],[135.0992,34.2884],[135.1086,34.2829],[135.1076,34.2778],[135.1112,34.272],[135.1137,34.2743],[135.1181,34.2735],[135.126,34.2767],[135.1325,34.2725],[135.1375,34.2745],[135.1401,34.2818],[135.1435,34.2808],[135.148,34.2835],[135.1545,34.2807],[135.1531,34.2742],[135.1602,34.2777],[135.1722,34.2802],[135.1844,34.2794],[135.1932,34.2869],[135.2048,34.2888],[135.205,34.3005],[135.2081,34.3041],[135.2076,34.3081],[135.2251,34.3009],[135.2353,34.3043],[135.2468,34.3131],[135.2573,34.3155],[135.2622,34.3126],[135.2707,34.3122],[135.2822,34.3178],[135.2894,34.302],[135.2931,34.2993],[135.3013,34.3041],[135.3035,34.3127],[135.3072,34.3143],[135.3111,34.3136],[135.3255,34.3191],[135.33,34.3167],[135.328,34.3241],[135.3353,34.3267],[135.3388,34.331],[135.3382,34.3351],[135.3423,34.3344],[135.3463,34.3309],[135.3593,34.3326],[135.3622,34.3291],[135.3688,34.3306],[135.381,34.3289],[135.3868,34.3297],[135.3889,34.3325],[135.3971,34.3305],[135.4064,34.3353],[135.4088,34.3419],[135.4261,34.3407],[135.4311,34.3473],[135.4339,34.3481],[135.4438,34.3476],[135.4527,34.3497],[135.4582,34.3473],[135.4661,34.3479],[135.4731,34.3532],[135.4775,34.3537],[135.4791,34.3582],[135.485,34.3627],[135.4908,34.3548],[135.4968,34.3525],[135.5031,34.3464],[135.503,34.3365],[135.5077,34.3365],[135.5287,34.3513]]],[[[135.0446,34.2922],[135.0336,34.2953],[135.0372,34.2985],[135.0594,34.2979],[135.0446,34.2922]]],[[[135.008,34.2763],[134.9987,34.2796],[135.0027,34.2842],[135.0115,34.2842],[135.0179,34.2917],[135.0265,34.2937],[135.0252,34.2913],[135.0217,34.2921],[135.0163,34.2806],[135.0127,34.2796],[135.0112,34.2765],[135.008,34.2763]]],[[[135.1826,34.1506],[135.1812,34.1523],[135.1808,34.1506],[135.176,34.1519],[135.1776,34.1576],[135.1751,34.1585],[135.1836,34.1551],[135.1826,34.1506]]],[[[135.1018,34.1088],[135.0984,34.1089],[135.0974,34.1151],[135.1017,34.1176],[135.1017,34.1134],[135.1044,34.1105],[135.1018,34.1088]]],[[[135.0793,34.1099],[135.0755,34.1125],[135.0758,34.1147],[135.083,34.1132],[135.0793,34.1099]]],[[[135.1218,34.0154],[135.119,34.0178],[135.1206,34.0195],[135.128,34.0179],[135.1218,34.0154]]],[[[135.9153,33.9725],[135.9268,33.9811],[135.94,33.9799],[135.9412,33.9752],[135.9475,33.9806],[135.9569,33.9811],[135.9633,33.9851],[135.9755,33.9867],[135.9793,33.9905],[135.9848,33.9922],[135.9902,34.0032],[136.0025,34.0073],[136.0032,34.0097],[136.0066,34.0071],[136.005,34.0032],[136.001,34.0013],[135.9968,34.0023],[135.9951,34.0002],[136.0042,33.9897],[136.0053,33.9826],[136.0129,33.9737],[136.011,33.9662],[136.0022,33.9611],[135.9991,33.9556],[135.987,33.9679],[135.9766,33.9664],[135.9748,33.9603],[135.9767,33.9537],[135.9756,33.9451],[135.9686,33.929],[135.9649,33.9279],[135.9537,33.9359],[135.9414,33.9397],[135.9278,33.9409],[135.9306,33.9331],[135.9231,33.9345],[135.9182,33.9304],[135.9177,33.9222],[135.9245,33.9199],[135.9295,33.9231],[135.9342,33.9199],[135.9323,33.9167],[135.9215,33.9143],[135.9171,33.9197],[135.9086,33.9184],[135.9084,33.9231],[135.9039,33.9252],[135.901,33.9243],[135.8979,33.9269],[135.8964,33.9349],[135.892,33.9417],[135.8934,33.9481],[135.8977,33.9537],[135.9028,33.9549],[135.9071,33.9635],[135.9141,33.9656],[135.9153,33.9725]]],[[[135.0962,34.0027],[135.0917,34.0032],[135.0928,34.0078],[135.1018,34.0048],[135.0962,34.0027]]],[[[135.0885,33.9876],[135.0815,33.9889],[135.0862,33.9915],[135.0885,33.9876]]],[[[135.8804,33.9091],[135.8786,33.9085],[135.8815,33.9011],[135.8879,33.8947],[135.8838,33.8864],[135.8879,33.8815],[135.8918,33.8813],[135.8901,33.8912],[135.8923,33.8936],[135.9013,33.8835],[135.8955,33.8688],[135.89,33.8684],[135.8847,33.8723],[135.8812,33.8723],[135.8771,33.8705],[135.8768,33.8631],[135.8744,33.8615],[135.8733,33.8703],[135.8823,33.8787],[135.8707,33.8885],[135.8639,33.8887],[135.8607,33.887],[135.8591,33.8981],[135.8598,33.9032],[135.8681,33.9151],[135.8651,33.9199],[135.8661,33.9211],[135.8804,33.917],[135.8804,33.9091]]],[[[135.1471,33.8568],[135.1443,33.8614],[135.1548,33.8619],[135.1545,33.8581],[135.1471,33.8568]]],[[[135.8318,33.4491],[135.8221,33.4517],[135.8235,33.4589],[135.8216,33.4612],[135.8132,33.4611],[135.8148,33.4636],[135.8078,33.4649],[135.8026,33.4642],[135.8013,33.4615],[135.7983,33.4626],[135.8016,33.4732],[135.8109,33.4811],[135.8139,33.4769],[135.8368,33.4764],[135.8366,33.4743],[135.8438,33.4751],[135.8477,33.4715],[135.8568,33.4707],[135.8625,33.4725],[135.8544,33.4669],[135.8534,33.4601],[135.8498,33.4615],[135.8442,33.4587],[135.8396,33.4595],[135.8393,33.4538],[135.8383,33.4552],[135.8359,33.4526],[135.8295,33.4563],[135.8318,33.4491]]],[[[135.817,33.4459],[135.8139,33.4475],[135.813,33.4508],[135.8195,33.4523],[135.817,33.4459]]]]}},{"type":"Feature","properties":{"name":"長崎県","id":42},"geometry":{"type":"MultiPolygon","coordinates":[[[[129.4329,34.7037],[129.4332,34.7073],[129.4404,34.7065],[129.4329,34.7037]]],[[[129.3831,34.4243],[129.3817,34.4278],[129.3779,34.4293],[129.3775,34.4337],[129.3752,34.4303],[129.3734,34.4362],[129.3718,34.4342],[129.3699,34.4391],[129.3693,34.4345],[129.3676,34.436],[129.3682,34.4323],[129.3638,34.4341],[129.366,34.424],[129.3654,34.4177],[129.3703,34.423],[129.3679,34.4278],[129.3719,34.4247],[129.3718,34.4263],[129.3737,34.426],[129.3786,34.4122],[129.3737,34.4127],[129.3765,34.4103],[129.3752,34.4105],[129.375,34.408],[129.3733,34.4084],[129.3735,34.4067],[129.371,34.4073],[129.3718,34.4041],[129.3683,34.4067],[129.3683,34.4035],[129.3653,34.4019],[129.3666,34.4009],[129.3631,34.4002],[129.3644,34.398],[129.3616,34.3982],[129.3611,34.3958],[129.3583,34.3955],[129.351,34.3867],[129.3553,34.3895],[129.3575,34.3885],[129.3576,34.39],[129.3632,34.3907],[129.3769,34.3983],[129.3764,34.3946],[129.3805,34.3981],[129.383,34.3958],[129.3839,34.3985],[129.3855,34.397],[129.386,34.4012],[129.383,34.4034],[129.3885,34.401],[129.3899,34.4055],[129.3968,34.4118],[129.3917,34.3965],[129.3933,34.3938],[129.3867,34.3892],[129.3906,34.3835],[129.3868,34.3828],[129.3824,34.3853],[129.3826,34.3895],[129.3782,34.3861],[129.3736,34.3895],[129.3792,34.3804],[129.3747,34.3818],[129.3821,34.3721],[129.3756,34.3723],[129.3718,34.3697],[129.3718,34.3683],[129.3736,34.3697],[129.3807,34.3671],[129.3835,34.3715],[129.388,34.3697],[129.3856,34.3675],[129.3862,34.3644],[129.393,34.3618],[129.3874,34.3507],[129.3842,34.3531],[129.3824,34.3522],[129.3842,34.3511],[129.3836,34.3486],[129.377,34.3462],[129.3654,34.3469],[129.3644,34.3449],[129.3831,34.3424],[129.3855,34.3433],[129.3866,34.3465],[129.3873,34.3414],[129.3857,34.341],[129.394,34.3351],[129.3922,34.3339],[129.3905,34.3351],[129.3892,34.329],[129.3879,34.3332],[129.3845,34.3301],[129.3862,34.3365],[129.3811,34.3333],[129.38,34.3373],[129.3794,34.3359],[129.3718,34.3362],[129.3718,34.3381],[129.3704,34.3365],[129.3696,34.3383],[129.3646,34.3387],[129.3656,34.3352],[129.3707,34.3325],[129.3646,34.3305],[129.3718,34.3313],[129.3762,34.327],[129.3718,34.3257],[129.3729,34.3241],[129.3764,34.3245],[129.3761,34.3198],[129.375,34.3225],[129.3747,34.3207],[129.3717,34.3199],[129.3768,34.318],[129.3777,34.3119],[129.3743,34.311],[129.3733,34.313],[129.3757,34.3167],[129.3735,34.3168],[129.3718,34.3142],[129.3695,34.3219],[129.3675,34.3211],[129.3683,34.3159],[129.3656,34.3201],[129.3621,34.32],[129.361,34.3186],[129.3671,34.3161],[129.3698,34.3111],[129.3667,34.3108],[129.3637,34.3135],[129.3648,34.306],[129.3621,34.3059],[129.3623,34.3027],[129.3517,34.2958],[129.3494,34.3001],[129.3475,34.2989],[129.355,34.3085],[129.3478,34.3066],[129.3439,34.2998],[129.3423,34.3053],[129.3409,34.3044],[129.3418,34.3087],[129.3398,34.3106],[129.3386,34.3053],[129.3376,34.3076],[129.335,34.3049],[129.334,34.3061],[129.3382,34.3129],[129.3375,34.3162],[129.3357,34.3125],[129.3356,34.3165],[129.3328,34.3183],[129.3366,34.3209],[129.338,34.3189],[129.3387,34.3237],[129.3522,34.3193],[129.3491,34.3238],[129.3472,34.3235],[129.3446,34.3273],[129.3426,34.3269],[129.3477,34.3302],[129.3469,34.3331],[129.3503,34.3311],[129.3485,34.3341],[129.3495,34.3365],[129.3443,34.3346],[129.3423,34.3365],[129.3504,34.338],[129.3529,34.3347],[129.3523,34.3374],[129.3568,34.3365],[129.3579,34.338],[129.3527,34.3387],[129.3547,34.3416],[129.3501,34.3407],[129.3531,34.3447],[129.347,34.3427],[129.3523,34.3464],[129.3505,34.3483],[129.3466,34.3458],[129.3493,34.3527],[129.3442,34.3521],[129.346,34.3558],[129.3402,34.3563],[129.3423,34.3611],[129.3468,34.3627],[129.3488,34.3615],[129.3514,34.3645],[129.3467,34.3663],[129.3473,34.3709],[129.3544,34.3731],[129.3542,34.3743],[129.3493,34.3742],[129.3475,34.3771],[129.3452,34.3729],[129.3431,34.3747],[129.3446,34.3719],[129.3421,34.3721],[129.3413,34.3671],[129.3402,34.3663],[129.3378,34.3691],[129.3331,34.3634],[129.3323,34.3703],[129.337,34.3755],[129.3369,34.3807],[129.3288,34.3709],[129.3289,34.3684],[129.3269,34.3687],[129.3282,34.3645],[129.3219,34.3695],[129.3222,34.3638],[129.3276,34.3591],[129.3222,34.3621],[129.3209,34.3607],[129.3236,34.3578],[129.3246,34.3519],[129.3228,34.3494],[129.32,34.3568],[129.3186,34.3465],[129.3173,34.3536],[129.3139,34.3413],[129.3077,34.3369],[129.3103,34.3458],[129.3055,34.3408],[129.3058,34.345],[129.3024,34.3412],[129.2998,34.3509],[129.309,34.3543],[129.3112,34.3604],[129.3055,34.3547],[129.3012,34.3673],[129.3034,34.3685],[129.3017,34.3693],[129.2991,34.3662],[129.2981,34.3702],[129.3009,34.3731],[129.304,34.3714],[129.3024,34.3743],[129.309,34.3797],[129.3073,34.3831],[129.3129,34.3835],[129.3101,34.3886],[129.3106,34.3843],[129.3075,34.3865],[129.3053,34.384],[129.3031,34.3865],[129.3039,34.3829],[129.3022,34.3808],[129.2953,34.3837],[129.2986,34.3803],[129.2931,34.3754],[129.2929,34.378],[129.2905,34.3763],[129.2894,34.3792],[129.2858,34.3808],[129.2884,34.3854],[129.2868,34.3873],[129.2873,34.3858],[129.2822,34.3831],[129.2848,34.3779],[129.2917,34.3728],[129.288,34.3718],[129.2882,34.3669],[129.2863,34.3659],[129.2849,34.3683],[129.284,34.3666],[129.2815,34.3685],[129.2785,34.3631],[129.2827,34.3645],[129.2828,34.3591],[129.2864,34.3599],[129.2875,34.3576],[129.2903,34.3585],[129.2971,34.3541],[129.293,34.3542],[129.2944,34.3519],[129.2877,34.3556],[129.2867,34.3536],[129.2911,34.3493],[129.2871,34.3393],[129.2863,34.3481],[129.2795,34.3544],[129.2798,34.3473],[129.2824,34.3476],[129.2827,34.3444],[129.2808,34.344],[129.2767,34.3533],[129.2698,34.3561],[129.2712,34.3573],[129.2556,34.3527],[129.2532,34.35],[129.2468,34.3522],[129.2434,34.3511],[129.2344,34.3527],[129.2268,34.3617],[129.2312,34.3661],[129.2381,34.3671],[129.2394,34.3657],[129.2424,34.3692],[129.2408,34.3647],[129.2429,34.3648],[129.2495,34.355],[129.2553,34.3611],[129.2505,34.3651],[129.2536,34.3649],[129.2524,34.3665],[129.2576,34.3664],[129.2578,34.368],[129.2618,34.3667],[129.2721,34.3753],[129.2754,34.3728],[129.2743,34.3856],[129.2733,34.3822],[129.268,34.3853],[129.2711,34.391],[129.2724,34.4009],[129.2712,34.4157],[129.2783,34.4137],[129.2837,34.4156],[129.2726,34.4199],[129.2752,34.4206],[129.2707,34.4244],[129.27,34.4277],[129.2799,34.4273],[129.273,34.4309],[129.2796,34.432],[129.2739,34.4332],[129.2719,34.4357],[129.2736,34.4404],[129.2748,34.4422],[129.2769,34.4413],[129.2788,34.4442],[129.2842,34.4437],[129.2895,34.4403],[129.2886,34.4347],[129.2928,34.4333],[129.2913,34.445],[129.2946,34.4437],[129.2937,34.4466],[129.3002,34.4481],[129.2975,34.4503],[129.3013,34.4552],[129.3077,34.4528],[129.3102,34.4499],[129.3102,34.4548],[129.3051,34.4555],[129.3127,34.4655],[129.3069,34.4633],[129.3035,34.4641],[129.3038,34.4603],[129.3027,34.4611],[129.2934,34.4528],[129.2818,34.4481],[129.2823,34.4521],[129.2736,34.4563],[129.2773,34.4633],[129.2732,34.4657],[129.2734,34.4677],[129.2784,34.4753],[129.2793,34.4808],[129.2832,34.4801],[129.2886,34.486],[129.2912,34.4857],[129.2954,34.5037],[129.299,34.5095],[129.3018,34.5108],[129.3006,34.513],[129.3068,34.5263],[129.3103,34.517],[129.3133,34.5149],[129.3122,34.5193],[129.3155,34.5255],[129.3145,34.5279],[129.3198,34.5295],[129.3178,34.5325],[129.3195,34.5351],[129.3175,34.5355],[129.3192,34.5375],[129.3237,34.5353],[129.326,34.5283],[129.3331,34.529],[129.3364,34.5341],[129.3407,34.5335],[129.3403,34.5286],[129.3416,34.5287],[129.3436,34.5333],[129.3375,34.5376],[129.3327,34.5377],[129.3317,34.5325],[129.3286,34.5328],[129.3269,34.5381],[129.329,34.5438],[129.3265,34.5439],[129.3257,34.5512],[129.3182,34.5481],[129.3138,34.549],[129.3148,34.5571],[129.3125,34.5599],[129.3093,34.5567],[129.3049,34.5679],[129.2954,34.5568],[129.2888,34.5561],[129.2857,34.56],[129.2868,34.5701],[129.2928,34.5722],[129.2972,34.5823],[129.3021,34.5889],[129.304,34.5887],[129.3059,34.5959],[129.3038,34.601],[129.3109,34.6119],[129.3133,34.6221],[129.3186,34.6324],[129.3203,34.6487],[129.3286,34.6508],[129.332,34.6495],[129.3348,34.642],[129.3319,34.6369],[129.3349,34.6374],[129.3402,34.6441],[129.3514,34.6496],[129.3609,34.6465],[129.3631,34.6385],[129.3729,34.6467],[129.3768,34.6431],[129.3802,34.6433],[129.3874,34.6389],[129.3957,34.6391],[129.3893,34.6415],[129.3825,34.6489],[129.389,34.6547],[129.3935,34.6514],[129.3928,34.6578],[129.395,34.6625],[129.401,34.664],[129.4033,34.6702],[129.4001,34.6681],[129.3994,34.6699],[129.4058,34.6735],[129.4058,34.6767],[129.4076,34.6765],[129.4087,34.6787],[129.4179,34.6761],[129.4234,34.6789],[129.4276,34.6777],[129.4273,34.6732],[129.4311,34.6742],[129.4328,34.6727],[129.4319,34.6782],[129.4284,34.6792],[129.4287,34.6809],[129.4217,34.682],[129.4169,34.6791],[129.4143,34.682],[129.4179,34.6889],[129.4138,34.6895],[129.4149,34.6921],[129.4217,34.6979],[129.4214,34.6966],[129.4233,34.6971],[129.42,34.693],[129.4263,34.6944],[129.4303,34.6916],[129.4355,34.6925],[129.4366,34.6951],[129.4387,34.6935],[129.4416,34.701],[129.448,34.7066],[129.4501,34.7021],[129.4481,34.6963],[129.4566,34.7017],[129.4548,34.6966],[129.4565,34.6925],[129.4583,34.6975],[129.4602,34.6966],[129.4626,34.7009],[129.4633,34.6953],[129.4728,34.6935],[129.4708,34.6895],[129.474,34.6923],[129.4801,34.6933],[129.4787,34.6882],[129.4727,34.6884],[129.47,34.6843],[129.4745,34.6852],[129.4703,34.6811],[129.4747,34.6811],[129.471,34.6781],[129.4741,34.6729],[129.4775,34.6775],[129.4787,34.6743],[129.4849,34.6755],[129.4859,34.6831],[129.4926,34.6835],[129.4916,34.6814],[129.494,34.6779],[129.4875,34.6782],[129.4883,34.6752],[129.4847,34.6747],[129.4833,34.6682],[129.4894,34.665],[129.4955,34.6689],[129.4963,34.6673],[129.4829,34.6589],[129.4853,34.6589],[129.4801,34.6562],[129.4826,34.6563],[129.4802,34.6527],[129.4781,34.6566],[129.4712,34.6566],[129.4711,34.6589],[129.4645,34.654],[129.4703,34.6541],[129.4753,34.6489],[129.4714,34.6445],[129.4776,34.6469],[129.4769,34.6446],[129.4807,34.6454],[129.4801,34.6409],[129.483,34.6455],[129.49,34.6453],[129.4853,34.6349],[129.4807,34.6321],[129.4831,34.6305],[129.4793,34.6281],[129.4705,34.628],[129.4783,34.6177],[129.4742,34.6189],[129.476,34.6176],[129.4744,34.6158],[129.4714,34.6165],[129.4719,34.6181],[129.4671,34.6179],[129.4606,34.614],[129.4571,34.6161],[129.4529,34.6259],[129.4499,34.6243],[129.4498,34.6289],[129.4464,34.6312],[129.4447,34.6293],[129.4454,34.6263],[129.4414,34.6253],[129.4506,34.6219],[129.4503,34.6189],[129.4565,34.6137],[129.4552,34.6125],[129.4515,34.6126],[129.4459,34.6183],[129.4373,34.618],[129.4382,34.6231],[129.4369,34.6239],[129.435,34.623],[129.4353,34.6179],[129.4324,34.6177],[129.4361,34.6164],[129.4358,34.6121],[129.4316,34.6084],[129.4381,34.6099],[129.4414,34.6142],[129.4457,34.613],[129.4473,34.6143],[129.4497,34.6122],[129.4504,34.6085],[129.4488,34.6079],[129.4516,34.6071],[129.4533,34.6028],[129.4586,34.6089],[129.4605,34.6071],[129.458,34.6059],[129.4651,34.6059],[129.4691,34.6079],[129.4723,34.5953],[129.4776,34.5949],[129.4782,34.5937],[129.4713,34.5865],[129.4744,34.5853],[129.471,34.576],[129.4748,34.5704],[129.4701,34.57],[129.4684,34.5677],[129.469,34.5559],[129.4725,34.5562],[129.4677,34.5502],[129.4652,34.554],[129.4597,34.5522],[129.4565,34.5544],[129.4573,34.5441],[129.4619,34.5441],[129.4603,34.5399],[129.4539,34.5317],[129.4514,34.5353],[129.4513,34.5307],[129.4439,34.5296],[129.4486,34.5281],[129.4501,34.524],[129.4438,34.5195],[129.4411,34.5144],[129.437,34.5165],[129.4346,34.5132],[129.4362,34.5078],[129.4227,34.4971],[129.4202,34.4974],[129.4127,34.4901],[129.4076,34.4912],[129.4094,34.4875],[129.4057,34.4877],[129.4069,34.4863],[129.3987,34.4769],[129.3969,34.481],[129.3959,34.4723],[129.392,34.4733],[129.3893,34.4646],[129.3831,34.4615],[129.3855,34.4584],[129.3777,34.4537],[129.3777,34.4517],[129.3721,34.4535],[129.3745,34.4553],[129.3718,34.4561],[129.3684,34.453],[129.3748,34.4402],[129.3827,34.4392],[129.3806,34.4383],[129.381,34.433],[129.3841,34.4298],[129.3831,34.4243]]],[[[129.4063,34.3505],[129.4051,34.3575],[129.4038,34.3571],[129.4027,34.3604],[129.4076,34.3594],[129.4109,34.363],[129.41,34.3544],[129.4086,34.3511],[129.4079,34.3531],[129.4063,34.3505]]],[[[129.3966,34.3343],[129.398,34.337],[129.3957,34.3353],[129.3968,34.3395],[129.3945,34.3375],[129.3884,34.3411],[129.3903,34.3423],[129.3891,34.3458],[129.3926,34.3449],[129.3906,34.3477],[129.3913,34.3512],[129.3926,34.3511],[129.3932,34.3564],[129.3955,34.3548],[129.3958,34.3599],[129.4015,34.3541],[129.3983,34.3498],[129.4022,34.3519],[129.4057,34.3497],[129.3984,34.3421],[129.4029,34.3451],[129.4058,34.3365],[129.4042,34.3353],[129.4028,34.3369],[129.3987,34.3365],[129.3966,34.3343]]],[[[129.3417,34.3453],[129.3395,34.3483],[129.3467,34.3512],[129.344,34.3473],[129.3426,34.3486],[129.3417,34.3453]]],[[[129.3328,34.3043],[129.3292,34.3063],[129.3312,34.3105],[129.3281,34.31],[129.3248,34.3063],[129.3197,34.3061],[129.3256,34.3087],[129.3277,34.3126],[129.3193,34.3081],[129.3194,34.3115],[129.3252,34.3177],[129.3158,34.3129],[129.3179,34.318],[129.3126,34.3169],[129.3133,34.3199],[129.3117,34.3215],[129.3166,34.3232],[129.3145,34.3243],[129.3103,34.3257],[129.3066,34.3199],[129.3068,34.3245],[129.3005,34.3219],[129.3027,34.3269],[129.2988,34.3282],[129.3008,34.3289],[129.2994,34.3301],[129.2945,34.3233],[129.2906,34.3229],[129.2966,34.3365],[129.2996,34.3365],[129.2996,34.3332],[129.3028,34.3307],[129.308,34.3307],[129.3114,34.3268],[129.3174,34.3259],[129.3197,34.3271],[129.3165,34.3285],[129.3195,34.3295],[129.3188,34.332],[129.3221,34.3318],[129.3202,34.3331],[129.325,34.3361],[129.3269,34.3342],[129.3248,34.3336],[129.3271,34.3313],[129.3262,34.3285],[129.3297,34.3271],[129.3234,34.3247],[129.3277,34.3221],[129.3275,34.3175],[129.3314,34.3135],[129.3328,34.3151],[129.3306,34.3165],[129.3347,34.3157],[129.3328,34.3043]]],[[[129.2134,34.0839],[129.2116,34.0865],[129.2166,34.1003],[129.2118,34.1044],[129.2148,34.1112],[129.212,34.1132],[129.2089,34.1072],[129.2059,34.1071],[129.2028,34.1039],[129.1961,34.1058],[129.1969,34.1116],[129.1865,34.1161],[129.1859,34.1186],[129.1819,34.1181],[129.1834,34.1163],[129.181,34.1139],[129.1767,34.1135],[129.1677,34.1019],[129.1663,34.1032],[129.1693,34.1111],[129.1684,34.1455],[129.174,34.1488],[129.1717,34.1651],[129.178,34.1699],[129.1757,34.1747],[129.1797,34.1895],[129.1782,34.1884],[129.1806,34.2259],[129.1905,34.2347],[129.1842,34.2465],[129.199,34.2735],[129.1939,34.2738],[129.1963,34.2811],[129.1944,34.2865],[129.1967,34.2996],[129.1951,34.3123],[129.1993,34.3137],[129.1975,34.3175],[129.2013,34.3223],[129.2035,34.331],[129.2137,34.3265],[129.2194,34.3313],[129.2233,34.3285],[129.2267,34.3224],[129.2274,34.3191],[129.2225,34.3078],[129.2259,34.3086],[129.2221,34.3043],[129.2207,34.2977],[129.2248,34.2965],[129.2216,34.2935],[129.2284,34.2972],[129.2285,34.2934],[129.2308,34.2919],[129.2368,34.3],[129.2412,34.298],[129.2452,34.3013],[129.2468,34.3004],[129.2468,34.3029],[129.2555,34.3113],[129.2562,34.3066],[129.2599,34.3079],[129.2585,34.3049],[129.2547,34.3051],[129.2563,34.3027],[129.2513,34.3027],[129.2509,34.2987],[129.2591,34.3003],[129.2569,34.2916],[129.2602,34.2907],[129.2622,34.2991],[129.2663,34.3051],[129.2792,34.3059],[129.2814,34.3026],[129.2782,34.2969],[129.2845,34.2943],[129.2816,34.2928],[129.2815,34.2849],[129.2874,34.2814],[129.2897,34.2769],[129.2912,34.2803],[129.2862,34.285],[129.2843,34.29],[129.2911,34.2911],[129.2874,34.296],[129.283,34.2977],[129.2849,34.3047],[129.288,34.3045],[129.2839,34.3085],[129.2812,34.3057],[129.2761,34.3104],[129.2794,34.3135],[129.2738,34.3098],[129.2708,34.3153],[129.2727,34.3175],[129.2651,34.3203],[129.266,34.3279],[129.2671,34.3217],[129.2704,34.3235],[129.2772,34.3214],[129.2746,34.3241],[129.2766,34.3262],[129.2805,34.3215],[129.2784,34.3177],[129.2815,34.3157],[129.2855,34.3207],[129.2881,34.3187],[129.2864,34.3135],[129.2937,34.3197],[129.291,34.3145],[129.2924,34.3103],[129.2973,34.3089],[129.295,34.3053],[129.2963,34.3007],[129.2995,34.3029],[129.3013,34.3093],[129.3028,34.3063],[129.3054,34.3099],[129.3087,34.3077],[129.3084,34.3057],[129.3058,34.306],[129.3004,34.3001],[129.2998,34.2966],[129.3042,34.2951],[129.3008,34.2955],[129.3024,34.2944],[129.2984,34.2824],[129.3018,34.2819],[129.3046,34.2772],[129.3052,34.2804],[129.3032,34.2813],[129.3068,34.2841],[129.3049,34.2867],[129.308,34.2887],[129.3096,34.2875],[129.3096,34.2832],[129.3169,34.2769],[129.3107,34.2841],[129.3185,34.2832],[129.3168,34.2863],[129.3135,34.2859],[129.3163,34.2888],[129.313,34.2877],[129.3146,34.2899],[129.3124,34.2899],[129.3183,34.2943],[129.3151,34.2949],[129.3162,34.2971],[129.3224,34.294],[129.3295,34.2955],[129.3306,34.2971],[129.3283,34.2969],[129.3304,34.2983],[129.3327,34.2976],[129.3351,34.2949],[129.334,34.2921],[129.3307,34.2912],[129.3334,34.2899],[129.3361,34.2926],[129.3398,34.293],[129.3375,34.2976],[129.3387,34.2995],[129.3447,34.2949],[129.3433,34.2919],[129.3472,34.2972],[129.3489,34.2909],[129.3453,34.2859],[129.352,34.2775],[129.3393,34.2764],[129.3338,34.2714],[129.3285,34.2759],[129.325,34.2679],[129.3252,34.2622],[129.316,34.2623],[129.3229,34.2587],[129.322,34.2555],[129.3176,34.2532],[129.3149,34.2439],[129.3171,34.2391],[129.3188,34.2395],[129.3224,34.2349],[129.3172,34.2315],[129.3232,34.2304],[129.3248,34.226],[129.3181,34.2263],[129.3122,34.2194],[129.3052,34.2159],[129.3013,34.2233],[129.3004,34.2216],[129.298,34.2227],[129.2948,34.2157],[129.299,34.2117],[129.3027,34.2115],[129.298,34.2006],[129.2982,34.1941],[129.2919,34.196],[129.2898,34.1999],[129.2873,34.1999],[129.2881,34.1969],[129.2831,34.1876],[129.2859,34.1873],[129.2912,34.191],[129.2934,34.1867],[129.2961,34.1867],[129.2955,34.1797],[129.2915,34.1794],[129.2879,34.1757],[129.2956,34.1738],[129.2938,34.1699],[129.2945,34.1607],[129.2857,34.1651],[129.2816,34.1642],[129.2836,34.1579],[129.2799,34.1542],[129.2841,34.1453],[129.2735,34.1459],[129.281,34.1303],[129.2747,34.1326],[129.2752,34.1285],[129.2646,34.1265],[129.2592,34.1284],[129.2532,34.1261],[129.2615,34.1221],[129.2598,34.1149],[129.2539,34.1101],[129.246,34.1123],[129.2448,34.1063],[129.2383,34.1021],[129.2329,34.114],[129.2294,34.1116],[129.2289,34.0957],[129.2272,34.0949],[129.2231,34.0974],[129.2185,34.0963],[129.2193,34.0893],[129.2134,34.0839]]],[[[129.3956,34.3117],[129.387,34.3204],[129.394,34.3237],[129.3939,34.3173],[129.4045,34.3153],[129.4112,34.3194],[129.4121,34.3159],[129.3956,34.3117]]],[[[129.321,34.2995],[129.3194,34.3023],[129.3281,34.3061],[129.327,34.3032],[129.321,34.2995]]],[[[129.3592,34.2712],[129.3474,34.2847],[129.3474,34.2867],[129.3529,34.2865],[129.3504,34.2942],[129.353,34.2941],[129.3561,34.2979],[129.3592,34.2946],[129.3576,34.2991],[129.3637,34.2975],[129.3624,34.2996],[129.3667,34.2997],[129.369,34.3025],[129.3697,34.2986],[129.375,34.2921],[129.374,34.2965],[129.3754,34.2974],[129.3718,34.3013],[129.376,34.3036],[129.3786,34.3034],[129.3814,34.3],[129.3818,34.3039],[129.3862,34.3037],[129.3873,34.3003],[129.3924,34.3001],[129.3914,34.2959],[129.3841,34.2878],[129.3718,34.2781],[129.3673,34.2781],[129.3592,34.2712]]],[[[129.242,34.0963],[129.2385,34.0978],[129.2387,34.1002],[129.243,34.099],[129.242,34.0963]]],[[[129.6885,33.8613],[129.683,33.8622],[129.6818,33.8704],[129.6888,33.8704],[129.6885,33.8613]]],[[[129.6771,33.8625],[129.6743,33.864],[129.6725,33.8687],[129.6805,33.8702],[129.6798,33.8651],[129.6763,33.8666],[129.6771,33.8625]]],[[[129.6983,33.8649],[129.6935,33.8659],[129.7011,33.869],[129.7028,33.8656],[129.6983,33.8649]]],[[[129.7159,33.7044],[129.7097,33.7096],[129.6966,33.7101],[129.6958,33.7129],[129.6908,33.7133],[129.6923,33.7151],[129.6876,33.7173],[129.6918,33.7185],[129.696,33.724],[129.6947,33.7268],[129.6901,33.7213],[129.6839,33.7232],[129.6813,33.7274],[129.6807,33.7261],[129.6768,33.7279],[129.6842,33.7382],[129.682,33.7397],[129.69,33.7453],[129.6859,33.7423],[129.6829,33.7431],[129.6757,33.7532],[129.6714,33.7533],[129.6729,33.7593],[129.6672,33.7573],[129.663,33.7503],[129.666,33.7481],[129.6608,33.7493],[129.6614,33.7471],[129.6571,33.7463],[129.6565,33.7385],[129.654,33.7397],[129.6507,33.7478],[129.6464,33.7519],[129.6493,33.7601],[129.6539,33.7615],[129.646,33.7627],[129.6482,33.7653],[129.644,33.7653],[129.6465,33.7681],[129.6427,33.7675],[129.6438,33.7725],[129.6489,33.7737],[129.6545,33.7719],[129.6539,33.7689],[129.6582,33.7676],[129.6584,33.7712],[129.6615,33.7699],[129.6626,33.7658],[129.6714,33.7678],[129.676,33.7647],[129.6804,33.7582],[129.685,33.7596],[129.6795,33.7643],[129.6814,33.7681],[129.6779,33.7671],[129.6759,33.7691],[129.6782,33.7691],[129.6768,33.7709],[129.6793,33.7716],[129.6756,33.7719],[129.674,33.7741],[129.6767,33.7759],[129.6754,33.7781],[129.674,33.7765],[129.6591,33.7769],[129.6557,33.7798],[129.655,33.7895],[129.66,33.7881],[129.6505,33.8001],[129.6558,33.7963],[129.6563,33.799],[129.6663,33.7998],[129.6494,33.8065],[129.6556,33.8141],[129.6599,33.8133],[129.6608,33.8092],[129.665,33.8107],[129.6667,33.8032],[129.6692,33.8047],[129.6707,33.7999],[129.6749,33.7969],[129.676,33.798],[129.6731,33.799],[129.6765,33.805],[129.6843,33.8062],[129.689,33.8049],[129.6793,33.8133],[129.6768,33.8184],[129.6721,33.8192],[129.6756,33.822],[129.673,33.8251],[129.6697,33.8251],[129.6711,33.8374],[129.6754,33.8453],[129.6779,33.8445],[129.6783,33.8407],[129.6786,33.8429],[129.6827,33.8444],[129.6786,33.8462],[129.688,33.8573],[129.6915,33.8556],[129.6904,33.8545],[129.6919,33.8515],[129.6956,33.8551],[129.7039,33.8548],[129.6956,33.8574],[129.6982,33.8611],[129.7026,33.8602],[129.7021,33.8628],[129.7081,33.8624],[129.7056,33.8595],[129.7106,33.855],[129.7181,33.8567],[129.7242,33.8501],[129.7611,33.8447],[129.7667,33.8459],[129.7717,33.8428],[129.7644,33.8343],[129.7632,33.8197],[129.7599,33.817],[129.7631,33.8114],[129.7568,33.8096],[129.7566,33.8118],[129.7531,33.8093],[129.7438,33.8083],[129.7468,33.8053],[129.7474,33.8073],[129.7533,33.8063],[129.7573,33.8027],[129.7605,33.8045],[129.7637,33.7998],[129.7744,33.7945],[129.7765,33.7959],[129.7855,33.7876],[129.7983,33.7884],[129.7951,33.7795],[129.7925,33.7835],[129.7818,33.7856],[129.7695,33.7851],[129.7626,33.7833],[129.7572,33.7758],[129.765,33.7671],[129.771,33.7681],[129.7717,33.773],[129.7772,33.7729],[129.785,33.7695],[129.7885,33.7633],[129.7971,33.7625],[129.7966,33.7548],[129.7889,33.7565],[129.7871,33.7532],[129.7865,33.7491],[129.7882,33.7471],[129.7852,33.7445],[129.7876,33.7415],[129.7823,33.743],[129.7632,33.7385],[129.7575,33.7431],[129.7557,33.7415],[129.7536,33.7434],[129.7521,33.7402],[129.7316,33.7375],[129.7328,33.7283],[129.7277,33.7263],[129.7268,33.7236],[129.7183,33.7164],[129.7186,33.7128],[129.7219,33.7111],[129.7178,33.7079],[129.717,33.7115],[129.7159,33.7044]]],[[[129.6305,33.7323],[129.6282,33.7337],[129.6284,33.7439],[129.6333,33.7426],[129.6366,33.7449],[129.6367,33.7416],[129.6423,33.7423],[129.6422,33.7376],[129.6386,33.7392],[129.6384,33.7357],[129.6305,33.7323]]],[[[129.7575,33.7299],[129.7538,33.7316],[129.7566,33.7365],[129.7603,33.7357],[129.7575,33.7299]]],[[[129.6275,33.7227],[129.6262,33.727],[129.624,33.727],[129.6266,33.7296],[129.6357,33.7273],[129.6306,33.7229],[129.6275,33.7227]]],[[[129.647,33.7181],[129.6431,33.723],[129.6473,33.7274],[129.6517,33.7261],[129.647,33.7181]]],[[[129.5526,33.604],[129.5503,33.6045],[129.5537,33.6099],[129.5575,33.6094],[129.5571,33.6066],[129.5526,33.604]]],[[[129.5528,33.4693],[129.5418,33.4733],[129.5428,33.4756],[129.5373,33.4737],[129.5348,33.4746],[129.528,33.4863],[129.5233,33.4823],[129.5187,33.4843],[129.5181,33.4808],[129.5122,33.4807],[129.5206,33.4717],[129.5084,33.4742],[129.5041,33.472],[129.4968,33.4727],[129.5017,33.4791],[129.5084,33.4814],[129.5317,33.5032],[129.5545,33.5099],[129.5546,33.4963],[129.5517,33.4905],[129.5582,33.4881],[129.5657,33.4914],[129.564,33.4939],[129.5671,33.4955],[129.5635,33.501],[129.5729,33.4967],[129.5823,33.4961],[129.578,33.4897],[129.5752,33.4887],[129.5749,33.4823],[129.5658,33.4779],[129.5622,33.4741],[129.5578,33.4731],[129.5563,33.4773],[129.5528,33.4693]]],[[[129.7322,33.4057],[129.7289,33.4097],[129.7259,33.4099],[129.7254,33.4142],[129.7184,33.414],[129.7187,33.4199],[129.7288,33.4233],[129.7323,33.4268],[129.7432,33.4289],[129.7435,33.4335],[129.7386,33.4365],[129.7432,33.4437],[129.748,33.4429],[129.7485,33.4496],[129.7509,33.4488],[129.7583,33.4557],[129.7544,33.4547],[129.7502,33.4594],[129.7536,33.4614],[129.7498,33.4632],[129.7515,33.4697],[129.7556,33.4691],[129.7569,33.4647],[129.76,33.4657],[129.7696,33.4612],[129.767,33.4561],[129.7689,33.4566],[129.7732,33.4529],[129.7692,33.4515],[129.7691,33.4465],[129.7662,33.4407],[129.7687,33.4423],[129.7724,33.4416],[129.7726,33.4387],[129.7759,33.4389],[129.7779,33.4341],[129.792,33.4304],[129.7885,33.429],[129.7887,33.4257],[129.7667,33.4298],[129.763,33.4333],[129.7599,33.4313],[129.7627,33.4297],[129.7594,33.4247],[129.7561,33.4287],[129.7558,33.4249],[129.7579,33.4224],[129.7573,33.4153],[129.7529,33.4179],[129.7543,33.4199],[129.7468,33.4214],[129.7458,33.4199],[129.7502,33.4157],[129.7493,33.4119],[129.7442,33.4075],[129.738,33.4079],[129.7322,33.4057]]],[[[129.7266,33.4514],[129.7128,33.4604],[129.7169,33.4635],[129.7238,33.4607],[129.7266,33.4514]]],[[[129.5086,33.4242],[129.5045,33.4252],[129.5057,33.4346],[129.5215,33.4411],[129.5262,33.4519],[129.5294,33.4543],[129.5288,33.4517],[129.5432,33.442],[129.536,33.4422],[129.5316,33.4358],[129.5284,33.4365],[129.513,33.4309],[129.5127,33.4261],[129.5086,33.4242]]],[[[129.4156,33.351],[129.3967,33.3604],[129.4023,33.3639],[129.4112,33.3869],[129.4115,33.3982],[129.4182,33.405],[129.4213,33.4124],[129.4226,33.4199],[129.4205,33.4324],[129.4328,33.4422],[129.4322,33.4354],[129.436,33.4322],[129.4279,33.4241],[129.428,33.4199],[129.4327,33.4199],[129.4274,33.4094],[129.433,33.4054],[129.4356,33.3968],[129.4291,33.3789],[129.4353,33.3664],[129.4345,33.3604],[129.4329,33.362],[129.4307,33.3591],[129.4323,33.3595],[129.4342,33.3549],[129.4156,33.351]]],[[[129.7111,33.4199],[129.7093,33.4199],[129.7065,33.4243],[129.7099,33.4237],[129.7111,33.4199]]],[[[129.684,33.4059],[129.6787,33.4103],[129.6849,33.4153],[129.6815,33.4199],[129.6825,33.4231],[129.6865,33.4229],[129.6853,33.4193],[129.6883,33.4151],[129.6866,33.4109],[129.6884,33.4087],[129.684,33.4059]]],[[[129.8122,33.3485],[129.8057,33.3526],[129.8091,33.356],[129.8041,33.3608],[129.8032,33.3659],[129.8081,33.3678],[129.8125,33.3665],[129.8127,33.3691],[129.8101,33.3694],[129.8085,33.3734],[129.8092,33.3781],[129.8075,33.3813],[129.8094,33.3834],[129.8126,33.3829],[129.8069,33.3921],[129.8129,33.4031],[129.8082,33.4033],[129.7967,33.4107],[129.7959,33.4138],[129.801,33.4113],[129.8176,33.4106],[129.8291,33.4068],[129.8325,33.4026],[129.8284,33.3906],[129.8359,33.3818],[129.8383,33.3795],[129.8386,33.3867],[129.8421,33.3851],[129.8414,33.3873],[129.8444,33.3853],[129.8547,33.3845],[129.8586,33.3786],[129.8495,33.3693],[129.8478,33.3709],[129.8469,33.3679],[129.8437,33.3712],[129.8367,33.3711],[129.835,33.3691],[129.8416,33.3659],[129.8362,33.3648],[129.8361,33.3629],[129.8235,33.3624],[129.8184,33.3657],[129.8211,33.3594],[129.8122,33.3485]]],[[[129.3748,33.169],[129.3685,33.1699],[129.365,33.1741],[129.3476,33.1821],[129.3559,33.1875],[129.3579,33.1919],[129.3541,33.1938],[129.3551,33.1977],[129.3508,33.2012],[129.3548,33.207],[129.3566,33.2065],[129.3554,33.2025],[129.3609,33.2033],[129.3688,33.1925],[129.3647,33.1878],[129.3657,33.1869],[129.3696,33.1905],[129.3718,33.1901],[129.3702,33.1876],[129.3722,33.1844],[129.3794,33.1847],[129.3838,33.1871],[129.3865,33.184],[129.3891,33.1863],[129.3919,33.1837],[129.393,33.1857],[129.3954,33.1809],[129.399,33.1799],[129.3991,33.1828],[129.4022,33.1849],[129.4014,33.1901],[129.406,33.1971],[129.4011,33.199],[129.3931,33.1967],[129.381,33.2067],[129.3788,33.2095],[129.3788,33.2185],[129.3815,33.2264],[129.3831,33.2281],[129.3841,33.2265],[129.3842,33.2297],[129.3892,33.2303],[129.3936,33.2371],[129.3984,33.2399],[129.4052,33.2377],[129.407,33.2396],[129.411,33.2377],[129.4239,33.2246],[129.4252,33.2282],[129.4228,33.23],[129.4193,33.2392],[129.4271,33.2325],[129.4314,33.237],[129.4347,33.2372],[129.4316,33.2386],[129.4275,33.2365],[129.4229,33.2405],[129.4267,33.2469],[129.4181,33.2468],[129.4162,33.2498],[129.4104,33.2484],[129.4047,33.2545],[129.4095,33.2563],[129.4112,33.2604],[129.4026,33.2653],[129.4069,33.2676],[129.4038,33.2705],[129.4067,33.2736],[129.4058,33.2781],[129.4111,33.2762],[129.4223,33.2809],[129.4257,33.2801],[129.4256,33.2838],[129.4203,33.2856],[129.423,33.2903],[129.4392,33.2917],[129.4406,33.2893],[129.4459,33.2913],[129.4441,33.293],[129.446,33.2961],[129.441,33.2997],[129.4384,33.2991],[129.4385,33.3043],[129.4363,33.3047],[129.4381,33.3079],[129.4318,33.314],[129.4362,33.3177],[129.4362,33.3243],[129.4406,33.3241],[129.4422,33.3303],[129.4393,33.3385],[129.4414,33.3415],[129.4375,33.3439],[129.4363,33.3471],[129.4408,33.3517],[129.4524,33.349],[129.4658,33.3537],[129.4709,33.3535],[129.4747,33.3507],[129.4799,33.3555],[129.4987,33.3558],[129.5048,33.3652],[129.5037,33.3734],[129.5062,33.3733],[129.5056,33.3776],[129.51,33.3813],[129.5177,33.3799],[129.5181,33.3768],[129.5212,33.3757],[129.5175,33.3741],[129.5174,33.3691],[129.5145,33.3675],[129.5175,33.3647],[129.5129,33.3567],[129.5161,33.3541],[129.5239,33.3549],[129.5223,33.3577],[129.5272,33.3657],[129.5306,33.3671],[129.5236,33.3799],[129.5295,33.3758],[129.5346,33.3761],[129.5398,33.3729],[129.5395,33.3768],[129.5441,33.3764],[129.5506,33.3805],[129.5484,33.3881],[129.5455,33.3862],[129.5415,33.3905],[129.5376,33.3883],[129.5222,33.3871],[129.5171,33.3907],[129.5251,33.392],[129.526,33.3955],[129.5174,33.3995],[129.5223,33.4061],[129.5284,33.4048],[129.5264,33.4013],[129.5299,33.4027],[129.5316,33.4011],[129.5416,33.4085],[129.5529,33.4093],[129.5579,33.4003],[129.5551,33.3975],[129.5599,33.3926],[129.5595,33.3901],[129.5533,33.3904],[129.5583,33.3831],[129.5615,33.3823],[129.5568,33.3731],[129.5526,33.3713],[129.5522,33.3689],[129.5574,33.3706],[129.5571,33.3659],[129.5657,33.3589],[129.5689,33.359],[129.5657,33.3554],[129.5616,33.3555],[129.5449,33.3487],[129.5453,33.3423],[129.541,33.3361],[129.5438,33.331],[129.5372,33.3321],[129.5252,33.3303],[129.5215,33.3269],[129.5135,33.3308],[129.5148,33.3242],[129.5202,33.3209],[129.5233,33.3157],[129.5311,33.3123],[129.5261,33.3036],[129.523,33.3024],[129.5187,33.3039],[129.5101,33.3015],[129.5078,33.3028],[129.5034,33.2999],[129.5003,33.3003],[129.5005,33.2989],[129.5034,33.2989],[129.5051,33.2931],[129.5115,33.2901],[129.5048,33.2859],[129.4924,33.2833],[129.4924,33.2885],[129.4875,33.2883],[129.4848,33.2846],[129.4889,33.2783],[129.4964,33.2781],[129.4947,33.2754],[129.4968,33.2767],[129.5037,33.2713],[129.5007,33.2597],[129.4968,33.2577],[129.4939,33.2532],[129.4872,33.2514],[129.4858,33.2459],[129.4778,33.2348],[129.4723,33.2303],[129.4631,33.2144],[129.453,33.2144],[129.4499,33.2097],[129.4521,33.2091],[129.4514,33.2062],[129.4494,33.2077],[129.4449,33.2048],[129.4428,33.199],[129.4333,33.1909],[129.4236,33.1881],[129.4188,33.1842],[129.4063,33.1813],[129.3971,33.1751],[129.3748,33.169]]],[[[129.7797,33.393],[129.7729,33.399],[129.7746,33.4009],[129.7843,33.3971],[129.7797,33.393]]],[[[129.6322,33.3623],[129.6293,33.3675],[129.6305,33.3705],[129.632,33.3684],[129.6414,33.3671],[129.6437,33.3647],[129.6458,33.3647],[129.6449,33.3683],[129.6472,33.3727],[129.6574,33.3685],[129.6557,33.3745],[129.6666,33.3853],[129.6635,33.3883],[129.6646,33.3947],[129.6715,33.3995],[129.6769,33.3909],[129.6838,33.3893],[129.6844,33.385],[129.6744,33.3851],[129.6727,33.3679],[129.6702,33.3699],[129.6675,33.3627],[129.67,33.3637],[129.6734,33.3617],[129.6726,33.3593],[129.6776,33.353],[129.6842,33.353],[129.686,33.3546],[129.6859,33.3615],[129.6961,33.3613],[129.6963,33.3568],[129.693,33.3511],[129.6957,33.3532],[129.7,33.352],[129.6998,33.3484],[129.7043,33.3465],[129.7113,33.3489],[129.7146,33.3477],[129.7161,33.3501],[129.7238,33.3514],[129.7223,33.3537],[129.7344,33.3589],[129.7365,33.3628],[129.7444,33.3671],[129.7552,33.3649],[129.7622,33.3542],[129.7699,33.3545],[129.7731,33.3571],[129.7709,33.3588],[129.7742,33.3606],[129.7747,33.3711],[129.7848,33.3723],[129.79,33.3693],[129.7878,33.3592],[129.7908,33.3565],[129.7916,33.3479],[129.7899,33.3403],[129.7755,33.3322],[129.7681,33.3189],[129.7588,33.2903],[129.7668,33.2856],[129.7769,33.2701],[129.7935,33.2554],[129.8106,33.2425],[129.8134,33.2421],[129.8132,33.2363],[129.8095,33.2289],[129.812,33.2205],[129.8087,33.2171],[129.8066,33.2101],[129.809,33.2022],[129.8156,33.1979],[129.816,33.1873],[129.818,33.1835],[129.8372,33.1732],[129.8433,33.1767],[129.8517,33.1767],[129.858,33.1708],[129.8625,33.1709],[129.8717,33.1651],[129.8842,33.1615],[129.8877,33.1563],[129.8961,33.1593],[129.9056,33.1585],[129.9133,33.1625],[129.9172,33.1601],[129.9377,33.1651],[129.9425,33.1643],[129.9407,33.1571],[129.948,33.1345],[129.9556,33.1267],[129.9545,33.1166],[129.9504,33.1099],[129.9378,33.1125],[129.9256,33.1075],[129.9251,33.0977],[129.9215,33.0904],[129.9325,33.088],[129.9357,33.0795],[129.9387,33.077],[129.9389,33.0727],[129.9825,33.0564],[129.9935,33.0477],[129.9948,33.0439],[129.9925,33.0389],[130.001,33.0254],[130.0051,33.0241],[130.0087,33.019],[130.0161,33.0179],[130.0244,33.0208],[130.0281,33.0185],[130.0273,33.0123],[130.0436,33.004],[130.0503,32.993],[130.061,32.986],[130.0752,32.9873],[130.0849,32.9778],[130.0857,32.9748],[130.0982,32.9743],[130.1307,32.9683],[130.1437,32.9715],[130.1497,32.9625],[130.202,32.9582],[130.1995,32.9424],[130.2017,32.9413],[130.198,32.9381],[130.2017,32.9369],[130.1992,32.9351],[130.2015,32.9334],[130.2004,32.9297],[130.1927,32.9296],[130.1854,32.9235],[130.1869,32.9188],[130.1834,32.9142],[130.1805,32.917],[130.1791,32.9143],[130.1742,32.9159],[130.1651,32.9141],[130.1635,32.9073],[130.1557,32.9071],[130.1527,32.9001],[130.14,32.8961],[130.1345,32.9001],[130.1278,32.8967],[130.133,32.8919],[130.1163,32.8823],[130.1128,32.8864],[130.1094,32.886],[130.1011,32.8738],[130.0892,32.8673],[130.0893,32.8631],[130.0915,32.8604],[130.0928,32.8642],[130.1121,32.8735],[130.119,32.8739],[130.1384,32.8536],[130.126,32.8433],[130.1277,32.8413],[130.1425,32.8504],[130.1513,32.8466],[130.1575,32.8408],[130.1783,32.8431],[130.1856,32.8403],[130.1875,32.8441],[130.1885,32.8431],[130.1927,32.8455],[130.1949,32.8495],[130.2047,32.8518],[130.2191,32.8584],[130.232,32.8659],[130.2414,32.8749],[130.259,32.8716],[130.2716,32.8741],[130.2804,32.8782],[130.2836,32.8764],[130.2916,32.8788],[130.3064,32.8775],[130.3102,32.8741],[130.3079,32.8729],[130.3385,32.8561],[130.3496,32.8291],[130.3579,32.8148],[130.3622,32.8153],[130.3637,32.8127],[130.3606,32.811],[130.3651,32.8066],[130.3718,32.7921],[130.3763,32.7885],[130.3718,32.788],[130.3757,32.7851],[130.3773,32.7782],[130.3751,32.7775],[130.3765,32.7772],[130.3718,32.7687],[130.3729,32.7678],[130.3682,32.7643],[130.3734,32.7567],[130.3757,32.7494],[130.3732,32.7485],[130.374,32.7389],[130.3497,32.7117],[130.3447,32.7085],[130.3469,32.7029],[130.3564,32.6953],[130.3527,32.6817],[130.3492,32.6771],[130.3436,32.6719],[130.3329,32.6709],[130.3318,32.6692],[130.3338,32.6675],[130.3323,32.6682],[130.3275,32.6643],[130.3202,32.6647],[130.3207,32.6599],[130.301,32.6515],[130.2858,32.6508],[130.2846,32.6529],[130.276,32.6537],[130.2589,32.6525],[130.2585,32.6504],[130.2651,32.6482],[130.2569,32.639],[130.2542,32.6394],[130.2585,32.6345],[130.2548,32.6291],[130.2468,32.6261],[130.2445,32.6283],[130.2459,32.6286],[130.2399,32.628],[130.2304,32.615],[130.2318,32.6122],[130.2194,32.6057],[130.2072,32.6043],[130.1996,32.6089],[130.1909,32.609],[130.1876,32.6112],[130.184,32.6095],[130.1863,32.6067],[130.1933,32.6039],[130.195,32.6051],[130.197,32.6019],[130.1935,32.599],[130.1892,32.6009],[130.1811,32.5933],[130.1678,32.5908],[130.1652,32.597],[130.1723,32.6021],[130.174,32.6071],[130.1665,32.6213],[130.1609,32.6263],[130.157,32.6267],[130.1577,32.6245],[130.1535,32.6233],[130.1534,32.6257],[130.1451,32.6349],[130.13,32.6392],[130.1279,32.6568],[130.1322,32.6783],[130.1258,32.6843],[130.126,32.6891],[130.1296,32.6862],[130.1299,32.6833],[130.1395,32.6811],[130.1412,32.6781],[130.1431,32.679],[130.1429,32.6811],[130.1572,32.6853],[130.1587,32.6936],[130.1707,32.6928],[130.168,32.6961],[130.1702,32.7015],[130.184,32.7068],[130.188,32.7142],[130.2008,32.7206],[130.1998,32.7221],[130.2058,32.729],[130.2087,32.7373],[130.2068,32.7532],[130.2012,32.7567],[130.1988,32.7567],[130.1965,32.7538],[130.1907,32.7611],[130.184,32.7627],[130.185,32.7653],[130.1876,32.7645],[130.1881,32.7701],[130.1851,32.7737],[130.1928,32.7817],[130.1793,32.7939],[130.143,32.7961],[130.1349,32.7904],[130.124,32.7879],[130.1049,32.7927],[130.0835,32.7945],[130.0826,32.7917],[130.0712,32.7889],[130.0559,32.7811],[130.0419,32.7687],[130.028,32.7647],[130.0279,32.7633],[130.0304,32.7633],[130.0224,32.7585],[130.0137,32.7595],[130.005,32.7575],[130.004,32.7595],[129.9953,32.7618],[129.9907,32.7535],[129.9868,32.7589],[129.9795,32.7633],[129.9757,32.7619],[129.9693,32.7641],[129.958,32.7644],[129.9486,32.7604],[129.9459,32.7561],[129.9517,32.7494],[129.9551,32.7415],[129.9525,32.7371],[129.9435,32.7345],[129.9385,32.7291],[129.9415,32.7274],[129.9411,32.725],[129.9331,32.7174],[129.9297,32.7231],[129.9269,32.7195],[129.9239,32.7077],[129.9219,32.7069],[129.9129,32.7123],[129.9137,32.7068],[129.9116,32.7064],[129.9106,32.7025],[129.914,32.7043],[129.9138,32.6947],[129.9098,32.6877],[129.9028,32.6812],[129.898,32.6699],[129.8959,32.6687],[129.8951,32.6628],[129.8925,32.6603],[129.8827,32.6524],[129.8765,32.6529],[129.8718,32.6511],[129.8712,32.6447],[129.8693,32.646],[129.8656,32.644],[129.8625,32.6447],[129.8466,32.6381],[129.8392,32.6417],[129.836,32.6393],[129.8377,32.6371],[129.8344,32.6332],[129.8344,32.6267],[129.8365,32.6222],[129.8315,32.6159],[129.8046,32.5921],[129.784,32.5819],[129.7789,32.5828],[129.7786,32.577],[129.7828,32.5779],[129.7832,32.5763],[129.7804,32.5758],[129.781,32.5719],[129.773,32.5806],[129.765,32.5828],[129.7535,32.58],[129.7514,32.5757],[129.7455,32.5747],[129.7388,32.5692],[129.735,32.58],[129.7448,32.5865],[129.7486,32.5919],[129.7537,32.5904],[129.7512,32.5815],[129.7571,32.5907],[129.7534,32.5924],[129.7634,32.5944],[129.7777,32.6029],[129.7818,32.6068],[129.7782,32.61],[129.7866,32.6116],[129.7884,32.614],[129.7906,32.6206],[129.7896,32.6257],[129.7957,32.6367],[129.8024,32.6441],[129.8034,32.6485],[129.8089,32.6557],[129.8134,32.6533],[129.8162,32.6552],[129.8162,32.6715],[129.8188,32.6845],[129.8125,32.6877],[129.8085,32.6857],[129.8117,32.6831],[129.8064,32.6823],[129.8065,32.6795],[129.8027,32.6776],[129.7993,32.6823],[129.7965,32.6828],[129.7931,32.6895],[129.7896,32.6884],[129.7926,32.6941],[129.7978,32.6943],[129.8031,32.6908],[129.8154,32.6981],[129.8167,32.7063],[129.8279,32.707],[129.8249,32.6954],[129.8194,32.6955],[129.8274,32.6866],[129.8323,32.6893],[129.836,32.6885],[129.8363,32.6915],[129.8324,32.6937],[129.8331,32.6977],[129.8344,32.6996],[129.8395,32.696],[129.8444,32.6978],[129.8449,32.7002],[129.8413,32.7031],[129.842,32.7055],[129.8477,32.7045],[129.8499,32.7186],[129.8547,32.7222],[129.86,32.7218],[129.8577,32.7271],[129.8701,32.7393],[129.8695,32.745],[129.8668,32.7453],[129.8698,32.7461],[129.8699,32.7505],[129.8674,32.7487],[129.8657,32.7512],[129.8558,32.7409],[129.8582,32.7369],[129.8543,32.7351],[129.857,32.7343],[129.854,32.7299],[129.849,32.7313],[129.8511,32.7295],[129.8468,32.7263],[129.8451,32.7206],[129.8411,32.7217],[129.8397,32.7283],[129.8351,32.7203],[129.8347,32.7245],[129.8325,32.7249],[129.8253,32.7165],[129.8186,32.7199],[129.8262,32.7326],[129.8301,32.7331],[129.8286,32.7379],[129.8252,32.7398],[129.8286,32.7436],[129.8255,32.7469],[129.8154,32.7408],[129.8048,32.7438],[129.8052,32.7469],[129.8131,32.7548],[129.8129,32.7587],[129.8103,32.7585],[129.8084,32.7616],[129.8063,32.7607],[129.8082,32.7575],[129.8072,32.7543],[129.8003,32.7625],[129.7962,32.7598],[129.7954,32.7645],[129.7916,32.7652],[129.7937,32.7679],[129.7991,32.7683],[129.801,32.7763],[129.791,32.7788],[129.7888,32.7845],[129.7906,32.7861],[129.7807,32.7891],[129.7814,32.7927],[129.7763,32.795],[129.776,32.7977],[129.7679,32.7969],[129.7656,32.7997],[129.774,32.8183],[129.769,32.8205],[129.7666,32.8147],[129.7621,32.8157],[129.7643,32.82],[129.7598,32.8208],[129.7581,32.8171],[129.7514,32.8177],[129.7504,32.8223],[129.7459,32.8224],[129.7369,32.8054],[129.7363,32.8074],[129.7336,32.8076],[129.7316,32.8131],[129.7249,32.8208],[129.7186,32.8219],[129.7181,32.8305],[129.7153,32.8339],[129.7047,32.8331],[129.7019,32.8309],[129.7002,32.839],[129.6975,32.8421],[129.6933,32.8431],[129.6847,32.8519],[129.6772,32.8665],[129.678,32.8823],[129.6745,32.8843],[129.668,32.8956],[129.6655,32.9042],[129.6596,32.9091],[129.6611,32.9157],[129.6601,32.9181],[129.655,32.9199],[129.6511,32.9311],[129.642,32.9323],[129.6387,32.9185],[129.637,32.9199],[129.6379,32.9261],[129.6338,32.9254],[129.6323,32.9283],[129.6365,32.9296],[129.6333,32.9365],[129.6349,32.9379],[129.636,32.9354],[129.6399,32.9345],[129.6374,32.9471],[129.6241,32.9523],[129.6332,32.9509],[129.6264,32.9563],[129.6317,32.9653],[129.6302,32.9639],[129.6274,32.9675],[129.6267,32.9789],[129.6282,32.9785],[129.6318,32.9856],[129.6408,32.9909],[129.6417,32.9945],[129.6454,32.9875],[129.651,32.9866],[129.6525,32.9933],[129.6503,32.9989],[129.654,33.0021],[129.661,33.0004],[129.6534,33.005],[129.6527,33.0076],[129.6545,33.0085],[129.6499,33.0167],[129.6477,33.0172],[129.6462,33.0357],[129.649,33.0415],[129.6575,33.0395],[129.6608,33.0462],[129.6585,33.0493],[129.6621,33.0519],[129.6608,33.0591],[129.6649,33.0635],[129.6785,33.0623],[129.6695,33.0669],[129.6701,33.0685],[129.6589,33.0698],[129.6645,33.0719],[129.6666,33.0705],[129.671,33.0717],[129.6723,33.077],[129.6777,33.0787],[129.6711,33.0795],[129.6702,33.0779],[129.661,33.0759],[129.6658,33.0805],[129.6716,33.0804],[129.6781,33.0865],[129.6772,33.0882],[129.6748,33.0877],[129.6723,33.0917],[129.6758,33.0982],[129.6783,33.0996],[129.6817,33.0981],[129.6958,33.0891],[129.6989,33.0911],[129.7053,33.0792],[129.7067,33.0821],[129.7054,33.0865],[129.7086,33.088],[129.716,33.0805],[129.7208,33.0782],[129.7184,33.0767],[129.7178,33.073],[129.7133,33.0715],[129.7184,33.071],[129.722,33.0721],[129.7247,33.0756],[129.7281,33.0753],[129.7326,33.0677],[129.7311,33.0664],[129.7352,33.0647],[129.735,33.0613],[129.7296,33.0581],[129.7278,33.053],[129.7233,33.0529],[129.7251,33.051],[129.7297,33.0511],[129.7261,33.0466],[129.7347,33.0461],[129.7361,33.0537],[129.7398,33.049],[129.7413,33.0516],[129.7389,33.0572],[129.7487,33.0601],[129.7496,33.0545],[129.7609,33.0493],[129.7591,33.0445],[129.7488,33.0378],[129.7464,33.0403],[129.7354,33.0188],[129.7322,33.0169],[129.7347,33.0125],[129.7311,33.0062],[129.7398,33.0032],[129.7364,33.001],[129.7315,33.0021],[129.7315,33.0003],[129.7355,32.9985],[129.7346,32.9955],[129.7366,32.9958],[129.7369,32.9927],[129.7392,32.9929],[129.7375,32.9889],[129.7436,32.9877],[129.7423,32.9929],[129.7482,32.9947],[129.7505,32.9999],[129.7531,32.9993],[129.7536,32.9953],[129.7579,32.9949],[129.756,32.9998],[129.7655,32.9989],[129.7614,33.0052],[129.7576,33.0021],[129.7511,33.0032],[129.7545,33.0108],[129.7562,33.0099],[129.7609,33.0158],[129.7592,33.0192],[129.7629,33.0211],[129.7696,33.0132],[129.7775,33.0137],[129.7804,33.0077],[129.7818,33.0087],[129.785,33.0055],[129.7893,33.0093],[129.8001,33.0076],[129.8119,32.9966],[129.8087,32.997],[129.8089,32.9933],[129.811,32.9953],[129.8141,32.9951],[129.8134,32.9931],[129.8107,32.9926],[129.8141,32.9877],[129.8106,32.9843],[129.8203,32.9841],[129.8227,32.9717],[129.8168,32.9732],[129.8151,32.9713],[129.8175,32.9685],[129.8114,32.9695],[129.8059,32.9619],[129.8086,32.9603],[129.8085,32.9627],[129.8153,32.9542],[129.8149,32.9475],[129.8162,32.9481],[129.8171,32.9454],[129.8148,32.9457],[129.8158,32.9367],[129.8128,32.9386],[129.8163,32.9332],[129.8123,32.9321],[129.8145,32.9265],[129.8081,32.9167],[129.801,32.9187],[129.7971,32.9225],[129.7989,32.9247],[129.7967,32.9262],[129.7985,32.9261],[129.7996,32.9293],[129.7978,32.9292],[129.8014,32.9343],[129.7997,32.9348],[129.8001,32.9387],[129.7979,32.9381],[129.7942,32.9323],[129.7968,32.9416],[129.7961,32.9464],[129.7981,32.9484],[129.7977,32.9539],[129.7849,32.948],[129.7829,32.9332],[129.7842,32.9333],[129.7872,32.9199],[129.7846,32.9188],[129.7892,32.9161],[129.7912,32.9172],[129.7926,32.9143],[129.7883,32.9125],[129.7862,32.915],[129.783,32.9086],[129.7883,32.8996],[129.7879,32.9055],[129.7933,32.901],[129.7911,32.9039],[129.7921,32.9083],[129.794,32.9062],[129.7968,32.9095],[129.8057,32.9089],[129.8035,32.9029],[129.8041,32.8957],[129.8058,32.8933],[129.8095,32.8951],[129.8063,32.8866],[129.7999,32.8799],[129.8002,32.8821],[129.7945,32.8833],[129.7935,32.8876],[129.7969,32.8867],[129.7949,32.889],[129.7898,32.8851],[129.7877,32.8668],[129.7917,32.8729],[129.7938,32.8729],[129.7988,32.8641],[129.8153,32.8633],[129.8158,32.8609],[129.821,32.8587],[129.8235,32.8515],[129.8289,32.8481],[129.8329,32.8495],[129.8409,32.844],[129.8402,32.8425],[129.8426,32.8432],[129.84,32.8415],[129.8466,32.8309],[129.8495,32.8322],[129.8468,32.8365],[129.8484,32.8414],[129.8531,32.8451],[129.8473,32.8533],[129.8489,32.8536],[129.8515,32.8605],[129.8522,32.8577],[129.8571,32.8555],[129.8554,32.8493],[129.8645,32.8437],[129.8676,32.8441],[129.8664,32.8505],[129.8705,32.8513],[129.8718,32.8569],[129.8718,32.859],[129.8696,32.8596],[129.8787,32.8633],[129.8798,32.8821],[129.8821,32.8801],[129.8827,32.8744],[129.887,32.8747],[129.8917,32.868],[129.8934,32.8682],[129.896,32.8799],[129.9023,32.878],[129.9077,32.8681],[129.9097,32.8709],[129.9117,32.8661],[129.9172,32.8685],[129.9225,32.8643],[129.9294,32.8665],[129.9266,32.8605],[129.9325,32.8576],[129.9396,32.8614],[129.9497,32.863],[129.9491,32.861],[129.9572,32.8551],[129.9555,32.8499],[129.9571,32.8465],[129.9653,32.8467],[129.97,32.8497],[129.9736,32.8497],[129.974,32.8464],[129.9782,32.8442],[129.9757,32.8412],[129.9779,32.8361],[129.9845,32.8351],[129.9856,32.8415],[129.9932,32.8417],[129.9912,32.8351],[130.0035,32.8381],[130.0041,32.8402],[130.0057,32.8398],[130.0039,32.8419],[130.0077,32.8463],[130.0064,32.8491],[130.0022,32.8449],[129.9998,32.8477],[129.9943,32.8485],[129.9903,32.858],[129.9846,32.8599],[129.9775,32.8683],[129.9754,32.8677],[129.9729,32.8709],[129.9657,32.8725],[129.9618,32.8769],[129.9633,32.8842],[129.9706,32.8857],[129.9702,32.8889],[129.966,32.8916],[129.9566,32.8911],[129.9567,32.8953],[129.9492,32.8947],[129.9525,32.8987],[129.9486,32.9006],[129.9521,32.9035],[129.9549,32.9033],[129.9547,32.9048],[129.9462,32.91],[129.9445,32.9092],[129.9459,32.9103],[129.9362,32.9199],[129.9301,32.9233],[129.9312,32.9259],[129.9278,32.9358],[129.9305,32.9543],[129.9284,32.9611],[129.9307,32.9649],[129.9272,32.9687],[129.9308,32.9721],[129.9354,32.969],[129.937,32.9701],[129.9328,32.9731],[129.9349,32.9754],[129.9378,32.9733],[129.9395,32.9753],[129.9412,32.9741],[129.9439,32.9781],[129.9441,32.9833],[129.9493,32.9854],[129.9474,32.9943],[129.9439,32.9984],[129.9454,33.0032],[129.9437,33.0065],[129.9451,33.0065],[129.9448,33.014],[129.921,33.0338],[129.9176,33.0321],[129.9081,33.0404],[129.9042,33.0409],[129.901,33.0475],[129.8922,33.0565],[129.887,33.0572],[129.8718,33.0648],[129.8701,33.0632],[129.8536,33.0623],[129.8454,33.0538],[129.8426,33.0475],[129.8409,33.056],[129.8376,33.0552],[129.836,33.0488],[129.8331,33.0501],[129.8314,33.0395],[129.8239,33.0363],[129.8197,33.0378],[129.8207,33.0468],[129.8255,33.0528],[129.8197,33.0531],[129.8213,33.0557],[129.8249,33.0543],[129.8335,33.0561],[129.8362,33.0597],[129.8298,33.0636],[129.8271,33.0624],[129.8224,33.0677],[129.8162,33.0657],[129.8168,33.0641],[129.8194,33.0644],[129.8192,33.0611],[129.8106,33.0681],[129.8016,33.0679],[129.7985,33.0661],[129.797,33.069],[129.799,33.0684],[129.8061,33.0727],[129.7994,33.0714],[129.8005,33.0747],[129.8065,33.0767],[129.7993,33.0772],[129.794,33.0834],[129.7851,33.083],[129.7838,33.0789],[129.7793,33.0786],[129.7782,33.0762],[129.7763,33.0778],[129.7732,33.0771],[129.7718,33.0807],[129.7663,33.0769],[129.7646,33.0779],[129.7672,33.0794],[129.7658,33.0826],[129.762,33.0809],[129.7616,33.0826],[129.7629,33.0824],[129.7639,33.0879],[129.7677,33.0865],[129.7666,33.0939],[129.7684,33.1011],[129.7623,33.0953],[129.7618,33.0893],[129.7593,33.0895],[129.757,33.0819],[129.7644,33.0735],[129.7666,33.0747],[129.767,33.0712],[129.77,33.0735],[129.7703,33.0665],[129.7766,33.066],[129.7804,33.0613],[129.7694,33.0605],[129.7633,33.0573],[129.7659,33.0551],[129.7643,33.0535],[129.7674,33.051],[129.7639,33.0504],[129.762,33.0537],[129.7556,33.0545],[129.7545,33.0566],[129.757,33.0564],[129.7551,33.0583],[129.757,33.0621],[129.7557,33.0657],[129.7546,33.0621],[129.7422,33.0617],[129.7411,33.0647],[129.744,33.0669],[129.7387,33.071],[129.7468,33.0763],[129.7489,33.0759],[129.7437,33.0835],[129.7435,33.0778],[129.7387,33.0783],[129.7288,33.0991],[129.73,33.1032],[129.7345,33.1009],[129.7394,33.1017],[129.7454,33.0985],[129.7468,33.1011],[129.7524,33.1002],[129.7515,33.1051],[129.7468,33.1119],[129.7427,33.114],[129.7427,33.1215],[129.7468,33.1253],[129.7499,33.1247],[129.7539,33.1141],[129.7597,33.1136],[129.7564,33.1192],[129.76,33.1219],[129.7573,33.1278],[129.7661,33.1251],[129.7729,33.1263],[129.7654,33.1309],[129.7584,33.1318],[129.7576,33.1339],[129.761,33.1382],[129.7632,33.1379],[129.7651,33.143],[129.7839,33.1401],[129.7847,33.1427],[129.7818,33.1441],[129.7714,33.1432],[129.7671,33.147],[129.7601,33.1442],[129.761,33.1407],[129.7551,33.1413],[129.7529,33.1445],[129.7554,33.1464],[129.7541,33.1473],[129.749,33.1441],[129.7411,33.1321],[129.7359,33.1342],[129.7357,33.1395],[129.7308,33.1365],[129.7296,33.1322],[129.7342,33.1267],[129.731,33.1243],[129.725,33.1279],[129.727,33.1286],[129.7257,33.1362],[129.7201,33.1369],[129.72,33.1416],[129.7265,33.1456],[129.7272,33.1499],[129.724,33.1469],[129.7218,33.1484],[129.7213,33.154],[129.7289,33.1561],[129.7261,33.1593],[129.7262,33.1576],[129.7228,33.1575],[129.7264,33.1617],[129.7218,33.1658],[129.7225,33.162],[129.7184,33.1611],[129.7163,33.1657],[129.7118,33.1667],[129.7118,33.1609],[129.7095,33.1605],[129.709,33.1652],[129.7033,33.1634],[129.7047,33.1603],[129.7075,33.1599],[129.7043,33.159],[129.7007,33.1631],[129.6993,33.1595],[129.7042,33.1558],[129.7057,33.1442],[129.7019,33.1429],[129.708,33.139],[129.7094,33.1249],[129.7064,33.1229],[129.699,33.1249],[129.7072,33.1191],[129.7091,33.1195],[129.7107,33.1177],[129.7095,33.1154],[129.7034,33.1173],[129.6977,33.1133],[129.6921,33.1169],[129.6787,33.1137],[129.6749,33.1195],[129.67,33.1183],[129.6726,33.1131],[129.6715,33.1077],[129.6648,33.1015],[129.6642,33.11],[129.6604,33.1123],[129.6578,33.1221],[129.6602,33.1244],[129.6562,33.1293],[129.6577,33.1323],[129.6627,33.1285],[129.6606,33.1287],[129.6614,33.1261],[129.6632,33.1267],[129.6637,33.1245],[129.6662,33.1238],[129.6671,33.1271],[129.6686,33.1261],[129.6736,33.1281],[129.6797,33.1259],[129.6784,33.1329],[129.6847,33.1321],[129.6812,33.1351],[129.6828,33.1349],[129.6839,33.1379],[129.6874,33.1347],[129.6897,33.1367],[129.697,33.137],[129.6974,33.1423],[129.6895,33.1412],[129.6907,33.1424],[129.6816,33.1456],[129.6831,33.1465],[129.677,33.151],[129.6795,33.1509],[129.6771,33.1544],[129.6786,33.1587],[129.6776,33.1621],[129.6802,33.1617],[129.6771,33.1651],[129.6751,33.1622],[129.6725,33.1673],[129.6676,33.1671],[129.6669,33.1621],[129.6662,33.1648],[129.6642,33.1659],[129.663,33.1641],[129.6593,33.1675],[129.6619,33.1702],[129.6514,33.1717],[129.6471,33.1699],[129.6498,33.1734],[129.6478,33.1734],[129.6358,33.1671],[129.6389,33.1756],[129.6406,33.1729],[129.6427,33.1738],[129.6426,33.1803],[129.6455,33.1804],[129.6462,33.1777],[129.6512,33.1821],[129.6504,33.1837],[129.6524,33.183],[129.6569,33.1858],[129.6516,33.1853],[129.6504,33.1919],[129.6545,33.1909],[129.6559,33.1928],[129.6524,33.1949],[129.6485,33.1935],[129.6451,33.1951],[129.6435,33.2001],[129.6459,33.206],[129.6488,33.2057],[129.6488,33.2077],[129.6475,33.2098],[129.6445,33.2075],[129.6363,33.2251],[129.6361,33.2175],[129.6387,33.2153],[129.6392,33.2071],[129.6365,33.2039],[129.6381,33.199],[129.635,33.1999],[129.6356,33.1968],[129.6285,33.1929],[129.6258,33.1885],[129.6218,33.1915],[129.6218,33.1947],[129.6185,33.1947],[129.6178,33.1979],[129.6179,33.1997],[129.622,33.1988],[129.6191,33.2046],[129.6235,33.2041],[129.62,33.2059],[129.6207,33.2165],[129.6177,33.2097],[129.6139,33.2097],[129.6159,33.205],[129.6132,33.203],[129.6103,33.2065],[129.6041,33.2036],[129.6041,33.2061],[129.6005,33.2055],[129.6004,33.2099],[129.6022,33.2097],[129.6067,33.217],[129.6056,33.2213],[129.6125,33.221],[129.6138,33.2241],[129.6035,33.2218],[129.602,33.2136],[129.6012,33.2145],[129.5951,33.2089],[129.5933,33.2109],[129.5962,33.2176],[129.5924,33.2135],[129.5845,33.2105],[129.5828,33.212],[129.5855,33.2175],[129.5751,33.2148],[129.5686,33.2194],[129.5699,33.2164],[129.5674,33.2163],[129.5655,33.2217],[129.5628,33.2172],[129.5585,33.2168],[129.558,33.2147],[129.5544,33.2158],[129.552,33.2191],[129.5587,33.2188],[129.5581,33.2217],[129.5563,33.2207],[129.5553,33.2227],[129.5565,33.2251],[129.5597,33.2257],[129.5571,33.2277],[129.5574,33.2308],[129.555,33.2294],[129.555,33.2316],[129.5531,33.2311],[129.5577,33.2335],[129.5603,33.2331],[129.5614,33.2283],[129.5634,33.2272],[129.5676,33.2295],[129.5654,33.2451],[129.5621,33.2405],[129.5557,33.2409],[129.5586,33.2441],[129.5558,33.2454],[129.5566,33.2473],[129.5644,33.2478],[129.566,33.2513],[129.5622,33.2578],[129.564,33.2562],[129.5652,33.2587],[129.5671,33.2586],[129.5666,33.2623],[129.5691,33.2635],[129.572,33.2607],[129.5746,33.2636],[129.5692,33.2655],[129.5692,33.2707],[129.5731,33.2672],[129.5739,33.2725],[129.5711,33.2724],[129.5796,33.2797],[129.5756,33.2746],[129.5782,33.2663],[129.5801,33.2707],[129.5883,33.2718],[129.5902,33.2764],[129.5872,33.2771],[129.5863,33.2795],[129.5882,33.2836],[129.5871,33.2863],[129.5843,33.2848],[129.586,33.2909],[129.5851,33.2892],[129.5822,33.2895],[129.5873,33.2947],[129.5874,33.2913],[129.589,33.2915],[129.5898,33.2947],[129.6059,33.3119],[129.6145,33.3082],[129.6215,33.3102],[129.6148,33.3105],[129.6073,33.3148],[129.5978,33.3119],[129.5915,33.3045],[129.5842,33.3058],[129.5831,33.3109],[129.5803,33.3103],[129.5791,33.3073],[129.5743,33.3089],[129.5758,33.3123],[129.5613,33.3244],[129.5619,33.3327],[129.5737,33.3299],[129.5749,33.3321],[129.5711,33.3365],[129.572,33.3476],[129.5766,33.3622],[129.5686,33.3703],[129.5679,33.3771],[129.5718,33.3757],[129.5762,33.38],[129.5795,33.3777],[129.5863,33.3781],[129.5915,33.3813],[129.597,33.3808],[129.5905,33.3757],[129.5922,33.3693],[129.597,33.3733],[129.6015,33.3729],[129.604,33.3686],[129.6165,33.376],[129.6177,33.3705],[129.6245,33.3617],[129.6322,33.3623]]],[[[129.1179,33.2456],[129.1025,33.2504],[129.0974,33.2501],[129.0965,33.2483],[129.093,33.2532],[129.0947,33.2551],[129.0925,33.254],[129.0916,33.2585],[129.0865,33.2595],[129.0828,33.2647],[129.0797,33.265],[129.0726,33.2591],[129.0746,33.2641],[129.0697,33.2702],[129.0794,33.2783],[129.0821,33.2774],[129.0848,33.2833],[129.0911,33.2875],[129.096,33.2861],[129.1038,33.2885],[129.1064,33.2872],[129.1072,33.2899],[129.1136,33.2877],[129.1144,33.291],[129.1206,33.2886],[129.1204,33.2922],[129.123,33.2928],[129.123,33.3013],[129.1347,33.3022],[129.1321,33.2993],[129.1334,33.2972],[129.135,33.2987],[129.1409,33.2955],[129.1372,33.2943],[129.1403,33.2843],[129.1394,33.2792],[129.1452,33.2738],[129.155,33.2723],[129.1535,33.2693],[129.1496,33.2699],[129.1357,33.2607],[129.1358,33.262],[129.1326,33.2605],[129.132,33.2628],[129.1265,33.2602],[129.1318,33.2532],[129.1283,33.2489],[129.1179,33.2456]]],[[[129.5641,33.2709],[129.5674,33.2761],[129.5698,33.2755],[129.567,33.2716],[129.5641,33.2709]]],[[[129.5646,33.2615],[129.5626,33.2642],[129.5581,33.2646],[129.5608,33.2655],[129.5616,33.2688],[129.5646,33.2615]]],[[[129.5583,33.2592],[129.5587,33.2631],[129.5613,33.2626],[129.5626,33.2603],[129.5583,33.2592]]],[[[129.0701,33.2445],[129.0662,33.2485],[129.0629,33.2469],[129.0589,33.2501],[129.0588,33.2574],[129.0652,33.2625],[129.061,33.2581],[129.0636,33.2513],[129.0714,33.2548],[129.0739,33.2487],[129.0701,33.2445]]],[[[129.5618,33.2504],[129.5586,33.2512],[129.5601,33.2511],[129.561,33.2545],[129.5639,33.2532],[129.5618,33.2504]]],[[[129.3374,33.2483],[129.3344,33.2493],[129.3403,33.2523],[129.3374,33.2483]]],[[[129.1312,33.2202],[129.129,33.2254],[129.1338,33.2278],[129.1396,33.2237],[129.137,33.2204],[129.1312,33.2202]]],[[[129.0678,33.2177],[129.0622,33.2212],[129.0638,33.2241],[129.0614,33.2243],[129.0619,33.2271],[129.0732,33.2236],[129.0678,33.2177]]],[[[129.0496,33.1834],[129.0463,33.1839],[129.0433,33.1903],[129.0467,33.1939],[129.0458,33.1957],[129.0434,33.1957],[129.0411,33.1985],[129.0374,33.1939],[129.0311,33.1951],[129.0275,33.1995],[129.0313,33.2044],[129.0352,33.2031],[129.0337,33.2057],[129.038,33.2111],[129.0383,33.2076],[129.041,33.2048],[129.0413,33.2081],[129.0462,33.213],[129.0448,33.2191],[129.0477,33.2165],[129.055,33.2197],[129.0569,33.2175],[129.0544,33.2165],[129.0559,33.2148],[129.0526,33.2139],[129.0549,33.2105],[129.0629,33.2097],[129.0665,33.2067],[129.0683,33.2115],[129.0804,33.2105],[129.0865,33.2147],[129.0957,33.2157],[129.0974,33.2113],[129.0936,33.2067],[129.0916,33.2103],[129.0799,33.2086],[129.0822,33.1956],[129.0889,33.1935],[129.0908,33.1952],[129.0936,33.1916],[129.0913,33.1917],[129.0881,33.1859],[129.08,33.1907],[129.0725,33.1879],[129.0662,33.1949],[129.0597,33.1933],[129.0602,33.1851],[129.0569,33.1881],[129.057,33.1866],[129.0496,33.1834]]],[[[129.5684,33.2124],[129.5647,33.2131],[129.5642,33.2173],[129.5684,33.2124]]],[[[129.1315,33.1592],[129.1246,33.1617],[129.1218,33.1734],[129.119,33.1776],[129.1231,33.1874],[129.1142,33.2085],[129.122,33.2137],[129.1314,33.2029],[129.1346,33.2035],[129.133,33.199],[129.1379,33.1935],[129.1413,33.1943],[129.1418,33.187],[129.1388,33.1889],[129.1304,33.1853],[129.1333,33.1676],[129.1315,33.1592]]],[[[129.0215,33.1997],[129.0125,33.2006],[129.0112,33.2062],[129.0132,33.2125],[129.021,33.2117],[129.0236,33.213],[129.0269,33.2065],[129.0256,33.2073],[129.0257,33.2037],[129.0215,33.1997]]],[[[129.5759,33.2075],[129.5763,33.213],[129.5787,33.2094],[129.5759,33.2075]]],[[[129.3506,33.2081],[129.3476,33.2092],[129.3487,33.2119],[129.3518,33.2126],[129.3506,33.2081]]],[[[129.5902,33.2021],[129.5822,33.2027],[129.5806,33.2061],[129.5816,33.2079],[129.5872,33.2041],[129.5931,33.2043],[129.5902,33.2021]]],[[[129.5965,33.2015],[129.5957,33.2068],[129.5979,33.2079],[129.6018,33.2023],[129.5984,33.2031],[129.5965,33.2015]]],[[[129.5978,33.1907],[129.5951,33.1959],[129.5988,33.1995],[129.5978,33.1907]]],[[[129.6102,33.1895],[129.6087,33.1976],[129.6103,33.1974],[129.6122,33.1902],[129.6102,33.1895]]],[[[128.929,33.1904],[128.9251,33.1913],[128.9255,33.1945],[128.9291,33.1941],[128.929,33.1904]]],[[[128.979,33.1847],[128.9778,33.187],[128.9844,33.1933],[128.9919,33.1911],[128.9909,33.1869],[128.9871,33.1885],[128.979,33.1847]]],[[[129.5813,33.1611],[129.5825,33.1677],[129.5879,33.1674],[129.5895,33.1699],[129.5869,33.1736],[129.5823,33.1757],[129.5782,33.1854],[129.5818,33.1855],[129.5782,33.1894],[129.5805,33.1926],[129.5912,33.1925],[129.5935,33.1856],[129.5911,33.183],[129.5895,33.1859],[129.5911,33.1868],[129.5905,33.19],[129.5887,33.1905],[129.5858,33.189],[129.5873,33.1883],[129.5868,33.183],[129.5854,33.1827],[129.5856,33.18],[129.5905,33.1801],[129.5916,33.1767],[129.5906,33.1636],[129.5813,33.1611]]],[[[129.3345,33.1824],[129.3342,33.1883],[129.3377,33.1899],[129.34,33.1875],[129.3345,33.1824]]],[[[129.6123,33.1843],[129.6093,33.1864],[129.6104,33.1883],[129.6134,33.1879],[129.6123,33.1843]]],[[[129.3466,33.1777],[129.3408,33.1834],[129.343,33.1852],[129.3468,33.1821],[129.3466,33.1777]]],[[[129.0224,33.1795],[129.0135,33.1801],[129.0159,33.1842],[129.0209,33.1847],[129.0237,33.1823],[129.0224,33.1795]]],[[[129.0528,33.1771],[129.0524,33.1791],[129.0546,33.181],[129.0537,33.1833],[129.0565,33.1839],[129.0596,33.1811],[129.0589,33.1795],[129.0563,33.1798],[129.0558,33.1773],[129.0528,33.1771]]],[[[129.0225,33.1648],[129.0172,33.1651],[129.0173,33.1712],[129.0215,33.1744],[129.024,33.174],[129.0258,33.1699],[129.0225,33.1673],[129.0225,33.1648]]],[[[128.9034,33.1665],[128.8939,33.1671],[128.8987,33.1699],[128.8992,33.1731],[128.9014,33.174],[128.9034,33.1665]]],[[[129.0332,33.1716],[129.0324,33.174],[129.0391,33.1731],[129.0332,33.1716]]],[[[129.5236,33.1672],[129.5198,33.1699],[129.5186,33.1735],[129.5237,33.1699],[129.5236,33.1672]]],[[[129.6737,33.1575],[129.6718,33.1623],[129.6708,33.1599],[129.6696,33.1618],[129.6687,33.166],[129.673,33.1639],[129.6737,33.1575]]],[[[129.0585,32.8169],[129.0437,32.8215],[129.0419,32.8247],[129.0487,32.8238],[129.0503,32.8274],[129.0443,32.8294],[129.0494,32.8387],[129.0461,32.8385],[129.0436,32.8445],[129.0449,32.8444],[129.0443,32.848],[129.0467,32.8529],[129.0409,32.8601],[129.0452,32.8599],[129.046,32.8685],[129.0448,32.8725],[129.0402,32.8728],[129.0395,32.8743],[129.0411,32.8749],[129.0399,32.8807],[129.0443,32.8757],[129.048,32.8747],[129.0505,32.8758],[129.0477,32.8776],[129.0514,32.8773],[129.0427,32.885],[129.0509,32.8847],[129.0527,32.8804],[129.0559,32.8787],[129.0554,32.8816],[129.0567,32.8815],[129.0545,32.8871],[129.0585,32.8882],[129.0553,32.8907],[129.0545,32.8944],[129.0516,32.8887],[129.0499,32.8898],[129.0515,32.8925],[129.0484,32.8947],[129.0433,32.8925],[129.0384,32.8986],[129.0412,32.8997],[129.0408,32.9024],[129.0393,32.902],[129.0403,32.9069],[129.0376,32.9077],[129.0448,32.9076],[129.0454,32.9029],[129.0472,32.9045],[129.0528,32.8996],[129.051,32.9071],[129.0569,32.9061],[129.0602,32.9042],[129.0563,32.9008],[129.0615,32.8948],[129.0639,32.901],[129.0622,32.9038],[129.0667,32.9045],[129.062,32.9053],[129.0607,32.9092],[129.053,32.9091],[129.0483,32.915],[129.0505,32.9209],[129.0442,32.9229],[129.0394,32.9221],[129.0367,32.9255],[129.0326,32.9188],[129.0257,32.9189],[129.0314,32.9326],[129.0369,32.9272],[129.0375,32.93],[129.0391,32.9299],[129.0338,32.948],[129.0294,32.9358],[129.0279,32.9393],[129.0217,32.932],[129.0177,32.9387],[129.0137,32.9365],[129.0161,32.9434],[129.0157,32.9465],[129.0125,32.9487],[129.0061,32.9405],[129.0038,32.9416],[129.0024,32.9399],[128.9918,32.9424],[128.9922,32.9457],[129.0029,32.9453],[128.9961,32.9497],[129.0028,32.9493],[129.0058,32.9522],[128.9963,32.9534],[128.999,32.9579],[129.0018,32.9578],[129.0015,32.9602],[128.9955,32.9652],[129.0092,32.9726],[129.0112,32.9764],[129.0162,32.9648],[129.0153,32.9687],[129.0176,32.9763],[129.0222,32.9737],[129.0238,32.9658],[129.029,32.9605],[129.0315,32.9715],[129.0339,32.9707],[129.0383,32.9762],[129.0464,32.9762],[129.0474,32.9567],[129.0507,32.9639],[129.0522,32.9603],[129.0504,32.9736],[129.0521,32.9781],[129.0577,32.9749],[129.0571,32.9774],[129.0605,32.9819],[129.0653,32.9809],[129.0627,32.9829],[129.0566,32.9808],[129.0487,32.9862],[129.0475,32.9836],[129.0446,32.9851],[129.0411,32.993],[129.0478,32.994],[129.0402,33.0032],[129.0436,33.0149],[129.0407,33.0201],[129.0432,33.0241],[129.0427,33.0289],[129.0473,33.0355],[129.0506,33.0353],[129.053,33.0377],[129.0492,33.0409],[129.0571,33.0407],[129.0652,33.0435],[129.0684,33.0202],[129.0721,33.0188],[129.0875,33.0255],[129.0807,33.0291],[129.0839,33.0299],[129.0769,33.0362],[129.0805,33.0379],[129.0776,33.0399],[129.0829,33.0427],[129.0802,33.0517],[129.0763,33.0527],[129.0742,33.0559],[129.0751,33.0588],[129.0802,33.0583],[129.0842,33.0745],[129.0881,33.0779],[129.0995,33.0799],[129.1059,33.0869],[129.1048,33.0926],[129.1084,33.1013],[129.0992,33.1031],[129.0971,33.1052],[129.1019,33.1099],[129.1027,33.1148],[129.1,33.1151],[129.0935,33.1209],[129.0972,33.1244],[129.0947,33.1287],[129.0982,33.1321],[129.1058,33.1491],[129.1061,33.1559],[129.1097,33.1633],[129.1139,33.1639],[129.1171,33.1593],[129.1099,33.1473],[129.1122,33.1429],[129.1093,33.1327],[129.102,33.1243],[129.1115,33.1149],[129.1149,33.115],[129.1194,33.1076],[129.1168,33.0865],[129.1125,33.0847],[129.1104,33.0713],[129.1075,33.0649],[129.113,33.0627],[129.1064,33.0611],[129.1058,33.0625],[129.0991,33.0562],[129.0981,33.0507],[129.1041,33.0495],[129.0998,33.0484],[129.0973,33.0422],[129.0912,33.0393],[129.0925,33.0319],[129.0957,33.0322],[129.0972,33.0259],[129.0891,33.0179],[129.0928,33.0077],[129.0907,33.0032],[129.095,33.0024],[129.0929,32.9937],[129.0885,32.9871],[129.082,32.9863],[129.09,32.9806],[129.0928,32.9855],[129.0963,32.9813],[129.0998,32.9813],[129.0995,32.9838],[129.1051,32.9849],[129.1067,32.9813],[129.1099,32.9817],[129.1145,32.988],[129.1111,32.9886],[129.1135,32.9897],[129.1174,32.9885],[129.118,32.9845],[129.1218,32.985],[129.1218,32.9875],[129.1299,32.9905],[129.1335,32.997],[129.1336,33.0022],[129.1357,32.9992],[129.1394,32.9992],[129.1455,33.0032],[129.1493,33.0005],[129.1552,33.0002],[129.1598,33.002],[129.1584,33.0032],[129.1601,33.0067],[129.1631,33.0055],[129.164,33.0085],[129.1686,33.0032],[129.1685,33.0009],[129.1707,33.0059],[129.1739,33.007],[129.1824,33.0021],[129.1742,32.9977],[129.1767,32.9925],[129.1739,32.9905],[129.1815,32.98],[129.1816,32.9741],[129.1799,32.9706],[129.1725,32.9709],[129.1688,32.9651],[129.1477,32.9553],[129.1416,32.9399],[129.1385,32.9371],[129.1301,32.9448],[129.1253,32.9388],[129.1168,32.9388],[129.1125,32.9483],[129.1024,32.9553],[129.1021,32.9581],[129.1042,32.9579],[129.1008,32.9613],[129.1002,32.9505],[129.1039,32.9515],[129.1079,32.9461],[129.1096,32.9384],[129.1047,32.9328],[129.1083,32.9313],[129.1067,32.9251],[129.1022,32.9278],[129.0964,32.9247],[129.0854,32.9242],[129.0855,32.9265],[129.0838,32.9264],[129.0869,32.9206],[129.0882,32.9224],[129.0941,32.9191],[129.0948,32.9153],[129.0917,32.911],[129.0888,32.9102],[129.0943,32.9031],[129.0838,32.9038],[129.0811,32.8965],[129.082,32.8941],[129.087,32.8938],[129.0851,32.8901],[129.0914,32.8905],[129.0875,32.8834],[129.0814,32.8814],[129.0919,32.8803],[129.0938,32.8816],[129.0937,32.8766],[129.0965,32.8747],[129.0925,32.8707],[129.097,32.8697],[129.0981,32.8599],[129.0942,32.8561],[129.089,32.8549],[129.075,32.8613],[129.0713,32.8593],[129.0663,32.8633],[129.0608,32.8485],[129.0564,32.8489],[129.0576,32.8461],[129.0623,32.8442],[129.0627,32.8395],[129.0611,32.8388],[129.0671,32.8365],[129.0677,32.8281],[129.0646,32.8283],[129.0631,32.8173],[129.0585,32.8169]]],[[[129.6709,33.1497],[129.6673,33.1569],[129.6753,33.1541],[129.6726,33.1541],[129.6709,33.1497]]],[[[128.8979,33.1499],[128.8953,33.1533],[128.9001,33.1553],[128.903,33.154],[128.8983,33.1531],[128.8979,33.1499]]],[[[129.5358,33.1316],[129.5311,33.1317],[129.5215,33.1371],[129.5174,33.1359],[129.503,33.1409],[129.5132,33.1405],[129.5214,33.1449],[129.5267,33.1447],[129.5313,33.1489],[129.5383,33.1487],[129.5433,33.1518],[129.5488,33.1465],[129.5493,33.1365],[129.5391,33.1375],[129.5358,33.1316]]],[[[129.6792,33.1354],[129.6736,33.1383],[129.6786,33.1369],[129.6773,33.1393],[129.6712,33.1411],[129.674,33.1435],[129.6766,33.1404],[129.6776,33.1428],[129.6792,33.1413],[129.6792,33.1354]]],[[[129.6634,33.1319],[129.6608,33.1329],[129.6655,33.1354],[129.6634,33.1319]]],[[[129.7841,33.0659],[129.78,33.0709],[129.7778,33.0708],[129.7793,33.077],[129.7827,33.0754],[129.7851,33.0708],[129.7841,33.0659]]],[[[129.6087,33.0227],[129.6031,33.0234],[129.6026,33.0284],[129.5976,33.0239],[129.593,33.0273],[129.5878,33.0269],[129.5863,33.034],[129.5926,33.0413],[129.59,33.0414],[129.591,33.0455],[129.598,33.0525],[129.5998,33.0503],[129.602,33.0568],[129.6087,33.0534],[129.6042,33.0589],[129.6072,33.0652],[129.6089,33.0628],[129.6228,33.0597],[129.6271,33.0634],[129.6351,33.0623],[129.6341,33.0602],[129.6367,33.0604],[129.6364,33.0592],[129.6304,33.0587],[129.6316,33.0566],[129.6277,33.0574],[129.6218,33.0506],[129.6199,33.0508],[129.6218,33.0493],[129.6276,33.0561],[129.6307,33.0553],[129.6292,33.0534],[129.6329,33.0506],[129.6294,33.0443],[129.6256,33.0456],[129.6224,33.0419],[129.6286,33.0425],[129.6281,33.0396],[129.6257,33.0395],[129.6268,33.0369],[129.6221,33.0354],[129.6245,33.0349],[129.6169,33.0299],[129.6168,33.0333],[129.6133,33.0342],[129.6081,33.0261],[129.6087,33.0227]]],[[[129.6326,33.0267],[129.6278,33.0279],[129.6308,33.0357],[129.628,33.0344],[129.629,33.0381],[129.6351,33.0446],[129.637,33.0365],[129.6326,33.0309],[129.6326,33.0267]]],[[[129.5616,33.0007],[129.556,33.0007],[129.5539,33.0032],[129.5545,33.0047],[129.5568,33.0041],[129.5558,33.0083],[129.5642,33.0075],[129.5589,33.0103],[129.5621,33.012],[129.5643,33.0108],[129.5704,33.0217],[129.5735,33.0212],[129.5748,33.0237],[129.5673,33.0197],[129.5654,33.0239],[129.5643,33.0178],[129.5612,33.0193],[129.5628,33.0217],[129.56,33.0236],[129.5605,33.0299],[129.578,33.0281],[129.5798,33.0257],[129.5831,33.0283],[129.5891,33.0229],[129.583,33.0135],[129.5762,33.0088],[129.5681,33.0079],[129.5611,33.0032],[129.5616,33.0007]]],[[[129.2339,32.9889],[129.2327,32.9902],[129.2392,32.9956],[129.235,32.9981],[129.2386,32.9997],[129.2307,33.0006],[129.2228,32.9983],[129.221,32.9995],[129.2293,33.0062],[129.2312,33.0113],[129.2468,33.0229],[129.2475,33.0139],[129.2528,33.0139],[129.2572,33.021],[129.2595,33.0209],[129.2532,33.0081],[129.2542,33.0004],[129.252,33.0009],[129.2496,32.9969],[129.2464,32.9977],[129.2451,32.9943],[129.2339,32.9889]]],[[[129.1783,33.0199],[129.1819,33.0227],[129.1849,33.0205],[129.1783,33.0199]]],[[[129.4369,33.0162],[129.4299,33.0197],[129.4315,33.0213],[129.4367,33.0189],[129.4369,33.0162]]],[[[129.3452,32.9975],[129.343,33.0001],[129.3446,33.0032],[129.3401,33.0068],[129.3427,33.0095],[129.3417,33.0149],[129.3535,33.0206],[129.355,33.0097],[129.3594,33.0097],[129.361,33.0032],[129.353,33.0032],[129.3496,33.0001],[129.3521,33.0009],[129.3497,32.9979],[129.3469,32.9989],[129.3452,32.9975]]],[[[129.1908,33.0068],[129.1865,33.0084],[129.1783,33.0073],[129.1732,33.0137],[129.1759,33.0154],[129.187,33.0144],[129.1872,33.0195],[129.1939,33.0181],[129.196,33.0087],[129.1908,33.0068]]],[[[129.0086,33.0019],[129.0041,33.0032],[129.0068,33.0078],[129.0129,33.0106],[129.0148,33.0137],[129.0208,33.0125],[129.0295,33.0149],[129.031,33.0136],[129.0254,33.0083],[129.0223,33.0112],[129.0188,33.0079],[129.0156,33.0087],[129.0086,33.0019]]],[[[129.5374,33.0076],[129.5355,33.008],[129.5359,33.0098],[129.5414,33.0088],[129.5374,33.0076]]],[[[129.647,32.9885],[129.6492,33.0095],[129.6508,32.9888],[129.647,32.9885]]],[[[129.5533,33.0011],[129.5483,33.0015],[129.5493,33.0045],[129.5417,33.0032],[129.5428,33.0082],[129.5528,33.0065],[129.5517,33.0032],[129.5533,33.0011]]],[[[129.745,32.9965],[129.7444,32.9989],[129.746,32.9985],[129.7441,33.0032],[129.7468,33.0039],[129.7479,33.0006],[129.7468,32.9966],[129.745,32.9965]]],[[[129.7414,32.9944],[129.739,32.9971],[129.7429,33.0001],[129.745,32.9948],[129.7414,32.9944]]],[[[129.0242,32.9754],[129.0233,32.984],[129.0204,32.9853],[129.0227,32.993],[129.0257,32.9927],[129.0242,32.9877],[129.0259,32.9785],[129.0242,32.9754]]],[[[128.9826,32.9443],[128.9769,32.9476],[128.979,32.9491],[128.9767,32.9584],[128.9785,32.9601],[128.9833,32.9593],[128.9883,32.9655],[128.9901,32.9631],[128.9946,32.9628],[128.9926,32.9513],[128.988,32.9531],[128.9863,32.9506],[128.9847,32.9521],[128.9821,32.9511],[128.9826,32.9443]]],[[[129.8137,32.9584],[129.8105,32.9625],[129.8143,32.9621],[129.8137,32.9584]]],[[[129.6109,32.9162],[129.5977,32.9231],[129.5924,32.9339],[129.5925,32.9434],[129.5976,32.9468],[129.6012,32.94],[129.6098,32.9398],[129.6095,32.9422],[129.6113,32.9421],[129.6136,32.9415],[129.6145,32.9381],[129.6218,32.938],[129.6236,32.9351],[129.6218,32.9321],[129.6246,32.9275],[129.6163,32.9183],[129.6109,32.9162]]],[[[129.0259,32.8443],[129.0233,32.8475],[129.018,32.8464],[129.0199,32.8514],[129.0119,32.8527],[129.0212,32.8547],[129.0206,32.8569],[129.011,32.8567],[129.0109,32.8597],[129.0209,32.8614],[129.0126,32.8681],[129.0109,32.8661],[129.0082,32.8671],[129.0079,32.8641],[129.0096,32.8631],[129.0066,32.86],[129.0006,32.8677],[128.9968,32.8676],[128.9957,32.8694],[128.9936,32.8663],[128.9864,32.8667],[128.9811,32.859],[128.9767,32.8592],[128.9761,32.8629],[128.9798,32.8659],[128.9802,32.8714],[128.9737,32.8719],[128.9696,32.8701],[128.9657,32.8715],[128.966,32.8739],[128.9689,32.8738],[128.9739,32.8775],[128.9684,32.8829],[128.9603,32.9033],[128.9694,32.9034],[128.9718,32.8955],[128.9733,32.898],[128.9817,32.895],[128.9853,32.88],[128.9851,32.8878],[128.9895,32.8939],[128.9915,32.8938],[128.9935,32.8883],[128.9979,32.8844],[128.998,32.8785],[128.9994,32.8795],[129.0022,32.8767],[129.0028,32.8811],[129.0001,32.8835],[128.996,32.8948],[129.0006,32.9021],[128.9926,32.8973],[128.9903,32.8993],[128.9884,32.898],[128.9793,32.9066],[128.9824,32.9091],[128.9865,32.9071],[128.9835,32.9137],[128.9799,32.9135],[128.9806,32.9163],[128.9773,32.9167],[128.9782,32.9199],[128.9847,32.9199],[128.9868,32.9249],[128.9886,32.9237],[128.9896,32.9252],[128.9826,32.9308],[128.9881,32.9328],[128.9968,32.9275],[128.9999,32.9198],[129.0084,32.9251],[129.0129,32.9248],[129.0158,32.9199],[129.0127,32.9168],[129.0183,32.9175],[129.0217,32.9146],[129.0234,32.9076],[129.0205,32.9019],[129.0265,32.9036],[129.0246,32.8971],[129.0291,32.8999],[129.0317,32.8955],[129.0256,32.8931],[129.0215,32.889],[129.0224,32.8871],[129.0303,32.8899],[129.0309,32.8869],[129.0266,32.8853],[129.0278,32.8785],[129.0252,32.8747],[129.021,32.8754],[129.0201,32.8729],[129.0254,32.8729],[129.0273,32.8706],[129.0274,32.8629],[129.0235,32.8637],[129.0249,32.8581],[129.0283,32.8549],[129.0259,32.8443]]],[[[128.9616,32.9048],[128.9519,32.9099],[128.9476,32.9055],[128.9425,32.9092],[128.9364,32.91],[128.9298,32.9199],[128.9326,32.9205],[128.9347,32.9251],[128.945,32.9248],[128.9473,32.9199],[128.9555,32.9161],[128.9564,32.9272],[128.9616,32.9322],[128.9672,32.9299],[128.9653,32.9189],[128.9616,32.9189],[128.9557,32.9147],[128.9529,32.9159],[128.9566,32.9083],[128.9636,32.9132],[128.9693,32.9104],[128.9632,32.9081],[128.9616,32.9048]]],[[[129.918,32.9031],[129.9067,32.9139],[129.9065,32.9199],[129.9,32.9268],[129.901,32.9293],[129.913,32.9199],[129.9164,32.9209],[129.9251,32.9129],[129.9227,32.9111],[129.9253,32.9081],[129.9236,32.9057],[129.9207,32.9058],[129.918,32.9031]]],[[[129.1872,32.9173],[129.1849,32.9174],[129.1845,32.9207],[129.189,32.9241],[129.1953,32.9221],[129.1872,32.9173]]],[[[129.8066,32.9135],[129.798,32.9149],[129.798,32.9163],[129.8077,32.9165],[129.8066,32.9135]]],[[[128.9462,32.8959],[128.9417,32.8972],[128.9421,32.9001],[128.9462,32.8959]]],[[[128.9097,32.8855],[128.9045,32.8893],[128.9084,32.8902],[128.9154,32.8964],[128.9169,32.8953],[128.9153,32.8861],[128.9097,32.8855]]],[[[129.0375,32.8868],[129.0363,32.8885],[129.0384,32.8927],[129.042,32.8873],[129.0375,32.8868]]],[[[129.5987,32.8801],[129.5892,32.8813],[129.5994,32.8901],[129.6049,32.8897],[129.6057,32.8884],[129.602,32.8878],[129.6044,32.8863],[129.6025,32.8822],[129.5987,32.8801]]],[[[128.9402,32.7997],[128.9388,32.8023],[128.9418,32.8073],[128.9392,32.8079],[128.9386,32.8221],[128.9346,32.8273],[128.9312,32.8175],[128.9143,32.8205],[128.9147,32.8245],[128.9192,32.8217],[128.9271,32.8219],[128.9262,32.8255],[128.9283,32.8269],[128.9197,32.8374],[128.9182,32.8433],[128.9118,32.8397],[128.9129,32.8437],[128.9072,32.8446],[128.909,32.8467],[128.9006,32.8507],[128.9024,32.8552],[128.8957,32.8577],[128.8913,32.8636],[128.8877,32.8624],[128.8889,32.8561],[128.8915,32.8535],[128.8899,32.8523],[128.8817,32.853],[128.8784,32.8556],[128.8775,32.8614],[128.8718,32.8616],[128.878,32.8671],[128.8884,32.866],[128.8875,32.8772],[128.8932,32.8783],[128.899,32.8703],[128.9031,32.8708],[128.9046,32.8743],[128.9088,32.8725],[128.9106,32.8695],[128.9139,32.8702],[128.9197,32.8623],[128.9175,32.8613],[128.9257,32.8532],[128.9232,32.8482],[128.9268,32.8467],[128.9268,32.8407],[128.931,32.8354],[128.9329,32.8355],[128.9317,32.8456],[128.9353,32.8501],[128.9307,32.8543],[128.9302,32.8602],[128.9273,32.8641],[128.9231,32.866],[128.9221,32.8688],[128.9244,32.8731],[128.933,32.863],[128.9385,32.8487],[128.9415,32.8488],[128.9411,32.8585],[128.9474,32.8722],[128.9466,32.8767],[128.9415,32.8799],[128.9399,32.884],[128.9458,32.8818],[128.955,32.8722],[128.9625,32.8499],[128.9562,32.851],[128.9527,32.8455],[128.9558,32.8435],[128.9531,32.8351],[128.9562,32.8322],[128.9592,32.8323],[128.9577,32.8288],[128.9547,32.8285],[128.9459,32.8335],[128.94,32.8255],[128.9444,32.8183],[128.9509,32.817],[128.9457,32.8097],[128.9441,32.8022],[128.9402,32.7997]]],[[[129.0347,32.8681],[129.0297,32.8706],[129.0303,32.8822],[129.0343,32.8811],[129.0347,32.8681]]],[[[129.8004,32.8764],[129.796,32.8799],[129.802,32.8786],[129.8004,32.8764]]],[[[129.93,32.8686],[129.924,32.8722],[129.9267,32.8735],[129.9284,32.8705],[129.9326,32.8695],[129.93,32.8686]]],[[[129.8076,32.866],[129.8038,32.8699],[129.8063,32.8712],[129.8121,32.8687],[129.8076,32.866]]],[[[129.045,32.8635],[129.0415,32.8647],[129.0393,32.8695],[129.0412,32.8697],[129.045,32.8635]]],[[[129.5582,32.8663],[129.5524,32.8681],[129.5538,32.8697],[129.563,32.8683],[129.5582,32.8663]]],[[[129.0326,32.8602],[129.0312,32.8687],[129.0342,32.8661],[129.0326,32.8602]]],[[[129.0015,32.8544],[128.9998,32.8553],[129.0002,32.8597],[129.003,32.8625],[129.0025,32.8587],[129.0045,32.8569],[129.0015,32.8544]]],[[[129.0378,32.8436],[129.0359,32.8519],[129.0374,32.8533],[129.0401,32.8437],[129.0378,32.8436]]],[[[128.8655,32.7635],[128.8603,32.7661],[128.8503,32.7777],[128.8415,32.7799],[128.8421,32.7817],[128.839,32.7845],[128.8384,32.7784],[128.8415,32.7784],[128.8371,32.7781],[128.8345,32.7823],[128.8364,32.7875],[128.8354,32.7928],[128.8317,32.7973],[128.8377,32.8008],[128.8389,32.8063],[128.8389,32.8113],[128.8352,32.8167],[128.8385,32.8303],[128.8317,32.829],[128.8365,32.838],[128.8424,32.8339],[128.8481,32.8345],[128.8467,32.8297],[128.8541,32.8306],[128.8558,32.8361],[128.8609,32.8333],[128.8633,32.8236],[128.8617,32.8171],[128.8649,32.8083],[128.87,32.8069],[128.8607,32.804],[128.8616,32.8017],[128.8683,32.8023],[128.8745,32.7977],[128.8764,32.8005],[128.8783,32.8037],[128.8725,32.8078],[128.8768,32.8103],[128.8772,32.8171],[128.8674,32.8207],[128.8653,32.8287],[128.8673,32.8303],[128.8642,32.8329],[128.8612,32.8428],[128.8626,32.844],[128.8823,32.8338],[128.8872,32.8234],[128.8921,32.8249],[128.8992,32.8217],[128.8985,32.8169],[128.9011,32.814],[128.9043,32.8143],[128.9022,32.8039],[128.9095,32.7973],[128.9047,32.7965],[128.8998,32.7871],[128.8941,32.7855],[128.8859,32.7767],[128.882,32.7653],[128.8655,32.7635]]],[[[128.6781,32.8023],[128.6719,32.8075],[128.6787,32.8101],[128.6819,32.8051],[128.6781,32.8023]]],[[[128.9327,32.7979],[128.9282,32.8],[128.9286,32.8017],[128.9318,32.8012],[128.9283,32.8067],[128.9339,32.8073],[128.9357,32.801],[128.9327,32.7979]]],[[[128.772,32.5745],[128.7627,32.5747],[128.7523,32.5783],[128.753,32.5807],[128.7495,32.5865],[128.7506,32.5885],[128.7377,32.6057],[128.7305,32.6073],[128.7154,32.6043],[128.6957,32.6051],[128.693,32.6028],[128.6883,32.6026],[128.6794,32.6067],[128.6665,32.6082],[128.6561,32.6035],[128.655,32.5989],[128.6587,32.5955],[128.6584,32.5935],[128.6557,32.5911],[128.6516,32.5909],[128.6449,32.5947],[128.64,32.5925],[128.635,32.5943],[128.6276,32.6061],[128.618,32.6097],[128.6045,32.6117],[128.6034,32.6143],[128.5989,32.612],[128.5977,32.6141],[128.6073,32.6271],[128.6068,32.6358],[128.6102,32.6465],[128.6141,32.6454],[128.6139,32.6405],[128.618,32.6397],[128.6146,32.636],[128.6214,32.6347],[128.6104,32.6265],[128.6141,32.6178],[128.6142,32.6244],[128.6176,32.6301],[128.6254,32.6273],[128.6226,32.6239],[128.6276,32.6225],[128.6242,32.6181],[128.6292,32.6197],[128.6376,32.6097],[128.6413,32.6118],[128.646,32.6109],[128.6419,32.6047],[128.6445,32.6032],[128.6474,32.6085],[128.654,32.6121],[128.65,32.6191],[128.6544,32.6243],[128.6652,32.6271],[128.666,32.6288],[128.6638,32.6328],[128.6545,32.6301],[128.6413,32.6188],[128.6424,32.6229],[128.6367,32.6241],[128.638,32.6266],[128.6356,32.6278],[128.6353,32.6336],[128.642,32.6352],[128.6392,32.64],[128.6443,32.6396],[128.6426,32.6425],[128.6509,32.6395],[128.653,32.6417],[128.6464,32.6475],[128.6428,32.6539],[128.6622,32.6447],[128.667,32.6461],[128.6617,32.6493],[128.6615,32.6531],[128.6595,32.6541],[128.6566,32.6522],[128.6494,32.6569],[128.6545,32.6567],[128.6575,32.6592],[128.6707,32.6514],[128.6642,32.6603],[128.6623,32.6669],[128.6738,32.6681],[128.6754,32.6719],[128.67,32.6723],[128.6683,32.6701],[128.661,32.6715],[128.6576,32.6765],[128.6487,32.6804],[128.6517,32.684],[128.6519,32.6884],[128.6468,32.6971],[128.6488,32.7013],[128.655,32.7033],[128.6566,32.7009],[128.6617,32.7006],[128.6579,32.7049],[128.6603,32.7071],[128.6594,32.7099],[128.6555,32.7098],[128.6451,32.721],[128.6465,32.7355],[128.6509,32.7383],[128.651,32.7456],[128.6482,32.7472],[128.6456,32.758],[128.6431,32.7571],[128.6403,32.7608],[128.6454,32.7652],[128.6502,32.7754],[128.6631,32.7841],[128.6647,32.7837],[128.665,32.7806],[128.6799,32.7789],[128.6795,32.7751],[128.683,32.7695],[128.6961,32.7665],[128.6967,32.7479],[128.6951,32.7481],[128.6909,32.739],[128.7043,32.7385],[128.7067,32.7397],[128.7052,32.7453],[128.7082,32.7497],[128.7101,32.7467],[128.7143,32.7497],[128.7161,32.7486],[128.7174,32.7527],[128.7351,32.7569],[128.7388,32.7567],[128.7361,32.7532],[128.7264,32.7532],[128.727,32.7509],[128.7314,32.751],[128.7239,32.7471],[128.7343,32.7479],[128.7402,32.7508],[128.7408,32.7483],[128.7359,32.7467],[128.7336,32.7381],[128.7377,32.7385],[128.7371,32.7415],[128.749,32.7532],[128.7394,32.7525],[128.7449,32.7576],[128.7513,32.7579],[128.7503,32.7635],[128.7519,32.7685],[128.7563,32.7686],[128.7609,32.7621],[128.7613,32.7555],[128.7672,32.7532],[128.7653,32.7446],[128.7672,32.7478],[128.7691,32.7364],[128.7722,32.7343],[128.7731,32.7361],[128.7766,32.7348],[128.7729,32.7506],[128.7914,32.7607],[128.7962,32.7562],[128.7924,32.7649],[128.7846,32.7624],[128.7802,32.7633],[128.7789,32.7594],[128.7738,32.7559],[128.7644,32.7601],[128.7678,32.7652],[128.77,32.765],[128.773,32.772],[128.7749,32.7722],[128.775,32.7781],[128.7858,32.7751],[128.7932,32.7781],[128.7886,32.7814],[128.7964,32.7844],[128.7896,32.7889],[128.8041,32.7933],[128.8073,32.7978],[128.8088,32.7975],[128.8089,32.7932],[128.8067,32.7923],[128.8085,32.7899],[128.8081,32.7789],[128.8038,32.7769],[128.8049,32.7737],[128.8113,32.7712],[128.825,32.7607],[128.8223,32.7565],[128.819,32.7559],[128.8186,32.7589],[128.8174,32.7581],[128.8163,32.7598],[128.8133,32.7566],[128.8056,32.7583],[128.8075,32.754],[128.8035,32.7525],[128.8086,32.7515],[128.8117,32.7476],[128.8127,32.7494],[128.8268,32.7539],[128.8257,32.7556],[128.8327,32.7607],[128.8363,32.7569],[128.8363,32.7545],[128.8342,32.7567],[128.8286,32.7532],[128.8241,32.7446],[128.8253,32.7403],[128.8267,32.7429],[128.8296,32.7418],[128.8284,32.7483],[128.8309,32.7515],[128.8326,32.7515],[128.8347,32.7457],[128.8434,32.7477],[128.8421,32.7497],[128.8463,32.7527],[128.8471,32.7498],[128.8496,32.7499],[128.8544,32.7448],[128.8549,32.7425],[128.8476,32.7422],[128.8446,32.7438],[128.8411,32.74],[128.8431,32.7379],[128.8394,32.7261],[128.8418,32.7151],[128.8384,32.7134],[128.8436,32.7051],[128.8478,32.7048],[128.8449,32.7023],[128.8477,32.6993],[128.8464,32.6965],[128.8486,32.6957],[128.8507,32.6911],[128.8482,32.6907],[128.8482,32.689],[128.8529,32.6897],[128.8718,32.6778],[128.8816,32.6697],[128.884,32.6627],[128.8833,32.6577],[128.893,32.6553],[128.8959,32.6527],[128.8917,32.6414],[128.8718,32.6387],[128.8687,32.6441],[128.8264,32.6357],[128.8229,32.6378],[128.8206,32.6361],[128.8159,32.6403],[128.816,32.6479],[128.8102,32.6463],[128.8104,32.6517],[128.8082,32.6549],[128.8035,32.6545],[128.8005,32.6514],[128.7975,32.6523],[128.79,32.6482],[128.7869,32.6489],[128.7815,32.6453],[128.7676,32.643],[128.7642,32.6321],[128.766,32.6267],[128.7618,32.6244],[128.7609,32.6199],[128.7653,32.6165],[128.7688,32.6209],[128.7702,32.6201],[128.7688,32.6169],[128.7718,32.616],[128.7732,32.6128],[128.7758,32.6137],[128.7851,32.609],[128.79,32.6091],[128.7885,32.6042],[128.7914,32.5996],[128.7921,32.5931],[128.788,32.5881],[128.7825,32.5911],[128.7825,32.5887],[128.772,32.5745]]],[[[128.986,32.7422],[128.9785,32.7455],[128.9728,32.7438],[128.9709,32.7481],[128.9667,32.7457],[128.9635,32.7461],[128.9623,32.7491],[128.9643,32.7532],[128.9688,32.7534],[128.9684,32.7558],[128.9714,32.7557],[128.9732,32.7582],[128.9769,32.7571],[128.9779,32.7597],[128.9862,32.7565],[128.9878,32.7582],[128.9868,32.7667],[128.9903,32.7687],[128.9848,32.7741],[128.9862,32.7817],[128.9912,32.7811],[128.9879,32.7865],[128.9909,32.7909],[128.9968,32.7874],[129.0067,32.7715],[129.002,32.7685],[129.0034,32.761],[129.0004,32.7553],[129.0056,32.7544],[129.0036,32.7505],[128.9932,32.7503],[128.9898,32.7548],[128.9877,32.7549],[128.9851,32.7491],[128.986,32.7422]]],[[[128.9649,32.7617],[128.9563,32.7624],[128.9523,32.7725],[128.9558,32.7765],[128.9667,32.7675],[128.9649,32.7617]]],[[[129.9836,32.7462],[129.9831,32.7478],[129.9731,32.75],[129.9697,32.7485],[129.9633,32.7618],[129.9757,32.7589],[129.9797,32.7599],[129.9775,32.7532],[129.9799,32.7501],[129.984,32.7524],[129.9862,32.7504],[129.9865,32.7521],[129.9887,32.7511],[129.9836,32.7462]]],[[[128.8726,32.739],[128.8688,32.7394],[128.8689,32.7455],[128.8718,32.7433],[128.8725,32.7475],[128.8766,32.7505],[128.8798,32.7504],[128.8773,32.7398],[128.8726,32.739]]],[[[128.7728,32.7369],[128.7708,32.7406],[128.7734,32.7441],[128.7728,32.7369]]],[[[128.5985,32.7113],[128.5915,32.7125],[128.5893,32.7149],[128.5895,32.7271],[128.6011,32.7401],[128.6066,32.7398],[128.6089,32.7385],[128.6077,32.7329],[128.5997,32.7292],[128.602,32.7209],[128.5985,32.7113]]],[[[128.862,32.7201],[128.8566,32.7298],[128.8583,32.7284],[128.8619,32.7312],[128.8626,32.7261],[128.8657,32.7262],[128.8668,32.7239],[128.862,32.7201]]],[[[128.8544,32.7191],[128.849,32.7217],[128.8531,32.7234],[128.8544,32.7191]]],[[[129.7789,32.69],[129.7708,32.7001],[129.7736,32.7021],[129.7626,32.707],[129.759,32.7153],[129.7666,32.7123],[129.7665,32.7101],[129.7711,32.7081],[129.7735,32.7097],[129.7791,32.7051],[129.7798,32.6995],[129.7836,32.6967],[129.7847,32.6921],[129.7789,32.69]]],[[[128.8966,32.694],[128.8925,32.7083],[128.8961,32.7116],[128.8977,32.7115],[128.8978,32.7063],[128.9028,32.708],[128.904,32.7033],[128.8989,32.7018],[128.8998,32.7003],[128.898,32.6984],[128.9003,32.6965],[128.8966,32.694]]],[[[128.6218,32.6375],[128.6172,32.6452],[128.6151,32.6569],[128.6228,32.669],[128.6259,32.6699],[128.6272,32.6768],[128.6327,32.6795],[128.6391,32.6735],[128.637,32.6701],[128.6334,32.6699],[128.6395,32.6639],[128.6278,32.6639],[128.6293,32.6591],[128.6335,32.6585],[128.6268,32.6552],[128.6334,32.6543],[128.6345,32.6493],[128.6309,32.649],[128.6336,32.6451],[128.6298,32.6465],[128.63,32.6437],[128.628,32.6439],[128.6285,32.6383],[128.6218,32.6375]]],[[[129.7537,32.649],[129.7461,32.6603],[129.7498,32.6661],[129.7581,32.6636],[129.7547,32.6591],[129.7563,32.6551],[129.7537,32.649]]],[[[128.8398,32.5958],[128.8256,32.5988],[128.8298,32.6052],[128.8335,32.6038],[128.8385,32.6051],[128.8398,32.5958]]],[[[128.9199,32.5917],[128.9143,32.5944],[128.9217,32.5981],[128.9242,32.5969],[128.9246,32.5985],[128.9278,32.5927],[128.9199,32.5917]]],[[[128.9033,32.5859],[128.8957,32.5865],[128.9017,32.5902],[128.9033,32.5859]]],[[[128.707,32.5789],[128.7147,32.5825],[128.7208,32.5797],[128.707,32.5789]]],[[[128.9018,32.5607],[128.8949,32.5613],[128.8911,32.5649],[128.8923,32.5697],[128.9032,32.5699],[128.9018,32.5718],[128.9039,32.5717],[128.9064,32.5651],[128.9018,32.5607]]],[[[129.7748,32.5489],[129.7732,32.5531],[129.7741,32.5629],[129.7781,32.5689],[129.7846,32.5661],[129.7853,32.5689],[129.7872,32.5689],[129.7904,32.557],[129.7841,32.5559],[129.7748,32.5489]]],[[[128.4046,32.0371],[128.3994,32.0421],[128.3908,32.0381],[128.3892,32.0395],[128.381,32.0385],[128.3793,32.0404],[128.3896,32.0428],[128.3915,32.0543],[128.4043,32.0493],[128.4105,32.0503],[128.4114,32.0526],[128.4142,32.0513],[128.4133,32.0479],[128.4046,32.0371]]],[[[128.3685,32.0234],[128.3696,32.0279],[128.3718,32.0299],[128.3737,32.0289],[128.3718,32.025],[128.3685,32.0234]]],[[[128.3612,32.0087],[128.3591,32.0103],[128.3603,32.0129],[128.3642,32.0142],[128.3612,32.0087]]],[[[128.3486,31.9891],[128.347,31.9906],[128.3489,31.9954],[128.344,32.0057],[128.347,32.0045],[128.3549,32.0079],[128.3574,32.0032],[128.3513,31.9979],[128.3539,31.9892],[128.3522,31.9905],[128.3486,31.9891]]]]}},{"type":"Feature","properties":{"name":"秋田県","id":5},"geometry":{"type":"MultiPolygon","coordinates":[[[[140.8797,40.5115],[140.8797,40.5032],[140.8613,40.4405],[140.8925,40.4237],[140.9022,40.4257],[140.9104,40.4243],[140.9209,40.4275],[140.9271,40.4216],[140.9354,40.4232],[140.9398,40.4294],[140.953,40.4271],[140.9646,40.4279],[140.9733,40.4311],[140.9854,40.4275],[140.9849,40.4212],[140.9791,40.4162],[140.9829,40.4143],[140.9831,40.4052],[140.986,40.4033],[140.9877,40.3955],[140.9854,40.3885],[140.9958,40.3723],[140.9928,40.3675],[140.9911,40.3676],[140.995,40.3537],[140.994,40.3515],[140.9822,40.3446],[140.972,40.345],[140.9676,40.3513],[140.9624,40.3477],[140.9687,40.3376],[140.9618,40.3241],[140.9594,40.3255],[140.9576,40.3243],[140.9586,40.3187],[140.9563,40.3039],[140.9443,40.2968],[140.9453,40.2885],[140.953,40.2876],[140.957,40.2847],[140.9468,40.2578],[140.9553,40.2482],[140.9442,40.2461],[140.9407,40.2398],[140.9421,40.2282],[140.9053,40.2222],[140.9024,40.2169],[140.8962,40.214],[140.8993,40.212],[140.8897,40.1999],[140.8926,40.1927],[140.8724,40.1786],[140.8605,40.1738],[140.8601,40.1699],[140.8696,40.1599],[140.8792,40.1605],[140.8832,40.1589],[140.882,40.1509],[140.8674,40.1313],[140.8738,40.122],[140.8718,40.1163],[140.8813,40.1143],[140.8761,40.0969],[140.8718,40.0912],[140.8615,40.0853],[140.8572,40.0865],[140.8447,40.0737],[140.8539,40.0503],[140.8544,40.0363],[140.8507,40.0318],[140.8556,40.0221],[140.8534,40.0193],[140.8557,40.0145],[140.8493,40.0085],[140.8511,39.9944],[140.8465,39.9745],[140.8483,39.9597],[140.8577,39.9531],[140.8532,39.9397],[140.8537,39.9347],[140.8578,39.9291],[140.855,39.9237],[140.8665,39.9147],[140.8687,39.9082],[140.8683,39.8998],[140.8786,39.8875],[140.8781,39.8747],[140.8718,39.8719],[140.8623,39.8715],[140.8527,39.8665],[140.8436,39.8721],[140.8443,39.8741],[140.8325,39.8757],[140.8349,39.8806],[140.8261,39.8867],[140.8165,39.8822],[140.815,39.8797],[140.7994,39.8821],[140.7912,39.8747],[140.7848,39.8718],[140.783,39.8657],[140.7844,39.8608],[140.7876,39.8589],[140.7843,39.8563],[140.7892,39.8509],[140.7853,39.8422],[140.7862,39.8365],[140.7835,39.8291],[140.7886,39.8269],[140.787,39.8238],[140.805,39.8157],[140.8121,39.8187],[140.8213,39.816],[140.8258,39.8101],[140.842,39.8053],[140.8478,39.7961],[140.8472,39.7931],[140.8317,39.7797],[140.8227,39.775],[140.8142,39.7621],[140.8054,39.7568],[140.807,39.7532],[140.8046,39.7458],[140.7938,39.7405],[140.7749,39.7349],[140.7831,39.7305],[140.7849,39.7256],[140.7889,39.7229],[140.795,39.7099],[140.8059,39.7111],[140.8106,39.7073],[140.8104,39.6985],[140.8177,39.6907],[140.8229,39.6882],[140.8195,39.6823],[140.8227,39.6699],[140.8204,39.653],[140.8219,39.6498],[140.8159,39.6455],[140.8072,39.6317],[140.8084,39.6245],[140.8029,39.619],[140.8047,39.612],[140.7957,39.6033],[140.7827,39.6044],[140.779,39.5961],[140.78,39.5905],[140.7723,39.5905],[140.7641,39.5877],[140.7542,39.5708],[140.7369,39.5653],[140.7307,39.5661],[140.7279,39.5561],[140.7406,39.5458],[140.7409,39.5348],[140.7369,39.5219],[140.7318,39.5229],[140.7249,39.5187],[140.7224,39.5136],[140.7243,39.5107],[140.7232,39.5045],[140.7195,39.5045],[140.714,39.4984],[140.7145,39.4937],[140.7243,39.4807],[140.7065,39.4742],[140.6897,39.4643],[140.6831,39.4575],[140.677,39.4472],[140.686,39.4366],[140.6834,39.4222],[140.6793,39.4181],[140.6598,39.4145],[140.6586,39.4157],[140.659,39.4095],[140.6631,39.4081],[140.6633,39.4049],[140.6541,39.3909],[140.6689,39.3843],[140.6756,39.3861],[140.6799,39.3815],[140.6769,39.3678],[140.6833,39.3623],[140.6931,39.3585],[140.6887,39.3501],[140.6903,39.3467],[140.7042,39.343],[140.7096,39.3303],[140.6991,39.3281],[140.6945,39.3186],[140.6934,39.3137],[140.6973,39.3103],[140.6933,39.3025],[140.6947,39.3001],[140.7047,39.302],[140.711,39.2962],[140.7179,39.2965],[140.7182,39.2729],[140.7458,39.2619],[140.7517,39.2631],[140.755,39.2575],[140.7695,39.2521],[140.7788,39.2417],[140.7888,39.238],[140.7865,39.2323],[140.7868,39.2268],[140.7703,39.2239],[140.7632,39.2127],[140.7667,39.2088],[140.7657,39.1977],[140.7726,39.1942],[140.7796,39.1945],[140.7903,39.1889],[140.7984,39.1898],[140.8085,39.1803],[140.8083,39.1787],[140.799,39.1757],[140.7961,39.1767],[140.7884,39.1724],[140.7841,39.1659],[140.7771,39.1689],[140.7741,39.1678],[140.7688,39.1576],[140.7583,39.1439],[140.7496,39.1397],[140.7523,39.1333],[140.7588,39.1332],[140.7702,39.1244],[140.7662,39.1203],[140.7561,39.1185],[140.7562,39.1125],[140.7631,39.1086],[140.7529,39.0865],[140.7591,39.0853],[140.7681,39.0801],[140.7744,39.0795],[140.779,39.0825],[140.7881,39.0789],[140.8024,39.0778],[140.8011,39.0743],[140.8046,39.0709],[140.8,39.0609],[140.8103,39.0574],[140.7938,39.0418],[140.7958,39.0356],[140.7938,39.032],[140.7947,39.0291],[140.7808,39.0152],[140.7784,39.0081],[140.7645,39.0001],[140.7679,38.9944],[140.7642,38.9887],[140.775,38.9693],[140.7723,38.9647],[140.7739,38.9585],[140.7468,38.9569],[140.7359,38.9508],[140.7303,38.9475],[140.7195,38.9309],[140.7076,38.9207],[140.7004,38.9241],[140.6944,38.9199],[140.6843,38.9165],[140.6701,38.8971],[140.6536,38.8914],[140.6543,38.8893],[140.6439,38.8879],[140.6385,38.8833],[140.6336,38.8875],[140.6147,38.8944],[140.6094,38.8917],[140.607,38.887],[140.5963,38.8859],[140.5903,38.8891],[140.5853,38.8804],[140.5792,38.8815],[140.5684,38.8751],[140.5617,38.8741],[140.5539,38.8775],[140.5515,38.8851],[140.5368,38.9009],[140.5272,38.8981],[140.5165,38.9005],[140.5024,38.8952],[140.4946,38.8993],[140.4924,38.9027],[140.4926,38.9067],[140.4827,38.9169],[140.48,38.9153],[140.4725,38.9154],[140.4623,38.9199],[140.4587,38.934],[140.4523,38.9379],[140.4497,38.9459],[140.4521,38.9492],[140.4538,38.9585],[140.4508,38.9631],[140.4513,38.9717],[140.4476,38.9734],[140.4463,38.9803],[140.4391,38.9819],[140.4322,38.9923],[140.4141,38.9905],[140.4108,38.9944],[140.3941,38.9918],[140.3873,38.9947],[140.3765,38.9948],[140.3718,39.003],[140.367,39.0062],[140.3615,39.0195],[140.3625,39.026],[140.355,39.0243],[140.3417,39.028],[140.3329,39.031],[140.3294,39.0352],[140.3188,39.0314],[140.3189,39.0268],[140.3114,39.0144],[140.2954,39.0185],[140.289,39.0269],[140.2714,39.0329],[140.2676,39.0317],[140.2608,39.0356],[140.2517,39.0283],[140.2459,39.0313],[140.2283,39.0275],[140.2193,39.0327],[140.2019,39.0353],[140.2019,39.0474],[140.2045,39.0516],[140.2018,39.0593],[140.1963,39.0615],[140.1897,39.0619],[140.1884,39.0594],[140.1754,39.0578],[140.1713,39.0518],[140.1624,39.0546],[140.1581,39.0503],[140.1509,39.0495],[140.144,39.061],[140.138,39.0658],[140.1283,39.0634],[140.1183,39.0687],[140.115,39.0777],[140.1009,39.0841],[140.076,39.0865],[140.0627,39.0933],[140.0669,39.0977],[140.0617,39.1137],[140.0626,39.1339],[140.0079,39.1234],[139.9978,39.1162],[139.9947,39.1059],[139.9483,39.1176],[139.9457,39.1133],[139.9065,39.1193],[139.8698,39.1186],[139.8722,39.1216],[139.8782,39.1216],[139.8791,39.1265],[139.8844,39.133],[139.8825,39.1391],[139.8852,39.1478],[139.8945,39.1555],[139.9015,39.1699],[139.9058,39.1888],[139.9044,39.1996],[139.8931,39.2034],[139.8942,39.2148],[139.8958,39.2147],[139.9042,39.2279],[139.9148,39.2489],[139.9114,39.2641],[139.9168,39.2763],[139.9282,39.2883],[139.9455,39.2896],[139.9634,39.2941],[139.9676,39.2965],[139.9805,39.3135],[139.9968,39.3425],[140.0142,39.3843],[140.0157,39.3914],[140.0139,39.3917],[140.0173,39.3954],[140.0256,39.4199],[140.0473,39.5135],[140.0609,39.6085],[140.0632,39.6699],[140.0571,39.731],[140.054,39.7409],[140.0484,39.7411],[140.0464,39.7499],[140.0485,39.7503],[140.0476,39.7569],[140.0422,39.7585],[140.0477,39.7575],[140.0505,39.7607],[140.0496,39.7738],[140.043,39.7733],[140.0461,39.764],[140.0437,39.763],[140.0383,39.7652],[140.0373,39.7681],[140.0409,39.7685],[140.0409,39.7739],[140.0375,39.7723],[140.0362,39.7761],[140.0404,39.7768],[140.0391,39.7811],[140.0422,39.782],[140.0413,39.7868],[140.0367,39.7869],[140.0384,39.7919],[140.0342,39.8049],[140.0151,39.8365],[139.9968,39.857],[139.9678,39.8802],[139.9471,39.8911],[139.9209,39.9011],[139.8974,39.903],[139.8906,39.8994],[139.8661,39.8981],[139.8589,39.8962],[139.8599,39.8951],[139.853,39.8873],[139.8595,39.8857],[139.8573,39.8831],[139.8482,39.883],[139.8478,39.8815],[139.8565,39.8803],[139.8531,39.878],[139.8485,39.8795],[139.8493,39.8754],[139.8576,39.8771],[139.8582,39.8757],[139.8505,39.8739],[139.8516,39.8712],[139.8591,39.873],[139.8611,39.8673],[139.8502,39.8635],[139.8479,39.8688],[139.8471,39.8635],[139.8382,39.8635],[139.8381,39.8671],[139.8308,39.8694],[139.8235,39.8655],[139.8207,39.8586],[139.8118,39.8579],[139.7968,39.8672],[139.7905,39.8677],[139.7875,39.8629],[139.7818,39.8663],[139.7792,39.8633],[139.781,39.8612],[139.7728,39.8592],[139.7737,39.8648],[139.7636,39.8631],[139.7553,39.8571],[139.7539,39.8597],[139.7551,39.8633],[139.7427,39.8687],[139.7439,39.8705],[139.7413,39.8717],[139.7413,39.8762],[139.7386,39.8793],[139.7362,39.8886],[139.7352,39.9044],[139.7295,39.9103],[139.7261,39.9087],[139.7179,39.9095],[139.7161,39.9167],[139.709,39.9237],[139.7113,39.9268],[139.7063,39.9285],[139.7056,39.9404],[139.7028,39.9424],[139.7034,39.9438],[139.7095,39.9468],[139.7183,39.9461],[139.7214,39.9526],[139.7182,39.9596],[139.7131,39.9611],[139.7077,39.9568],[139.7059,39.9607],[139.7026,39.9608],[139.7017,39.9758],[139.6951,39.9798],[139.6976,39.9869],[139.6951,39.9891],[139.6961,39.9939],[139.6931,39.996],[139.6967,39.9961],[139.7007,40.0074],[139.7062,40.0032],[139.7151,39.99],[139.7236,39.9822],[139.7335,39.9839],[139.7468,39.9783],[139.7654,39.9755],[139.7702,39.9719],[139.7826,39.9683],[139.7861,39.9614],[139.7939,39.9585],[139.7981,39.9574],[139.8133,39.9592],[139.8422,39.9702],[139.8718,39.989],[139.8883,40.0029],[139.9148,40.0305],[139.9456,40.0735],[139.953,40.0865],[139.9727,40.1257],[139.9934,40.1813],[139.9896,40.1842],[139.9844,40.184],[139.99,40.2008],[139.9865,40.2017],[139.9937,40.1993],[139.9983,40.2075],[139.9968,40.2106],[139.9945,40.211],[139.9951,40.2135],[139.9998,40.2131],[139.9991,40.2106],[140.0009,40.2126],[140.003,40.2121],[140.0016,40.207],[140.0048,40.2092],[140.0032,40.2175],[140.0146,40.2185],[140.0001,40.2203],[140.0035,40.2229],[140.0156,40.2656],[140.0255,40.3251],[140.0259,40.3395],[140.024,40.3556],[140.0159,40.3639],[140.0109,40.3752],[140.0044,40.3762],[139.9803,40.3884],[139.9804,40.3965],[139.9738,40.4013],[139.971,40.4005],[139.9564,40.4109],[139.9482,40.4138],[139.9443,40.4221],[139.9364,40.4287],[139.9598,40.4352],[139.9731,40.4272],[139.9887,40.4305],[139.9959,40.4352],[140.0041,40.4315],[140.0094,40.4261],[140.0123,40.426],[140.0197,40.4205],[140.0185,40.4281],[140.0225,40.4309],[140.0261,40.4399],[140.0205,40.4483],[140.0368,40.4621],[140.0491,40.4609],[140.0541,40.4654],[140.053,40.4673],[140.0685,40.4693],[140.0745,40.4652],[140.0794,40.4673],[140.0838,40.4628],[140.0885,40.4621],[140.0998,40.4535],[140.0977,40.4497],[140.1079,40.4364],[140.1174,40.4357],[140.1361,40.4399],[140.1474,40.4386],[140.1522,40.4354],[140.1657,40.4402],[140.1707,40.4391],[140.1858,40.4436],[140.1962,40.4351],[140.2105,40.4387],[140.2145,40.4348],[140.2216,40.4318],[140.2417,40.4381],[140.2508,40.4432],[140.2692,40.4419],[140.2815,40.4464],[140.299,40.4467],[140.3083,40.4413],[140.3099,40.437],[140.3187,40.4399],[140.3354,40.4399],[140.341,40.4436],[140.3439,40.4537],[140.3441,40.4623],[140.3482,40.4631],[140.3482,40.468],[140.363,40.479],[140.3781,40.4771],[140.3838,40.4849],[140.3884,40.4876],[140.3936,40.4857],[140.3984,40.4783],[140.404,40.4756],[140.41,40.4761],[140.4216,40.4819],[140.4288,40.4825],[140.4373,40.4793],[140.4337,40.4699],[140.4376,40.4634],[140.4406,40.4505],[140.4485,40.454],[140.4657,40.4559],[140.4804,40.4525],[140.4845,40.447],[140.4819,40.4426],[140.4968,40.4371],[140.5106,40.4291],[140.5282,40.4317],[140.5309,40.4269],[140.5293,40.4205],[140.5247,40.4199],[140.5249,40.4107],[140.5329,40.4115],[140.5415,40.4032],[140.5484,40.4039],[140.5596,40.3976],[140.5678,40.3995],[140.5696,40.4012],[140.5565,40.4161],[140.555,40.4221],[140.5623,40.4275],[140.5672,40.4266],[140.5887,40.4306],[140.5899,40.4367],[140.6032,40.4313],[140.6065,40.4263],[140.6262,40.4242],[140.6268,40.4215],[140.6307,40.4199],[140.636,40.4101],[140.6334,40.4038],[140.6418,40.4055],[140.6471,40.4039],[140.6628,40.4058],[140.6668,40.4121],[140.6759,40.4129],[140.6874,40.4187],[140.6885,40.428],[140.6998,40.4297],[140.7033,40.4277],[140.7109,40.43],[140.7177,40.4265],[140.7189,40.4212],[140.7244,40.4167],[140.7341,40.4166],[140.7359,40.4199],[140.7359,40.4285],[140.7317,40.4321],[140.7351,40.4349],[140.7333,40.4383],[140.7362,40.4404],[140.7446,40.4387],[140.7529,40.4397],[140.7634,40.4519],[140.7699,40.4545],[140.7735,40.452],[140.7885,40.4576],[140.7941,40.4501],[140.8042,40.4498],[140.8089,40.4657],[140.8118,40.4887],[140.815,40.4895],[140.8223,40.4969],[140.8275,40.4972],[140.8378,40.5044],[140.8425,40.5046],[140.8453,40.5079],[140.8537,40.5062],[140.8797,40.5115]]],[[[139.5222,39.1876],[139.5269,39.1818],[139.5255,39.1788],[139.5236,39.1786],[139.5239,39.1841],[139.5213,39.1834],[139.5203,39.1854],[139.5222,39.1876]]]]}},{"type":"Feature","properties":{"name":"岡山県","id":33},"geometry":{"type":"MultiPolygon","coordinates":[[[[134.0142,35.3504],[134.0143,35.3449],[134.0105,35.339],[134.0145,35.3337],[134.0042,35.3246],[134.0,35.314],[134.0101,35.3076],[134.0221,35.3061],[134.028,35.3078],[134.0296,35.3055],[134.0438,35.3027],[134.0481,35.2986],[134.0549,35.2988],[134.0617,35.3031],[134.0696,35.2972],[134.0738,35.3015],[134.0837,35.3033],[134.0868,35.3072],[134.0972,35.3059],[134.1043,35.2949],[134.1109,35.2901],[134.1149,35.2839],[134.1218,35.281],[134.1316,35.2809],[134.1342,35.2827],[134.1387,35.279],[134.14,35.2737],[134.137,35.271],[134.1499,35.2585],[134.1442,35.2532],[134.143,35.2471],[134.1448,35.2428],[134.1367,35.239],[134.1439,35.2314],[134.1582,35.2342],[134.1625,35.2293],[134.1617,35.2179],[134.154,35.2029],[134.1534,35.1949],[134.1618,35.1901],[134.1681,35.1791],[134.1669,35.1719],[134.1718,35.1699],[134.1781,35.1699],[134.1897,35.1762],[134.1937,35.1895],[134.2161,35.1896],[134.2217,35.1915],[134.2283,35.1973],[134.2452,35.1993],[134.2516,35.2033],[134.2549,35.2086],[134.2605,35.2104],[134.2664,35.2085],[134.2711,35.2008],[134.2807,35.1966],[134.3019,35.2022],[134.3208,35.2018],[134.333,35.2125],[134.338,35.2204],[134.3507,35.2237],[134.3718,35.2349],[134.3738,35.239],[134.3732,35.2459],[134.393,35.2526],[134.3997,35.2474],[134.4022,35.241],[134.3964,35.2283],[134.3849,35.2236],[134.3805,35.2181],[134.38,35.2081],[134.3824,35.1945],[134.4008,35.1875],[134.4114,35.1861],[134.4112,35.1758],[134.4066,35.1699],[134.407,35.1651],[134.412,35.1567],[134.4082,35.1479],[134.3936,35.1527],[134.3812,35.1518],[134.3774,35.1491],[134.3742,35.1509],[134.3663,35.1454],[134.3564,35.1245],[134.3599,35.122],[134.3592,35.1194],[134.3525,35.1137],[134.3534,35.098],[134.3486,35.0903],[134.3367,35.0904],[134.333,35.0865],[134.3299,35.087],[134.3185,35.0829],[134.3205,35.0675],[134.3166,35.0657],[134.3144,35.0579],[134.3161,35.0433],[134.3072,35.0455],[134.3065,35.0423],[134.3038,35.0405],[134.2967,35.0431],[134.2904,35.0374],[134.2829,35.038],[134.2747,35.0234],[134.2671,35.0215],[134.2677,35.018],[134.2641,35.0157],[134.2666,35.0127],[134.2644,35.0127],[134.2638,35.0107],[134.2658,35.0051],[134.2784,35.001],[134.2823,34.9965],[134.2861,34.9959],[134.2702,34.9825],[134.2702,34.9783],[134.2765,34.9758],[134.2736,34.966],[134.2754,34.9629],[134.2536,34.9461],[134.2543,34.9377],[134.2589,34.9342],[134.2625,34.9373],[134.2669,34.936],[134.2755,34.9291],[134.2751,34.9239],[134.2842,34.9203],[134.2838,34.9168],[134.2944,34.9075],[134.2927,34.9027],[134.2877,34.8995],[134.2883,34.8976],[134.2793,34.8957],[134.2723,34.8913],[134.2682,34.8877],[134.2685,34.8837],[134.2629,34.8849],[134.263,34.8795],[134.2662,34.8748],[134.2586,34.8697],[134.258,34.8627],[134.2547,34.8597],[134.2531,34.8513],[134.2623,34.8453],[134.265,34.8387],[134.2625,34.8365],[134.2613,34.8314],[134.2632,34.8267],[134.268,34.8261],[134.2832,34.8295],[134.2874,34.8277],[134.2879,34.8214],[134.295,34.8181],[134.2978,34.8135],[134.3025,34.814],[134.3117,34.8027],[134.3165,34.8016],[134.3185,34.7851],[134.3154,34.7808],[134.3235,34.7746],[134.3292,34.7737],[134.3338,34.7682],[134.3321,34.7659],[134.3269,34.7659],[134.3198,34.7591],[134.314,34.7405],[134.3137,34.7377],[134.3168,34.7351],[134.3203,34.7353],[134.323,34.7309],[134.3207,34.7277],[134.3213,34.7218],[134.319,34.7283],[134.3109,34.7338],[134.2992,34.736],[134.2873,34.735],[134.2824,34.7299],[134.275,34.7345],[134.2735,34.7331],[134.2758,34.7309],[134.2731,34.728],[134.2683,34.7313],[134.2682,34.7197],[134.2532,34.7183],[134.2431,34.7153],[134.2345,34.721],[134.2248,34.7197],[134.2319,34.7231],[134.229,34.7304],[134.2034,34.7304],[134.186,34.7379],[134.1871,34.7403],[134.1853,34.7423],[134.185,34.7405],[134.1798,34.7381],[134.1789,34.7331],[134.1814,34.7351],[134.1864,34.7345],[134.2039,34.7271],[134.2042,34.7226],[134.1954,34.7213],[134.1928,34.7197],[134.1941,34.7169],[134.1958,34.7177],[134.2001,34.7146],[134.2037,34.7169],[134.2138,34.7162],[134.1986,34.7088],[134.2019,34.7099],[134.2178,34.7083],[134.2268,34.7121],[134.2276,34.7146],[134.2353,34.7147],[134.235,34.711],[134.2446,34.7015],[134.2426,34.701],[134.2415,34.6953],[134.238,34.6998],[134.2348,34.6915],[134.2258,34.6917],[134.2277,34.6891],[134.2181,34.6844],[134.2121,34.6839],[134.2221,34.6817],[134.2195,34.6809],[134.2188,34.6769],[134.2105,34.6727],[134.204,34.6743],[134.2069,34.6694],[134.2106,34.6699],[134.2098,34.6667],[134.2062,34.6678],[134.2006,34.6636],[134.1909,34.6641],[134.1973,34.6599],[134.1894,34.6518],[134.1802,34.6526],[134.1775,34.6566],[134.1695,34.6517],[134.1738,34.6311],[134.1773,34.6313],[134.1784,34.6341],[134.1833,34.6368],[134.1868,34.6317],[134.1795,34.6303],[134.1696,34.6135],[134.1589,34.6168],[134.1472,34.6169],[134.1454,34.6105],[134.1412,34.6085],[134.1384,34.6113],[134.1338,34.6078],[134.1375,34.6003],[134.1337,34.5971],[134.1279,34.5981],[134.1218,34.5931],[134.12,34.5891],[134.1045,34.5896],[134.0962,34.5832],[134.0859,34.5805],[134.0797,34.5863],[134.0692,34.5844],[134.0592,34.5851],[134.0538,34.5865],[134.0532,34.5952],[134.0545,34.5951],[134.0532,34.596],[134.057,34.6029],[134.0594,34.6024],[134.0627,34.6048],[134.0633,34.6078],[134.0597,34.6081],[134.053,34.6039],[134.0515,34.6053],[134.0484,34.6035],[134.0494,34.6017],[134.047,34.5977],[134.0423,34.6077],[134.0318,34.609],[134.0295,34.6041],[134.0287,34.606],[134.0208,34.6088],[133.9954,34.6135],[133.9832,34.6079],[133.9841,34.6029],[133.9784,34.6033],[133.9805,34.6001],[133.9725,34.6031],[133.9679,34.5995],[133.9566,34.5968],[133.9518,34.6023],[133.9455,34.5989],[133.9491,34.5945],[133.9479,34.5938],[133.9594,34.5837],[133.9614,34.5865],[133.9598,34.5872],[133.9722,34.5942],[133.9861,34.5949],[133.9905,34.5935],[133.991,34.5947],[134.0015,34.593],[134.0098,34.5971],[134.025,34.599],[134.0329,34.5973],[134.0319,34.595],[134.0342,34.5906],[134.0365,34.5918],[134.0402,34.5865],[134.0392,34.5832],[134.0464,34.5767],[134.0324,34.5731],[134.0294,34.5599],[134.0331,34.5583],[134.0281,34.5537],[134.0311,34.5529],[134.03,34.5509],[134.0259,34.5529],[134.0213,34.55],[134.0217,34.5459],[134.0178,34.5443],[134.0148,34.5468],[134.0147,34.5501],[134.0098,34.5507],[134.0013,34.5454],[133.9953,34.5326],[133.9998,34.53],[133.9948,34.5257],[133.9968,34.5253],[133.9988,34.5195],[134.0057,34.5169],[134.003,34.5123],[133.9924,34.5195],[133.9866,34.5307],[133.9763,34.5339],[133.9594,34.5243],[133.9577,34.5222],[133.9619,34.5189],[133.9562,34.5146],[133.9613,34.5135],[133.9566,34.5045],[133.9634,34.4953],[133.961,34.492],[133.9551,34.4933],[133.9537,34.4905],[133.9498,34.4931],[133.9488,34.4867],[133.9465,34.4884],[133.9467,34.4846],[133.938,34.4813],[133.9386,34.4753],[133.9346,34.4746],[133.9348,34.4723],[133.9419,34.4652],[133.9428,34.4559],[133.9333,34.4513],[133.9265,34.4569],[133.9247,34.4553],[133.9283,34.4527],[133.9271,34.4509],[133.9195,34.4501],[133.9133,34.4525],[133.9097,34.4509],[133.8976,34.457],[133.8795,34.4566],[133.8678,34.4663],[133.8518,34.4698],[133.8414,34.469],[133.8362,34.4711],[133.8368,34.4727],[133.8342,34.4744],[133.8313,34.4703],[133.8295,34.473],[133.8164,34.4669],[133.8149,34.4681],[133.8155,34.4651],[133.8122,34.4623],[133.8145,34.4609],[133.8083,34.4615],[133.8076,34.4591],[133.81,34.4582],[133.8108,34.4417],[133.8218,34.4297],[133.8047,34.4363],[133.7961,34.4361],[133.7912,34.4395],[133.7873,34.4356],[133.7828,34.4381],[133.7802,34.4449],[133.7703,34.4567],[133.7741,34.4582],[133.7724,34.4628],[133.7675,34.4622],[133.7661,34.4724],[133.7639,34.4728],[133.7624,34.4701],[133.7591,34.4703],[133.7585,34.4685],[133.7583,34.4757],[133.7557,34.4758],[133.7591,34.486],[133.7478,34.4894],[133.7422,34.5032],[133.7445,34.5109],[133.7393,34.5159],[133.7383,34.525],[133.7345,34.4985],[133.7292,34.4985],[133.7185,34.5032],[133.7184,34.4963],[133.7365,34.4905],[133.7428,34.4705],[133.7396,34.4699],[133.7263,34.4764],[133.7245,34.4728],[133.7199,34.4742],[133.7192,34.473],[133.7034,34.4779],[133.7049,34.5161],[133.7032,34.5401],[133.6908,34.5403],[133.6903,34.5228],[133.6889,34.5253],[133.6803,34.5249],[133.6782,34.523],[133.6838,34.5235],[133.6902,34.5197],[133.69,34.5123],[133.6841,34.5118],[133.6834,34.5069],[133.6702,34.5077],[133.6697,34.5116],[133.6752,34.5147],[133.6766,34.5137],[133.6764,34.5183],[133.6693,34.5177],[133.6691,34.5194],[133.659,34.5205],[133.6556,34.5161],[133.6474,34.5121],[133.6499,34.5088],[133.6474,34.5047],[133.6402,34.5049],[133.6379,34.5019],[133.6248,34.5009],[133.6218,34.4949],[133.6174,34.4917],[133.6156,34.4942],[133.6032,34.495],[133.5937,34.491],[133.5889,34.4833],[133.5961,34.4757],[133.6012,34.4737],[133.5939,34.4695],[133.5782,34.4705],[133.577,34.4667],[133.5727,34.4659],[133.5609,34.4682],[133.5404,34.4615],[133.5309,34.4698],[133.5289,34.4771],[133.5239,34.4788],[133.5236,34.4748],[133.518,34.4801],[133.5157,34.4896],[133.5077,34.497],[133.5087,34.4997],[133.5048,34.4991],[133.5021,34.5041],[133.5013,34.5015],[133.4968,34.5033],[133.4891,34.5125],[133.4854,34.5139],[133.489,34.5071],[133.501,34.4983],[133.5177,34.4759],[133.5273,34.4689],[133.5242,34.4603],[133.5269,34.4547],[133.5146,34.4491],[133.5092,34.4517],[133.5013,34.4514],[133.4893,34.4416],[133.4779,34.4432],[133.4738,34.4414],[133.4733,34.4501],[133.4897,34.4589],[133.4838,34.4659],[133.4672,34.4571],[133.4628,34.4597],[133.4558,34.4598],[133.4548,34.4773],[133.4487,34.4775],[133.4463,34.4802],[133.4482,34.4871],[133.4543,34.4944],[133.455,34.5032],[133.4534,34.5063],[133.4455,34.5057],[133.446,34.5116],[133.4484,34.5116],[133.4471,34.5188],[133.453,34.5299],[133.4527,34.5351],[133.4481,34.5398],[133.4489,34.5427],[133.4453,34.5551],[133.4354,34.5647],[133.4263,34.5704],[133.4214,34.5868],[133.4134,34.5867],[133.4124,34.5888],[133.4068,34.5893],[133.3965,34.5954],[133.396,34.6023],[133.392,34.6081],[133.3925,34.61],[133.3858,34.6161],[133.3829,34.6215],[133.391,34.6322],[133.3873,34.635],[133.3886,34.6437],[133.3914,34.6497],[133.3934,34.6496],[133.3961,34.6529],[133.4028,34.6719],[133.3967,34.6754],[133.3941,34.6736],[133.3826,34.6799],[133.3857,34.6838],[133.3826,34.6894],[133.3752,34.6946],[133.3699,34.7117],[133.3692,34.7228],[133.3621,34.7266],[133.3576,34.7333],[133.3698,34.7466],[133.367,34.7532],[133.3613,34.7556],[133.3669,34.7613],[133.3652,34.7685],[133.3668,34.7744],[133.3718,34.7801],[133.3758,34.7815],[133.3718,34.7841],[133.3698,34.7887],[133.3758,34.7967],[133.3778,34.8051],[133.3745,34.8126],[133.3689,34.8145],[133.3672,34.8191],[133.3592,34.8199],[133.3528,34.8297],[133.3473,34.8319],[133.3475,34.8288],[133.3442,34.8297],[133.3368,34.8346],[133.3323,34.8396],[133.3349,34.8447],[133.3283,34.8531],[133.3301,34.8559],[133.3226,34.8591],[133.3234,34.8645],[133.3161,34.8673],[133.3141,34.8717],[133.3102,34.8737],[133.2972,34.8895],[133.2944,34.9028],[133.297,34.9089],[133.3023,34.913],[133.3042,34.9199],[133.3016,34.928],[133.3089,34.9371],[133.2967,34.9554],[133.3034,34.9643],[133.3031,34.9715],[133.3099,34.9745],[133.3203,34.9867],[133.3192,34.9961],[133.3212,35.0061],[133.3161,35.011],[133.3044,35.0152],[133.2922,35.033],[133.2854,35.0395],[133.2798,35.0415],[133.2667,35.0519],[133.2684,35.0578],[133.2773,35.0663],[133.2839,35.0661],[133.2904,35.0717],[133.2882,35.0775],[133.2894,35.0857],[133.288,35.096],[133.2902,35.0995],[133.2989,35.1035],[133.3106,35.0967],[133.313,35.0977],[133.3208,35.0938],[133.3261,35.0944],[133.3383,35.1067],[133.3489,35.1046],[133.3546,35.1009],[133.3718,35.1128],[133.3828,35.1147],[133.3883,35.1131],[133.4029,35.1143],[133.4113,35.1225],[133.4108,35.1353],[133.4085,35.1408],[133.4042,35.1446],[133.3974,35.1649],[133.3926,35.1685],[133.3958,35.173],[133.3941,35.1774],[133.3965,35.1809],[133.4078,35.1856],[133.4159,35.184],[133.4224,35.1764],[133.4281,35.1773],[133.4464,35.1722],[133.4562,35.1735],[133.4603,35.1778],[133.4664,35.1753],[133.4728,35.1789],[133.4744,35.182],[133.4823,35.183],[133.4862,35.1867],[133.4968,35.1875],[133.501,35.1927],[133.5078,35.1925],[133.5122,35.1898],[133.5156,35.1908],[133.5204,35.1821],[133.5256,35.1829],[133.5279,35.1881],[133.5223,35.1989],[133.5185,35.2137],[133.5143,35.2208],[133.5093,35.2231],[133.5053,35.2286],[133.5075,35.2331],[133.5143,35.2365],[133.5173,35.2406],[133.5292,35.2368],[133.5365,35.2379],[133.5417,35.2424],[133.5549,35.2425],[133.5592,35.2464],[133.5617,35.2532],[133.5659,35.2554],[133.5674,35.2687],[133.5711,35.2733],[133.5684,35.2777],[133.5716,35.2822],[133.5706,35.2875],[133.574,35.2904],[133.5768,35.2987],[133.5773,35.3154],[133.5918,35.3323],[133.5884,35.3365],[133.5957,35.3451],[133.6058,35.3416],[133.6157,35.3413],[133.6218,35.3369],[133.6337,35.3394],[133.65,35.3359],[133.6576,35.3291],[133.6686,35.323],[133.6735,35.3231],[133.6782,35.3188],[133.6914,35.3205],[133.6913,35.3241],[133.6971,35.3265],[133.7108,35.3242],[133.7285,35.3169],[133.7358,35.3185],[133.7419,35.3167],[133.7451,35.3193],[133.7513,35.3111],[133.7565,35.3083],[133.7618,35.3111],[133.7756,35.2995],[133.7819,35.2977],[133.7835,35.2948],[133.7894,35.2973],[133.7898,35.2934],[133.7973,35.2941],[133.7992,35.2885],[133.809,35.2745],[133.8074,35.2699],[133.8155,35.2629],[133.8176,35.2527],[133.8308,35.2489],[133.8396,35.2507],[133.8441,35.2497],[133.8433,35.2532],[133.855,35.2683],[133.8651,35.2731],[133.8637,35.278],[133.8658,35.285],[133.8603,35.2877],[133.8627,35.293],[133.881,35.294],[133.8841,35.296],[133.886,35.2945],[133.8995,35.3043],[133.9084,35.3069],[133.9249,35.3075],[133.9314,35.3182],[133.9275,35.3228],[133.9316,35.3338],[133.9367,35.3355],[133.9453,35.3327],[133.9595,35.3441],[133.9706,35.3476],[133.9796,35.344],[133.9968,35.3528],[134.0142,35.3504]]],[[[134.3209,34.7031],[134.3085,34.7057],[134.3088,34.71],[134.3058,34.7147],[134.302,34.7129],[134.3015,34.7085],[134.281,34.7069],[134.2847,34.7096],[134.2856,34.713],[134.2795,34.7094],[134.2745,34.7151],[134.276,34.7214],[134.2783,34.7222],[134.2859,34.7181],[134.2852,34.7233],[134.2935,34.7301],[134.3103,34.7273],[134.3161,34.7185],[134.3223,34.714],[134.3322,34.723],[134.3385,34.7187],[134.3466,34.7091],[134.3421,34.7033],[134.3349,34.7115],[134.3321,34.7087],[134.3256,34.7122],[134.3229,34.7092],[134.3231,34.7043],[134.3209,34.7031]]],[[[134.2091,34.7196],[134.211,34.7258],[134.2188,34.7218],[134.2156,34.7205],[134.2122,34.7217],[134.2091,34.7196]]],[[[134.2617,34.7083],[134.2478,34.7097],[134.249,34.7115],[134.264,34.7139],[134.2685,34.709],[134.2617,34.7083]]],[[[134.2575,34.6903],[134.251,34.6922],[134.2547,34.6943],[134.25,34.6951],[134.2523,34.7015],[134.2498,34.7058],[134.2634,34.7062],[134.2613,34.7031],[134.2679,34.7012],[134.271,34.6965],[134.2686,34.6957],[134.263,34.6985],[134.2616,34.6951],[134.2584,34.6939],[134.2612,34.6918],[134.2575,34.6903]]],[[[134.2883,34.6968],[134.2789,34.7029],[134.2888,34.7037],[134.2916,34.6971],[134.2883,34.6968]]],[[[134.2617,34.6749],[134.2556,34.6797],[134.2514,34.6776],[134.2429,34.6798],[134.2468,34.6816],[134.2468,34.6841],[134.251,34.6825],[134.2544,34.6877],[134.2576,34.6877],[134.2635,34.6819],[134.2707,34.6833],[134.273,34.6821],[134.2692,34.6779],[134.2617,34.6749]]],[[[134.296,34.6801],[134.2903,34.6841],[134.2903,34.6871],[134.2919,34.6845],[134.2983,34.6836],[134.3003,34.6867],[134.3021,34.6829],[134.296,34.6801]]],[[[134.2246,34.6678],[134.2182,34.6751],[134.2234,34.6769],[134.2256,34.6732],[134.2282,34.6786],[134.2441,34.6788],[134.244,34.6725],[134.2383,34.6733],[134.2324,34.6692],[134.2317,34.6715],[134.2246,34.6678]]],[[[134.1678,34.6026],[134.1645,34.6037],[134.1668,34.6093],[134.1732,34.6121],[134.1743,34.6089],[134.1837,34.6114],[134.1871,34.6141],[134.2008,34.6163],[134.1944,34.608],[134.1864,34.6049],[134.1827,34.6062],[134.1678,34.6026]]],[[[134.2007,34.6074],[134.2072,34.6123],[134.2101,34.6121],[134.2007,34.6074]]],[[[134.1935,34.5957],[134.1903,34.5971],[134.1898,34.6015],[134.1996,34.6011],[134.1978,34.5965],[134.1935,34.5957]]],[[[134.0973,34.5599],[134.0952,34.5614],[134.0986,34.5662],[134.1051,34.5665],[134.1059,34.5608],[134.0973,34.5599]]],[[[134.0234,34.5069],[134.0189,34.5032],[134.0166,34.4969],[134.0069,34.4982],[134.0172,34.5068],[134.0234,34.5069]]],[[[133.7113,34.4609],[133.707,34.464],[133.7111,34.4655],[133.7164,34.462],[133.7113,34.4609]]],[[[133.4984,34.431],[133.4963,34.4311],[133.4983,34.437],[133.4984,34.431]]],[[[133.4995,34.4237],[133.5005,34.4305],[133.5162,34.4348],[133.5134,34.4275],[133.4995,34.4237]]],[[[133.7701,34.4193],[133.7631,34.4199],[133.7602,34.4269],[133.7606,34.4315],[133.7671,34.4264],[133.7737,34.4269],[133.7762,34.4227],[133.7701,34.4193]]],[[[133.832,34.4174],[133.8288,34.4199],[133.8276,34.4241],[133.8356,34.4249],[133.832,34.4174]]],[[[133.9194,34.4185],[133.9223,34.4214],[133.9247,34.4187],[133.9194,34.4185]]],[[[133.5128,34.3897],[133.5085,34.3944],[133.5053,34.4065],[133.5099,34.4062],[133.5152,34.4107],[133.5167,34.4082],[133.5192,34.4131],[133.5229,34.4162],[133.5258,34.4161],[133.5229,34.4089],[133.5253,34.3999],[133.5128,34.3897]]],[[[133.5452,34.3666],[133.5355,34.3739],[133.5333,34.3731],[133.5275,34.3785],[133.5258,34.3779],[133.5156,34.3841],[133.5221,34.3911],[133.5248,34.3881],[133.5292,34.3899],[133.5289,34.3925],[133.5351,34.3937],[133.537,34.4013],[133.5468,34.4001],[133.5512,34.3931],[133.5557,34.3963],[133.5572,34.3937],[133.5521,34.3921],[133.5442,34.38],[133.5469,34.3747],[133.5587,34.3767],[133.5581,34.3677],[133.5485,34.3688],[133.5452,34.3666]]],[[[133.5856,34.3775],[133.5826,34.3781],[133.5821,34.3807],[133.5871,34.3811],[133.5856,34.3775]]],[[[133.5733,34.3479],[133.5664,34.3522],[133.572,34.3588],[133.5789,34.3553],[133.5804,34.3613],[133.5888,34.3629],[133.5906,34.3591],[133.5853,34.3585],[133.5802,34.3517],[133.5733,34.3479]]],[[[133.5222,34.3431],[133.5197,34.3435],[133.5159,34.3519],[133.5209,34.3488],[133.5222,34.3431]]],[[[133.5078,34.3351],[133.4968,34.3403],[133.4987,34.3444],[133.4968,34.3451],[133.4983,34.3505],[133.4998,34.3473],[133.5081,34.3428],[133.5078,34.3351]]],[[[133.5336,34.2984],[133.5262,34.3027],[133.5264,34.3076],[133.5396,34.3083],[133.5363,34.3002],[133.5336,34.2984]]]]}},{"type":"Feature","properties":{"name":"福岡県","id":40},"geometry":{"type":"MultiPolygon","coordinates":[[[[130.1044,34.2394],[130.0991,34.2409],[130.098,34.2435],[130.1024,34.2493],[130.1124,34.2483],[130.1044,34.2394]]],[[[130.7277,34.0085],[130.7213,34.0176],[130.7246,34.0191],[130.726,34.0159],[130.7307,34.0161],[130.7277,34.0085]]],[[[130.7169,34.0012],[130.7073,34.0039],[130.7101,34.005],[130.7169,34.0012]]],[[[130.821,33.9856],[130.8087,33.9991],[130.8137,34.0009],[130.8163,33.9981],[130.8192,33.9947],[130.8182,33.9925],[130.8202,33.9918],[130.821,33.9856]]],[[[130.8558,33.9657],[130.8474,33.9692],[130.8513,33.9713],[130.8598,33.9663],[130.8558,33.9657]]],[[[130.6724,33.9187],[130.6804,33.9234],[130.6846,33.9319],[130.6812,33.9367],[130.6861,33.9349],[130.6981,33.9387],[130.7116,33.9384],[130.7211,33.9349],[130.7277,33.9352],[130.7276,33.9297],[130.7371,33.9263],[130.7384,33.9318],[130.7463,33.9318],[130.7449,33.9252],[130.7473,33.9233],[130.7527,33.9309],[130.7527,33.9455],[130.769,33.9472],[130.7689,33.9403],[130.7602,33.9395],[130.7601,33.9338],[130.7691,33.9338],[130.7691,33.929],[130.7579,33.9248],[130.752,33.9257],[130.7507,33.9228],[130.7543,33.9227],[130.7536,33.9203],[130.7734,33.9269],[130.7767,33.9342],[130.8062,33.9305],[130.8116,33.9263],[130.8143,33.9269],[130.8177,33.9229],[130.8165,33.9169],[130.8063,33.9167],[130.8053,33.9127],[130.8074,33.9124],[130.8092,33.9147],[130.816,33.9142],[130.8144,33.9033],[130.7968,33.8909],[130.783,33.8906],[130.7825,33.892],[130.7762,33.8899],[130.7761,33.8915],[130.7757,33.8899],[130.7698,33.889],[130.7627,33.8849],[130.7683,33.8877],[130.7809,33.8881],[130.7827,33.8863],[130.7526,33.8781],[130.7505,33.8787],[130.7455,33.8884],[130.7433,33.8882],[130.7467,33.8765],[130.7404,33.8749],[130.748,33.8745],[130.7721,33.8795],[130.7699,33.8753],[130.7715,33.8748],[130.7747,33.8807],[130.7815,33.882],[130.7787,33.8771],[130.7815,33.8782],[130.784,33.8826],[130.795,33.8851],[130.8017,33.8913],[130.804,33.8817],[130.7988,33.8739],[130.8071,33.8776],[130.8048,33.8915],[130.8153,33.8973],[130.815,33.8997],[130.8201,33.9026],[130.8189,33.9069],[130.8216,33.9039],[130.8233,33.9199],[130.8425,33.9273],[130.8562,33.9289],[130.8569,33.9244],[130.86,33.9239],[130.8474,33.9192],[130.8489,33.9163],[130.8521,33.9175],[130.8497,33.9149],[130.8638,33.9199],[130.8685,33.9181],[130.8492,33.9098],[130.8474,33.9054],[130.8517,33.9043],[130.8561,33.9066],[130.854,33.9087],[130.862,33.9123],[130.8665,33.9113],[130.8651,33.9133],[130.8718,33.9153],[130.8785,33.9093],[130.8752,33.9079],[130.8762,33.9062],[130.8799,33.9075],[130.8832,33.9053],[130.8703,33.8993],[130.8662,33.9007],[130.863,33.8955],[130.8658,33.8979],[130.8738,33.8955],[130.8728,33.8971],[130.8868,33.9021],[130.8924,33.8961],[130.8832,33.896],[130.8769,33.8901],[130.8917,33.8932],[130.887,33.8885],[130.891,33.8877],[130.8937,33.8917],[130.8998,33.8941],[130.9197,33.8975],[130.9297,33.9069],[130.9409,33.9269],[130.9395,33.9266],[130.9449,33.9378],[130.9565,33.9455],[130.9614,33.9475],[130.963,33.9462],[130.9612,33.9538],[130.9622,33.9519],[130.9642,33.9525],[130.9631,33.9561],[130.9608,33.9565],[130.9621,33.962],[130.9679,33.9615],[130.9766,33.9576],[130.9755,33.9595],[130.9912,33.9623],[130.9895,33.9591],[131.0001,33.9696],[131.0069,33.968],[131.0,33.9643],[131.0053,33.9623],[131.0096,33.9658],[131.0191,33.9629],[131.0165,33.9611],[131.0229,33.9589],[131.0172,33.9499],[131.0199,33.9483],[131.0211,33.9429],[131.0108,33.9415],[131.0073,33.9366],[131.0097,33.9313],[131.0011,33.925],[131.0012,33.9219],[131.0066,33.9225],[131.0147,33.9199],[131.0129,33.9166],[131.0057,33.9151],[131.0032,33.9127],[131.0022,33.9073],[131.0054,33.9051],[131.0002,33.9031],[130.9968,33.9065],[130.9871,33.9002],[130.9881,33.8927],[130.9918,33.8941],[131.0012,33.8919],[131.0007,33.8901],[131.003,33.8894],[131.0022,33.8924],[131.0039,33.8915],[130.9988,33.8735],[130.9951,33.8742],[130.9984,33.8741],[130.9994,33.8773],[130.993,33.8782],[130.9941,33.8845],[130.9903,33.8857],[130.9888,33.8819],[130.9857,33.882],[130.986,33.8721],[130.9813,33.8671],[130.9836,33.8641],[130.9878,33.8687],[130.9978,33.8669],[130.9926,33.8509],[130.9889,33.8513],[130.9862,33.8549],[130.9863,33.8503],[130.9826,33.8467],[130.9829,33.8441],[130.9801,33.8433],[130.9804,33.8412],[130.9766,33.8444],[130.9767,33.8391],[130.978,33.8393],[130.9757,33.8346],[130.9596,33.839],[130.9567,33.8301],[130.9658,33.8094],[130.978,33.8116],[130.9826,33.8086],[130.9995,33.8155],[131.004,33.8064],[130.9979,33.8071],[130.9963,33.8101],[130.9993,33.8005],[130.987,33.7965],[130.9861,33.7877],[130.9817,33.7844],[130.9878,33.786],[130.9927,33.7947],[130.9968,33.7963],[130.9992,33.7931],[130.9948,33.791],[130.999,33.7898],[130.9994,33.7912],[131.0028,33.7833],[130.9913,33.7734],[131.0004,33.7746],[130.9968,33.7711],[130.9987,33.7691],[131.0106,33.7775],[131.0169,33.7681],[130.9997,33.7572],[131.0032,33.7498],[131.0074,33.7439],[131.0097,33.7492],[131.0149,33.7509],[131.0176,33.7471],[131.0144,33.7319],[131.0193,33.7313],[131.0253,33.7144],[131.0393,33.691],[131.045,33.6885],[131.0553,33.69],[131.0494,33.6859],[131.0509,33.6861],[131.0627,33.6693],[131.0675,33.6546],[131.0707,33.6563],[131.0797,33.6477],[131.0827,33.6359],[131.084,33.6344],[131.0864,33.6353],[131.0925,33.6287],[131.093,33.6235],[131.0964,33.6231],[131.0987,33.6187],[131.107,33.6168],[131.1072,33.6238],[131.1126,33.6238],[131.1123,33.6177],[131.1152,33.6187],[131.1142,33.6303],[131.1201,33.6302],[131.1218,33.6245],[131.1249,33.6244],[131.1255,33.6262],[131.1311,33.6231],[131.1264,33.6311],[131.1281,33.6312],[131.1291,33.628],[131.1485,33.6227],[131.1601,33.6168],[131.1689,33.6167],[131.1698,33.6185],[131.178,33.6197],[131.1845,33.6162],[131.1783,33.607],[131.1719,33.5865],[131.1733,33.5766],[131.1891,33.5619],[131.1872,33.5462],[131.1768,33.5353],[131.1657,33.5284],[131.168,33.5248],[131.1673,33.5157],[131.1765,33.508],[131.169,33.5049],[131.1626,33.5082],[131.1427,33.5048],[131.1318,33.5056],[131.1293,33.5021],[131.1218,33.502],[131.106,33.5075],[131.0973,33.5046],[131.0953,33.5065],[131.0738,33.5059],[131.0647,33.5098],[131.0538,33.508],[131.0471,33.5109],[131.0444,33.5099],[131.0356,33.5182],[131.0294,33.5184],[131.025,33.5131],[131.0215,33.5133],[131.015,33.5098],[131.0022,33.5122],[130.9737,33.5055],[130.9634,33.4983],[130.9602,33.4933],[130.9438,33.4863],[130.9403,33.4829],[130.9254,33.4779],[130.9296,33.4652],[130.9254,33.4575],[130.917,33.4554],[130.911,33.4507],[130.8993,33.4491],[130.8945,33.4462],[130.8966,33.4383],[130.8909,33.4299],[130.8915,33.4199],[130.8891,33.4162],[130.891,33.4065],[130.8873,33.4053],[130.8843,33.3908],[130.8855,33.3798],[130.8779,33.3765],[130.8768,33.3778],[130.8638,33.3773],[130.859,33.373],[130.8609,33.3628],[130.8345,33.3435],[130.844,33.3333],[130.8441,33.3385],[130.8499,33.3365],[130.8563,33.327],[130.8536,33.3247],[130.8605,33.3096],[130.8654,33.2929],[130.8517,33.2782],[130.8597,33.2673],[130.867,33.2675],[130.8655,33.2619],[130.855,33.2621],[130.8457,33.2583],[130.8292,33.2576],[130.824,33.2533],[130.8253,33.2374],[130.8293,33.2346],[130.8577,33.2298],[130.8577,33.2261],[130.8451,33.2231],[130.8357,33.2114],[130.8626,33.1936],[130.8671,33.194],[130.874,33.1893],[130.8865,33.1867],[130.8849,33.1761],[130.8771,33.1737],[130.8735,33.1691],[130.8786,33.1527],[130.8699,33.1458],[130.8639,33.1251],[130.8595,33.1219],[130.8605,33.1182],[130.8525,33.1093],[130.8389,33.1039],[130.8195,33.1065],[130.8207,33.1089],[130.8167,33.114],[130.7921,33.1229],[130.7708,33.1245],[130.7622,33.1328],[130.7559,33.1323],[130.7533,33.1366],[130.7381,33.1451],[130.7338,33.1528],[130.7305,33.1546],[130.7221,33.1517],[130.7118,33.1549],[130.7069,33.1511],[130.6991,33.1531],[130.6905,33.1519],[130.6922,33.1599],[130.6792,33.1712],[130.6777,33.1651],[130.6668,33.1571],[130.6658,33.1455],[130.6676,33.1381],[130.6606,33.1301],[130.6588,33.1157],[130.6536,33.1133],[130.6588,33.1101],[130.6548,33.1085],[130.6513,33.1101],[130.647,33.1081],[130.6393,33.1133],[130.6368,33.1115],[130.6326,33.1132],[130.6159,33.1091],[130.6091,33.1093],[130.6019,33.1141],[130.5797,33.1157],[130.5748,33.1133],[130.5703,33.1074],[130.5609,33.104],[130.5603,33.0981],[130.565,33.0872],[130.5521,33.0833],[130.5491,33.0844],[130.5476,33.0809],[130.5411,33.0821],[130.5362,33.0793],[130.5307,33.0643],[130.5259,33.0659],[130.5175,33.0654],[130.4968,33.0522],[130.4942,33.0494],[130.5024,33.0386],[130.5035,33.0275],[130.5113,33.0208],[130.5151,33.0121],[130.512,33.0075],[130.507,33.0063],[130.5053,33.0032],[130.4968,33.0057],[130.4765,33.0027],[130.4411,33.0032],[130.4303,33.0051],[130.4132,33.0029],[130.4123,33.0044],[130.3957,33.0005],[130.3946,33.0032],[130.4085,33.0092],[130.4176,33.0074],[130.4164,33.012],[130.4214,33.012],[130.4225,33.0163],[130.4158,33.0131],[130.4133,33.0165],[130.4085,33.0105],[130.4068,33.0159],[130.4211,33.0285],[130.4195,33.0336],[130.4275,33.0355],[130.4273,33.0367],[130.4186,33.0356],[130.4214,33.0501],[130.4242,33.0527],[130.4088,33.0879],[130.3871,33.0951],[130.3961,33.108],[130.3718,33.1207],[130.3756,33.1287],[130.3728,33.135],[130.3737,33.1394],[130.3718,33.1408],[130.3549,33.1404],[130.3511,33.1699],[130.3524,33.1803],[130.346,33.1821],[130.3406,33.1883],[130.3386,33.2033],[130.3418,33.2081],[130.3532,33.2089],[130.3598,33.2135],[130.3766,33.2204],[130.3782,33.2289],[130.3694,33.2364],[130.3713,33.243],[130.3737,33.2445],[130.3843,33.2403],[130.3897,33.2461],[130.388,33.2549],[130.3907,33.2599],[130.3983,33.2595],[130.4011,33.249],[130.4075,33.2492],[130.4146,33.2532],[130.4177,33.2593],[130.4166,33.2681],[130.4191,33.2713],[130.4273,33.2715],[130.4295,33.2836],[130.4258,33.2889],[130.431,33.2925],[130.4365,33.29],[130.4349,33.2725],[130.4396,33.2649],[130.4489,33.265],[130.4471,33.2755],[130.4526,33.2831],[130.465,33.2851],[130.4668,33.2886],[130.4548,33.2942],[130.4554,33.3017],[130.4579,33.3037],[130.482,33.3049],[130.4863,33.3123],[130.4879,33.3181],[130.4763,33.3254],[130.479,33.3307],[130.4839,33.3328],[130.4974,33.3257],[130.5033,33.3291],[130.5054,33.3395],[130.5098,33.3438],[130.5249,33.34],[130.5319,33.3459],[130.5352,33.3428],[130.541,33.3663],[130.5401,33.4199],[130.5351,33.4359],[130.5362,33.4382],[130.5321,33.4415],[130.5116,33.4493],[130.5087,33.4438],[130.5044,33.4463],[130.4962,33.4448],[130.4907,33.4405],[130.4799,33.4365],[130.4751,33.4375],[130.4605,33.4283],[130.4573,33.4199],[130.444,33.4173],[130.4362,33.4049],[130.4374,33.4006],[130.4294,33.3974],[130.4189,33.4006],[130.4102,33.395],[130.4077,33.3974],[130.4076,33.4025],[130.4144,33.4103],[130.4043,33.416],[130.3953,33.4273],[130.3903,33.426],[130.3866,33.4279],[130.3774,33.4249],[130.3684,33.4358],[130.3555,33.4335],[130.3448,33.4447],[130.337,33.4449],[130.3344,33.4489],[130.3207,33.4579],[130.314,33.4583],[130.3058,33.4627],[130.2975,33.4624],[130.2766,33.4783],[130.2712,33.4793],[130.2592,33.4767],[130.2525,33.4719],[130.2468,33.4707],[130.2441,33.4737],[130.2382,33.4742],[130.233,33.4782],[130.221,33.4776],[130.2057,33.4812],[130.198,33.4811],[130.198,33.4776],[130.1894,33.4753],[130.1839,33.4675],[130.1748,33.4663],[130.1679,33.4675],[130.1597,33.4745],[130.15,33.4774],[130.1384,33.4705],[130.1305,33.4745],[130.1134,33.4752],[130.107,33.4776],[130.0997,33.4706],[130.0779,33.4688],[130.0679,33.472],[130.0449,33.4677],[130.0387,33.4697],[130.0445,33.4835],[130.0486,33.4883],[130.0444,33.4962],[130.0586,33.4973],[130.0783,33.5037],[130.0823,33.5072],[130.0871,33.5049],[130.0972,33.5091],[130.0996,33.5157],[130.1039,33.5148],[130.1017,33.5128],[130.1054,33.5097],[130.1218,33.5088],[130.1286,33.5126],[130.1327,33.5215],[130.1236,33.5251],[130.1296,33.5289],[130.1339,33.5287],[130.1417,33.5338],[130.1521,33.5369],[130.1536,33.5427],[130.1608,33.5487],[130.1645,33.5558],[130.1635,33.5607],[130.1548,33.5599],[130.1415,33.5487],[130.137,33.5541],[130.1257,33.5569],[130.1199,33.5487],[130.1157,33.5469],[130.1151,33.5506],[130.1218,33.5598],[130.1248,33.5616],[130.1266,33.5585],[130.1319,33.5589],[130.1342,33.5661],[130.133,33.5679],[130.1301,33.5675],[130.1188,33.5745],[130.118,33.5725],[130.1109,33.5715],[130.1011,33.5643],[130.0978,33.5643],[130.0961,33.5746],[130.0868,33.5782],[130.0885,33.5836],[130.1011,33.5876],[130.105,33.5848],[130.1083,33.5865],[130.1063,33.5965],[130.1218,33.59],[130.13,33.5901],[130.1459,33.5953],[130.1595,33.608],[130.1598,33.6153],[130.1584,33.6148],[130.154,33.6195],[130.1561,33.6283],[130.1666,33.6324],[130.1695,33.6297],[130.1823,33.6325],[130.1989,33.6409],[130.2002,33.6455],[130.208,33.6494],[130.2062,33.6495],[130.2075,33.6503],[130.2056,33.6645],[130.2086,33.6671],[130.2286,33.6556],[130.2351,33.6496],[130.2338,33.6435],[130.2291,33.6421],[130.2283,33.6385],[130.2239,33.635],[130.231,33.6165],[130.2468,33.6113],[130.2725,33.6115],[130.2744,33.605],[130.2669,33.5947],[130.2652,33.5972],[130.2647,33.5922],[130.266,33.5865],[130.2727,33.5824],[130.2826,33.5811],[130.2853,33.5834],[130.2914,33.5803],[130.301,33.5831],[130.3103,33.5876],[130.3098,33.5905],[130.3122,33.5932],[130.3086,33.5958],[130.3113,33.5982],[130.3219,33.5988],[130.3223,33.5939],[130.3241,33.5937],[130.3259,33.5939],[130.326,33.5985],[130.3282,33.5988],[130.3516,33.595],[130.3553,33.5972],[130.3614,33.5975],[130.3661,33.6014],[130.3692,33.6003],[130.3729,33.605],[130.3805,33.6028],[130.3822,33.5968],[130.3781,33.5969],[130.3802,33.5939],[130.3834,33.596],[130.3852,33.594],[130.3872,33.5947],[130.3871,33.5974],[130.3882,33.5953],[130.3924,33.5971],[130.3907,33.6001],[130.3871,33.5987],[130.3837,33.5999],[130.3873,33.6015],[130.3839,33.6074],[130.3892,33.6096],[130.3937,33.6023],[130.3961,33.6015],[130.3931,33.6003],[130.3941,33.5987],[130.3987,33.6005],[130.3958,33.6051],[130.399,33.6048],[130.399,33.6033],[130.4013,33.605],[130.3952,33.6101],[130.398,33.6129],[130.405,33.6081],[130.4072,33.6107],[130.399,33.6151],[130.4004,33.6184],[130.4138,33.618],[130.4142,33.6207],[130.4123,33.6189],[130.4024,33.6234],[130.4045,33.6289],[130.4074,33.6296],[130.4088,33.6329],[130.4034,33.6344],[130.4065,33.6423],[130.4143,33.6382],[130.4155,33.6411],[130.4105,33.6437],[130.4199,33.6411],[130.4211,33.6467],[130.4173,33.6489],[130.4128,33.6479],[130.4054,33.6499],[130.404,33.6521],[130.4248,33.6607],[130.432,33.6589],[130.4341,33.6626],[130.4244,33.675],[130.4315,33.6793],[130.4312,33.6844],[130.4286,33.6873],[130.4066,33.6834],[130.4021,33.6805],[130.4039,33.6763],[130.4069,33.6769],[130.3931,33.6699],[130.3687,33.6653],[130.3614,33.6603],[130.3581,33.652],[130.3602,33.6449],[130.3559,33.6434],[130.3391,33.6518],[130.3336,33.6499],[130.3266,33.6579],[130.3129,33.6623],[130.3083,33.6597],[130.3001,33.6601],[130.2953,33.6631],[130.29,33.6699],[130.2884,33.6765],[130.2855,33.6786],[130.2892,33.6864],[130.2969,33.6891],[130.303,33.6874],[130.3128,33.6699],[130.3146,33.6629],[130.3216,33.6603],[130.3371,33.6603],[130.3481,33.6632],[130.3718,33.6714],[130.3954,33.685],[130.4058,33.6935],[130.4062,33.6957],[130.4095,33.6967],[130.4158,33.7049],[130.4202,33.7185],[130.4285,33.7153],[130.4463,33.725],[130.4561,33.7349],[130.4663,33.7532],[130.47,33.7739],[130.4671,33.7833],[130.4608,33.788],[130.4571,33.7863],[130.4576,33.7911],[130.4555,33.7877],[130.4496,33.7849],[130.4446,33.7945],[130.4494,33.799],[130.4495,33.8038],[130.4434,33.8146],[130.4472,33.8169],[130.4522,33.8107],[130.4628,33.8107],[130.4723,33.8183],[130.4798,33.8365],[130.4813,33.8469],[130.4765,33.8578],[130.484,33.8516],[130.4968,33.8521],[130.5164,33.8601],[130.5261,33.8705],[130.529,33.8827],[130.5236,33.8895],[130.5371,33.8874],[130.5637,33.8907],[130.5645,33.8855],[130.5687,33.88],[130.5863,33.8779],[130.6218,33.8819],[130.6348,33.8854],[130.6523,33.8933],[130.6533,33.8977],[130.6554,33.897],[130.6599,33.8996],[130.6645,33.8957],[130.6662,33.8972],[130.6617,33.9019],[130.6612,33.9063],[130.6565,33.9093],[130.6597,33.9101],[130.6588,33.9091],[130.6608,33.9075],[130.6635,33.9111],[130.6614,33.9163],[130.6665,33.915],[130.6673,33.9187],[130.6724,33.9187]]],[[[130.8216,33.9303],[130.8138,33.9342],[130.8115,33.9313],[130.7817,33.935],[130.7814,33.938],[130.7777,33.9387],[130.778,33.9458],[130.799,33.946],[130.8079,33.9493],[130.8092,33.9469],[130.8113,33.9477],[130.8137,33.9433],[130.8316,33.9498],[130.8446,33.9393],[130.8216,33.9303]]],[[[130.4262,33.8871],[130.4096,33.8928],[130.4055,33.8973],[130.4077,33.9047],[130.4058,33.9079],[130.4071,33.9111],[130.4176,33.9123],[130.4279,33.9093],[130.4313,33.9148],[130.4452,33.9147],[130.4467,33.9112],[130.4427,33.9077],[130.4423,33.9045],[130.4366,33.9029],[130.437,33.8979],[130.4343,33.8993],[130.4296,33.8879],[130.4262,33.8871]]],[[[130.501,33.8953],[130.4955,33.8983],[130.4944,33.9045],[130.4911,33.9053],[130.4858,33.9107],[130.4882,33.9131],[130.4944,33.9124],[130.5076,33.8965],[130.501,33.8953]]],[[[130.0356,33.8619],[130.0325,33.8649],[130.0345,33.8743],[130.0371,33.8631],[130.0356,33.8619]]],[[[130.4688,33.8595],[130.4678,33.8642],[130.4714,33.8642],[130.4727,33.8596],[130.4688,33.8595]]],[[[131.0321,33.8196],[131.0246,33.8563],[131.0343,33.8577],[131.0415,33.821],[131.0321,33.8196]]],[[[131.0094,33.7899],[131.0069,33.7902],[131.0086,33.7928],[131.0132,33.794],[131.0094,33.7899]]],[[[130.3634,33.7549],[130.3585,33.7601],[130.3612,33.7667],[130.3718,33.7648],[130.3801,33.7588],[130.366,33.7607],[130.3634,33.7549]]],[[[130.2337,33.6826],[130.2237,33.6905],[130.2257,33.6944],[130.2349,33.6925],[130.2367,33.6837],[130.2337,33.6826]]],[[[130.4051,33.6578],[130.4023,33.6626],[130.406,33.6642],[130.4039,33.6684],[130.416,33.6751],[130.4213,33.6752],[130.4252,33.6715],[130.4282,33.6649],[130.4267,33.6622],[130.4175,33.6582],[130.4141,33.6614],[130.4051,33.6578]]],[[[130.3018,33.607],[130.2974,33.6083],[130.2941,33.6155],[130.2975,33.6224],[130.2972,33.6341],[130.3003,33.6382],[130.3056,33.6361],[130.3112,33.6248],[130.3129,33.6161],[130.3074,33.6095],[130.3018,33.607]]],[[[130.0503,33.5647],[130.0431,33.5697],[130.0461,33.5758],[130.0536,33.5733],[130.0503,33.5647]]]]}},{"type":"Feature","properties":{"name":"岐阜県","id":21},"geometry":{"type":"MultiPolygon","coordinates":[[[[137.0582,36.3721],[137.0787,36.3845],[137.0946,36.3841],[137.0943,36.3934],[137.0919,36.3969],[137.1018,36.3995],[137.1087,36.4083],[137.1111,36.4152],[137.1183,36.4185],[137.1218,36.4173],[137.1335,36.4349],[137.1433,36.4392],[137.1428,36.4441],[137.1548,36.4494],[137.1607,36.4567],[137.1695,36.4552],[137.1754,36.4504],[137.1781,36.4534],[137.1822,36.4526],[137.1915,36.4553],[137.1939,36.4473],[137.198,36.4453],[137.2051,36.4343],[137.2065,36.4279],[137.2092,36.4317],[137.2135,36.4307],[137.214,36.4391],[137.2193,36.4394],[137.2237,36.4442],[137.2323,36.4452],[137.2468,36.4618],[137.2567,36.4517],[137.2669,36.4602],[137.2789,36.4651],[137.2992,36.4587],[137.3025,36.4621],[137.3085,36.4639],[137.317,36.4596],[137.3165,36.4505],[137.3133,36.4484],[137.3127,36.4417],[137.305,36.4356],[137.3135,36.4251],[137.32,36.4253],[137.3391,36.4337],[137.3515,36.4339],[137.3587,36.4375],[137.3582,36.4451],[137.3626,36.4503],[137.3718,36.4536],[137.3778,36.4529],[137.3902,36.4597],[137.3949,36.4548],[137.3962,36.4359],[137.4058,36.4263],[137.4177,36.4251],[137.428,36.4205],[137.4348,36.4208],[137.4456,36.4135],[137.4497,36.4165],[137.461,36.4125],[137.47,36.4192],[137.4748,36.4254],[137.4912,36.4236],[137.4968,36.4262],[137.5116,36.4233],[137.5172,36.4094],[137.5318,36.401],[137.5398,36.3926],[137.5606,36.3881],[137.5717,36.3899],[137.5748,36.393],[137.5873,36.3899],[137.5883,36.3715],[137.6182,36.3651],[137.6359,36.3425],[137.6455,36.3414],[137.6474,36.33],[137.6506,36.3269],[137.6491,36.3082],[137.6528,36.3045],[137.6467,36.2961],[137.6467,36.2889],[137.6314,36.2803],[137.6218,36.2687],[137.6147,36.2649],[137.6107,36.2564],[137.6065,36.2532],[137.6057,36.2489],[137.5964,36.2431],[137.5895,36.2294],[137.5868,36.227],[137.5833,36.2272],[137.5833,36.2209],[137.5738,36.2201],[137.5752,36.2131],[137.5739,36.2097],[137.5808,36.1953],[137.5949,36.191],[137.5909,36.1841],[137.5947,36.1719],[137.5896,36.1635],[137.5676,36.1536],[137.5667,36.1469],[137.5546,36.1403],[137.5544,36.1371],[137.56,36.1294],[137.5557,36.1175],[137.5513,36.1156],[137.551,36.1098],[137.568,36.0959],[137.5742,36.0873],[137.5835,36.0845],[137.5947,36.0789],[137.5975,36.0757],[137.6118,36.0777],[137.6137,36.0762],[137.6109,36.0699],[137.6138,36.0614],[137.6066,36.0547],[137.6042,36.0483],[137.5976,36.0421],[137.5993,36.0259],[137.5946,36.0134],[137.5881,36.0056],[137.5756,35.9965],[137.569,35.9957],[137.5594,35.9893],[137.5431,35.9825],[137.5443,35.974],[137.5418,35.9679],[137.5322,35.9613],[137.524,35.9436],[137.5176,35.94],[137.5054,35.9406],[137.5009,35.9361],[137.4968,35.9282],[137.483,35.9139],[137.4839,35.9094],[137.481,35.9051],[137.4804,35.8982],[137.4761,35.894],[137.4581,35.8895],[137.4466,35.8942],[137.4391,35.9],[137.4364,35.9051],[137.4321,35.9051],[137.4173,35.9037],[137.4037,35.8979],[137.3802,35.8919],[137.3646,35.8782],[137.3679,35.8739],[137.3671,35.8615],[137.3623,35.8489],[137.3554,35.8425],[137.3354,35.8439],[137.3311,35.8375],[137.3255,35.8157],[137.3256,35.8122],[137.3322,35.8081],[137.3376,35.7981],[137.3538,35.8013],[137.3602,35.796],[137.3672,35.7991],[137.3809,35.8013],[137.394,35.7971],[137.3965,35.7854],[137.391,35.7801],[137.3984,35.7758],[137.4136,35.7767],[137.4341,35.7706],[137.4352,35.7655],[137.4402,35.7585],[137.45,35.7595],[137.4525,35.7633],[137.4589,35.7613],[137.4645,35.7553],[137.4673,35.7462],[137.4662,35.7426],[137.4805,35.7263],[137.4855,35.7235],[137.4874,35.7165],[137.4853,35.7079],[137.4935,35.6993],[137.4968,35.6985],[137.4982,35.6873],[137.5091,35.6825],[137.5149,35.6775],[137.5209,35.6763],[137.5249,35.6713],[137.5351,35.6648],[137.545,35.6499],[137.5394,35.6468],[137.5396,35.6404],[137.5261,35.6336],[137.5268,35.6283],[137.5212,35.6193],[137.5188,35.6194],[137.5162,35.6161],[137.5145,35.6071],[137.5215,35.5992],[137.5318,35.5919],[137.5313,35.5881],[137.5368,35.5865],[137.5375,35.5844],[137.5524,35.5869],[137.571,35.5835],[137.5648,35.5659],[137.5719,35.5612],[137.5715,35.5535],[137.5745,35.5444],[137.5818,35.5387],[137.6012,35.5316],[137.6079,35.5332],[137.6173,35.5263],[137.6274,35.5119],[137.6317,35.5091],[137.6274,35.5013],[137.6243,35.4998],[137.6314,35.4699],[137.6276,35.4677],[137.618,35.4677],[137.5933,35.4467],[137.6014,35.4393],[137.6087,35.4371],[137.6175,35.4265],[137.6164,35.422],[137.6218,35.4118],[137.6318,35.4104],[137.6317,35.406],[137.6348,35.4017],[137.6335,35.3991],[137.6127,35.3917],[137.5943,35.3947],[137.5902,35.3937],[137.575,35.4],[137.5784,35.3901],[137.5864,35.3886],[137.5983,35.3781],[137.5988,35.3647],[137.6019,35.3578],[137.6002,35.3506],[137.6036,35.3345],[137.6009,35.3308],[137.5904,35.33],[137.5817,35.3184],[137.5749,35.3169],[137.5714,35.3183],[137.5672,35.3143],[137.568,35.3131],[137.5642,35.3132],[137.5643,35.3107],[137.5569,35.3101],[137.5585,35.3003],[137.5566,35.2952],[137.5618,35.2893],[137.5615,35.2839],[137.5533,35.2839],[137.5448,35.2812],[137.534,35.2815],[137.526,35.2843],[137.5196,35.2831],[137.5207,35.2739],[137.5145,35.2735],[137.5135,35.2703],[137.5072,35.2665],[137.5054,35.2634],[137.4968,35.2642],[137.4968,35.2592],[137.4835,35.2569],[137.476,35.2532],[137.4699,35.2459],[137.4666,35.2465],[137.4601,35.24],[137.4542,35.2405],[137.4503,35.2351],[137.4422,35.2337],[137.4365,35.2258],[137.4297,35.2228],[137.417,35.2402],[137.4089,35.2349],[137.4007,35.2416],[137.3892,35.24],[137.3829,35.2467],[137.3859,35.2532],[137.3832,35.2601],[137.3784,35.2586],[137.3718,35.2631],[137.3691,35.2609],[137.3443,35.2578],[137.345,35.2614],[137.3424,35.2611],[137.3401,35.264],[137.3454,35.2694],[137.3452,35.2726],[137.3313,35.2775],[137.3078,35.2911],[137.283,35.2882],[137.2756,35.2905],[137.274,35.2879],[137.2626,35.2851],[137.2602,35.2801],[137.2607,35.2753],[137.2573,35.2727],[137.2468,35.2683],[137.2446,35.2689],[137.2421,35.2647],[137.2371,35.2653],[137.2224,35.2557],[137.2211,35.2595],[137.2134,35.2599],[137.2096,35.2583],[137.2071,35.2532],[137.2037,35.2552],[137.2007,35.2519],[137.1858,35.2532],[137.1731,35.2647],[137.1763,35.2677],[137.1761,35.2703],[137.1652,35.2825],[137.154,35.2798],[137.1504,35.2811],[137.1453,35.2799],[137.1315,35.2935],[137.1022,35.3016],[137.096,35.2907],[137.0925,35.2924],[137.0817,35.2921],[137.0799,35.3065],[137.0676,35.3085],[137.063,35.3185],[137.0722,35.3257],[137.0681,35.3351],[137.0603,35.3389],[137.05,35.3347],[137.0472,35.3365],[137.0459,35.3512],[137.049,35.358],[137.0474,35.365],[137.0299,35.3707],[137.0281,35.3756],[137.0177,35.3766],[137.015,35.3813],[137.0036,35.3811],[137.0002,35.3844],[136.9987,35.3905],[136.9913,35.3933],[136.9887,35.401],[136.9814,35.4015],[136.978,35.4041],[136.9857,35.4149],[136.9861,35.4199],[136.993,35.4243],[136.9911,35.4247],[136.963,35.4199],[136.9609,35.4145],[136.9622,35.4101],[136.9611,35.3993],[136.9342,35.3878],[136.9211,35.3791],[136.8905,35.3781],[136.8644,35.3723],[136.8338,35.3559],[136.7933,35.3633],[136.7941,35.3675],[136.7703,35.3687],[136.7593,35.3581],[136.7498,35.3365],[136.7252,35.2955],[136.7044,35.2755],[136.6904,35.2532],[136.6834,35.2485],[136.6777,35.241],[136.6831,35.2003],[136.6719,35.1878],[136.6718,35.1699],[136.6741,35.1568],[136.6711,35.1438],[136.6725,35.1347],[136.6694,35.1336],[136.656,35.1599],[136.6461,35.1658],[136.6444,35.1615],[136.6452,35.1446],[136.6318,35.1501],[136.6242,35.1466],[136.6161,35.1495],[136.606,35.1664],[136.602,35.1778],[136.5966,35.1776],[136.5915,35.1856],[136.5884,35.1845],[136.5881,35.1869],[136.5849,35.1886],[136.5828,35.1962],[136.5778,35.1967],[136.575,35.2019],[136.5606,35.2065],[136.5568,35.22],[136.5482,35.22],[136.547,35.2279],[136.5494,35.2337],[136.5441,35.2349],[136.5402,35.2391],[136.5412,35.2446],[136.5377,35.2466],[136.5337,35.2569],[136.5275,35.2575],[136.5154,35.2532],[136.5112,35.2407],[136.5078,35.2362],[136.5024,35.2347],[136.4952,35.2379],[136.4896,35.2359],[136.4828,35.2397],[136.4801,35.2349],[136.4738,35.2375],[136.4702,35.2329],[136.4663,35.2377],[136.462,35.2361],[136.4421,35.2171],[136.4358,35.2194],[136.4317,35.2291],[136.4149,35.2177],[136.4119,35.2184],[136.41,35.2219],[136.3924,35.2301],[136.3925,35.2334],[136.387,35.2347],[136.3781,35.2427],[136.3809,35.2484],[136.3849,35.2483],[136.3931,35.2532],[136.3965,35.2574],[136.3942,35.259],[136.3955,35.2787],[136.3908,35.2878],[136.3979,35.2974],[136.4023,35.3003],[136.4108,35.3138],[136.4127,35.3236],[136.4111,35.3278],[136.4206,35.3466],[136.4212,35.3531],[136.4166,35.3545],[136.4114,35.3521],[136.4095,35.3554],[136.4131,35.3623],[136.4134,35.3713],[136.4152,35.3735],[136.4248,35.3737],[136.4355,35.3785],[136.4441,35.3895],[136.4364,35.3968],[136.4296,35.3999],[136.4206,35.4114],[136.4115,35.4186],[136.4114,35.421],[136.4182,35.4271],[136.4152,35.4317],[136.4255,35.4477],[136.4197,35.4665],[136.4034,35.4694],[136.3934,35.4844],[136.3872,35.4879],[136.3876,35.4956],[136.3916,35.5032],[136.3997,35.5135],[136.4028,35.512],[136.4053,35.5135],[136.3998,35.5205],[136.4002,35.5299],[136.3849,35.5329],[136.3718,35.5597],[136.3633,35.559],[136.3563,35.5399],[136.3457,35.536],[136.3405,35.5373],[136.3377,35.5494],[136.3268,35.5499],[136.3254,35.5462],[136.3216,35.5443],[136.3178,35.5469],[136.3173,35.5601],[136.3215,35.5687],[136.3231,35.5865],[136.32,35.6013],[136.3153,35.6056],[136.3233,35.6163],[136.3154,35.6233],[136.3102,35.6233],[136.2989,35.618],[136.2887,35.6203],[136.2869,35.6261],[136.2789,35.6369],[136.2828,35.6433],[136.2759,35.6533],[136.2903,35.6671],[136.2886,35.6699],[136.2902,35.6725],[136.2986,35.6777],[136.2917,35.6851],[136.2916,35.6908],[136.2979,35.6929],[136.3105,35.7063],[136.3114,35.7119],[136.3236,35.7169],[136.3207,35.7235],[136.3245,35.7271],[136.3257,35.7327],[136.3245,35.743],[136.3189,35.7491],[136.3219,35.7659],[136.3283,35.7751],[136.3357,35.7761],[136.3362,35.7745],[136.3467,35.7769],[136.3567,35.7869],[136.3775,35.7952],[136.3889,35.7911],[136.3902,35.7881],[136.4002,35.789],[136.4049,35.7829],[136.4092,35.7805],[136.4156,35.7825],[136.4331,35.7747],[136.4427,35.7747],[136.4456,35.7731],[136.4586,35.7791],[136.4692,35.7731],[136.4854,35.776],[136.4864,35.7727],[136.4968,35.7641],[136.4968,35.7608],[136.5014,35.7532],[136.5057,35.7504],[136.5087,35.7576],[136.5134,35.7624],[136.5126,35.7731],[136.5233,35.7883],[136.5375,35.7811],[136.5461,35.7793],[136.5525,35.7807],[136.5709,35.7776],[136.5854,35.785],[136.5858,35.7915],[136.5897,35.7956],[136.5956,35.7958],[136.5996,35.7986],[136.6124,35.7888],[136.6218,35.7869],[136.6272,35.7916],[136.6263,35.797],[136.6327,35.7959],[136.6382,35.7985],[136.6449,35.8069],[136.6526,35.7967],[136.6544,35.7857],[136.66,35.7835],[136.6658,35.7852],[136.6722,35.7917],[136.6769,35.793],[136.6834,35.7896],[136.6911,35.7903],[136.6993,35.7943],[136.706,35.7919],[136.7102,35.7929],[136.7204,35.8005],[136.7233,35.8082],[136.7358,35.8051],[136.7414,35.8013],[136.7572,35.8097],[136.7645,35.8103],[136.7739,35.806],[136.775,35.7993],[136.7891,35.7995],[136.7943,35.808],[136.7982,35.8213],[136.7996,35.8365],[136.8026,35.8439],[136.816,35.8428],[136.8263,35.8465],[136.832,35.8581],[136.8259,35.8723],[136.8191,35.8819],[136.8225,35.8882],[136.8221,35.8962],[136.8116,35.9125],[136.8054,35.9132],[136.7992,35.9199],[136.7901,35.921],[136.7844,35.9244],[136.7846,35.929],[136.7933,35.9429],[136.7915,35.9467],[136.7763,35.9513],[136.7691,35.951],[136.7535,35.9563],[136.7495,35.9613],[136.7501,35.9669],[136.7531,35.9691],[136.7507,35.9904],[136.7264,35.9959],[136.729,36.0032],[136.7289,36.0097],[136.7339,36.0219],[136.7355,36.0402],[136.733,36.0493],[136.7403,36.0549],[136.7398,36.0571],[136.7638,36.0677],[136.7626,36.0753],[136.754,36.0864],[136.757,36.0999],[136.7648,36.1057],[136.7702,36.1164],[136.7721,36.1259],[136.7779,36.1305],[136.7796,36.1423],[136.7756,36.145],[136.7753,36.1502],[136.7716,36.1555],[136.7724,36.1581],[136.7657,36.1611],[136.7682,36.1643],[136.7869,36.1665],[136.7984,36.1728],[136.8022,36.1877],[136.8178,36.201],[136.822,36.2012],[136.8199,36.2084],[136.8314,36.2187],[136.8468,36.2445],[136.8515,36.2484],[136.8432,36.2599],[136.8343,36.2637],[136.8326,36.2661],[136.8145,36.2663],[136.8131,36.2713],[136.8056,36.2768],[136.8053,36.2848],[136.7951,36.2938],[136.7921,36.2991],[136.8,36.3052],[136.8252,36.3031],[136.8315,36.3065],[136.8306,36.3093],[136.842,36.3339],[136.8371,36.3475],[136.8442,36.3511],[136.8544,36.3475],[136.8564,36.3497],[136.8651,36.3498],[136.865,36.3566],[136.8713,36.3675],[136.8761,36.3594],[136.8734,36.3537],[136.8705,36.3535],[136.8703,36.3491],[136.8756,36.3501],[136.8749,36.3429],[136.8791,36.3448],[136.8828,36.3423],[136.8931,36.3484],[136.9072,36.361],[136.9341,36.3486],[136.9401,36.3491],[136.9467,36.3461],[136.952,36.3395],[136.9553,36.3383],[136.9646,36.3185],[136.9713,36.3149],[136.9721,36.3092],[136.9578,36.2791],[136.9684,36.2755],[136.9705,36.2778],[136.9751,36.2745],[136.9858,36.2825],[136.9865,36.2863],[137.0051,36.2881],[137.0112,36.2932],[137.0119,36.2987],[137.021,36.3095],[137.018,36.3132],[137.0203,36.3185],[137.0244,36.3169],[137.0363,36.3177],[137.0519,36.3302],[137.0517,36.3365],[137.0585,36.3427],[137.0488,36.3458],[137.0614,36.3672],[137.0584,36.369],[137.0582,36.3721]]]]}},{"type":"Feature","properties":{"name":"青森県","id":2},"geometry":{"type":"MultiPolygon","coordinates":[[[[140.9124,41.5525],[140.9098,41.5562],[140.9146,41.5551],[140.9124,41.5525]]],[[[140.7786,41.2108],[140.7852,41.2331],[140.7802,41.2532],[140.7837,41.2547],[140.7908,41.271],[140.7903,41.2747],[140.7949,41.2788],[140.7987,41.2927],[140.8011,41.2925],[140.7991,41.3006],[140.8065,41.3147],[140.7998,41.3231],[140.8074,41.3283],[140.8024,41.3284],[140.8055,41.3322],[140.8147,41.3365],[140.8192,41.3439],[140.8251,41.3691],[140.8269,41.3703],[140.8277,41.3854],[140.8337,41.4055],[140.839,41.4133],[140.8363,41.4158],[140.839,41.4205],[140.8464,41.4213],[140.8499,41.4241],[140.8559,41.4341],[140.8627,41.4335],[140.8658,41.4366],[140.8665,41.4462],[140.8718,41.4512],[140.8799,41.455],[140.8778,41.4572],[140.8854,41.4678],[140.8825,41.4687],[140.8907,41.4709],[140.8941,41.4759],[140.897,41.476],[140.9053,41.4921],[140.909,41.4951],[140.9072,41.4983],[140.9095,41.5032],[140.9071,41.5138],[140.8986,41.5235],[140.9044,41.5304],[140.9084,41.5305],[140.906,41.5339],[140.908,41.5337],[140.9128,41.547],[140.9218,41.542],[140.924,41.5361],[140.9408,41.5295],[140.9453,41.5241],[140.9515,41.5232],[140.9579,41.5163],[140.9598,41.5168],[140.9723,41.5009],[141.0032,41.4862],[141.0213,41.4839],[141.0682,41.4825],[141.0706,41.4797],[141.0863,41.4735],[141.095,41.4679],[141.1131,41.4636],[141.1116,41.4617],[141.116,41.4562],[141.1194,41.4557],[141.1218,41.4487],[141.137,41.4349],[141.1447,41.4323],[141.1569,41.418],[141.1692,41.4131],[141.1681,41.4116],[141.1742,41.4079],[141.1733,41.4065],[141.1782,41.4045],[141.1767,41.4023],[141.1931,41.3877],[141.2099,41.3776],[141.2468,41.362],[141.2659,41.3565],[141.2976,41.3513],[141.3056,41.3515],[141.329,41.3552],[141.3718,41.3703],[141.3979,41.3809],[141.4347,41.4074],[141.4339,41.4099],[141.4359,41.4091],[141.4614,41.4317],[141.4643,41.4301],[141.4643,41.4258],[141.469,41.4195],[141.4643,41.4183],[141.4609,41.4139],[141.4637,41.4024],[141.4578,41.4029],[141.4533,41.3968],[141.4598,41.3905],[141.459,41.3791],[141.4555,41.3782],[141.4565,41.3763],[141.4517,41.3743],[141.4479,41.3683],[141.436,41.3365],[141.4096,41.2532],[141.3904,41.1699],[141.3922,41.134],[141.3942,41.1322],[141.3964,41.1331],[141.3949,41.1311],[141.3934,41.1039],[141.3948,41.1001],[141.3989,41.1011],[141.3921,41.0758],[141.3858,41.0032],[141.3857,40.9715],[141.3899,40.9703],[141.39,40.9688],[141.3863,40.9697],[141.3874,40.9423],[141.3912,40.9295],[141.389,40.9288],[141.3866,40.9307],[141.3875,40.9249],[141.3909,40.9248],[141.3936,40.8872],[141.4007,40.8365],[141.4158,40.7532],[141.4308,40.6883],[141.4366,40.6785],[141.439,40.6787],[141.4375,40.6777],[141.4387,40.6709],[141.4479,40.6421],[141.4712,40.5893],[141.4751,40.586],[141.4733,40.5849],[141.4825,40.5701],[141.4893,40.5717],[141.4926,40.5652],[141.4855,40.5615],[141.4877,40.5573],[141.4932,40.5595],[141.5005,40.5574],[141.5017,40.5558],[141.4972,40.5539],[141.5018,40.5471],[141.5079,40.5497],[141.5104,40.5464],[141.5029,40.5433],[141.5034,40.5409],[141.5109,40.5429],[141.5242,40.5327],[141.5242,40.5306],[141.5348,40.532],[141.5292,40.5313],[141.5276,40.5293],[141.5349,40.5277],[141.5361,40.5309],[141.5373,40.5277],[141.5441,40.5282],[141.5435,40.5315],[141.5494,40.5304],[141.5522,40.5341],[141.5509,40.5299],[141.5523,40.5295],[141.5564,40.5365],[141.5589,40.5373],[141.5573,40.5379],[141.5583,40.5403],[141.5592,40.5386],[141.5651,40.5412],[141.5647,40.5429],[141.5755,40.5433],[141.5827,40.5383],[141.5819,40.5345],[141.5848,40.5272],[141.5921,40.5197],[141.5987,40.5203],[141.5994,40.5181],[141.6021,40.5181],[141.6112,40.5123],[141.6112,40.5077],[141.6165,40.5047],[141.6171,40.5065],[141.6218,40.5061],[141.6218,40.5],[141.6315,40.4948],[141.6308,40.4925],[141.6351,40.4839],[141.6447,40.4775],[141.6489,40.4717],[141.659,40.4667],[141.6734,40.4548],[141.6825,40.4531],[141.6831,40.4509],[141.6782,40.45],[141.6708,40.4393],[141.6547,40.4289],[141.6477,40.4287],[141.6329,40.4215],[141.6148,40.4199],[141.6137,40.4167],[141.5981,40.4137],[141.591,40.4079],[141.587,40.4075],[141.5817,40.3929],[141.5842,40.3911],[141.5833,40.3857],[141.587,40.3813],[141.5819,40.3745],[141.5732,40.3702],[141.5725,40.3675],[141.5646,40.3621],[141.557,40.3617],[141.5451,40.3514],[141.5374,40.3478],[141.5333,40.3514],[141.5188,40.3523],[141.5082,40.3625],[141.505,40.3641],[141.4995,40.3626],[141.4968,40.3679],[141.4809,40.3765],[141.4687,40.3774],[141.4556,40.3739],[141.4434,40.3763],[141.4357,40.3745],[141.4255,40.3614],[141.4214,40.3642],[141.4083,40.3579],[141.4023,40.3662],[141.3976,40.3677],[141.3935,40.3613],[141.3896,40.3595],[141.3902,40.3551],[141.3771,40.3393],[141.3746,40.3435],[141.3711,40.34],[141.3514,40.3315],[141.3513,40.3344],[141.3466,40.3365],[141.3488,40.339],[141.3351,40.3455],[141.3366,40.3607],[141.3259,40.3659],[141.3251,40.3697],[141.3174,40.3733],[141.3107,40.3673],[141.2941,40.3639],[141.2962,40.3621],[141.2933,40.3593],[141.2927,40.3523],[141.278,40.3447],[141.2654,40.3504],[141.2613,40.3486],[141.261,40.343],[141.2503,40.3418],[141.2329,40.329],[141.227,40.3286],[141.2191,40.3167],[141.2146,40.3148],[141.2002,40.3093],[141.189,40.3078],[141.1743,40.3103],[141.1482,40.3007],[141.1393,40.3011],[141.1355,40.2963],[141.1218,40.2909],[141.1066,40.2819],[141.1009,40.2815],[141.1095,40.2611],[141.1046,40.2567],[141.0906,40.2527],[141.0771,40.2529],[141.0594,40.2383],[141.0426,40.2373],[141.0273,40.227],[141.0263,40.2221],[141.016,40.219],[141.0061,40.2185],[141.0034,40.2205],[140.9968,40.2197],[140.9919,40.2231],[140.9805,40.2201],[140.9765,40.2259],[140.9693,40.2278],[140.9675,40.2381],[140.9573,40.2438],[140.9546,40.2505],[140.9468,40.2578],[140.957,40.2847],[140.953,40.2876],[140.9453,40.2885],[140.9443,40.2968],[140.9563,40.3039],[140.9586,40.3187],[140.9576,40.3243],[140.9594,40.3255],[140.9618,40.3241],[140.9687,40.3376],[140.9624,40.3477],[140.9676,40.3513],[140.972,40.345],[140.9822,40.3446],[140.994,40.3515],[140.995,40.3537],[140.9911,40.3676],[140.9928,40.3675],[140.9958,40.3723],[140.9854,40.3885],[140.9877,40.3955],[140.986,40.4033],[140.9831,40.4052],[140.9829,40.4143],[140.9791,40.4162],[140.9849,40.4212],[140.9854,40.4275],[140.9733,40.4311],[140.9646,40.4279],[140.953,40.4271],[140.9398,40.4294],[140.9354,40.4232],[140.9271,40.4216],[140.9209,40.4275],[140.9104,40.4243],[140.9022,40.4257],[140.8925,40.4237],[140.8613,40.4405],[140.8797,40.5032],[140.8797,40.5115],[140.8537,40.5062],[140.8453,40.5079],[140.8425,40.5046],[140.8378,40.5044],[140.8275,40.4972],[140.8223,40.4969],[140.815,40.4895],[140.8118,40.4887],[140.8089,40.4657],[140.8042,40.4498],[140.7941,40.4501],[140.7885,40.4576],[140.7735,40.452],[140.7699,40.4545],[140.7634,40.4519],[140.7529,40.4397],[140.7446,40.4387],[140.7362,40.4404],[140.7333,40.4383],[140.7351,40.4349],[140.7317,40.4321],[140.7359,40.4285],[140.7359,40.4199],[140.7341,40.4166],[140.7244,40.4167],[140.7189,40.4212],[140.7177,40.4265],[140.7109,40.43],[140.7033,40.4277],[140.6998,40.4297],[140.6885,40.428],[140.6874,40.4187],[140.6759,40.4129],[140.6668,40.4121],[140.6628,40.4058],[140.6471,40.4039],[140.6418,40.4055],[140.6334,40.4038],[140.636,40.4101],[140.6307,40.4199],[140.6268,40.4215],[140.6262,40.4242],[140.6065,40.4263],[140.6032,40.4313],[140.5899,40.4367],[140.5887,40.4306],[140.5672,40.4266],[140.5623,40.4275],[140.555,40.4221],[140.5565,40.4161],[140.5696,40.4012],[140.5678,40.3995],[140.5596,40.3976],[140.5484,40.4039],[140.5415,40.4032],[140.5329,40.4115],[140.5249,40.4107],[140.5247,40.4199],[140.5293,40.4205],[140.5309,40.4269],[140.5282,40.4317],[140.5106,40.4291],[140.4968,40.4371],[140.4819,40.4426],[140.4845,40.447],[140.4804,40.4525],[140.4657,40.4559],[140.4485,40.454],[140.4406,40.4505],[140.4376,40.4634],[140.4337,40.4699],[140.4373,40.4793],[140.4288,40.4825],[140.4216,40.4819],[140.41,40.4761],[140.404,40.4756],[140.3984,40.4783],[140.3936,40.4857],[140.3884,40.4876],[140.3838,40.4849],[140.3781,40.4771],[140.363,40.479],[140.3482,40.468],[140.3482,40.4631],[140.3441,40.4623],[140.3439,40.4537],[140.341,40.4436],[140.3354,40.4399],[140.3187,40.4399],[140.3099,40.437],[140.3083,40.4413],[140.299,40.4467],[140.2815,40.4464],[140.2692,40.4419],[140.2508,40.4432],[140.2417,40.4381],[140.2216,40.4318],[140.2145,40.4348],[140.2105,40.4387],[140.1962,40.4351],[140.1858,40.4436],[140.1707,40.4391],[140.1657,40.4402],[140.1522,40.4354],[140.1474,40.4386],[140.1361,40.4399],[140.1174,40.4357],[140.1079,40.4364],[140.0977,40.4497],[140.0998,40.4535],[140.0885,40.4621],[140.0838,40.4628],[140.0794,40.4673],[140.0745,40.4652],[140.0685,40.4693],[140.053,40.4673],[140.0541,40.4654],[140.0491,40.4609],[140.0368,40.4621],[140.0205,40.4483],[140.0261,40.4399],[140.0225,40.4309],[140.0185,40.4281],[140.0197,40.4205],[140.0123,40.426],[140.0094,40.4261],[140.0041,40.4315],[139.9959,40.4352],[139.9887,40.4305],[139.9731,40.4272],[139.9598,40.4352],[139.9364,40.4287],[139.9392,40.4306],[139.9392,40.4462],[139.942,40.4519],[139.9489,40.4927],[139.9491,40.5066],[139.9463,40.5158],[139.9482,40.5179],[139.9417,40.5495],[139.9367,40.5571],[139.9297,40.5574],[139.9318,40.558],[139.9309,40.5592],[139.9337,40.5637],[139.9273,40.5774],[139.9176,40.5865],[139.9061,40.5865],[139.8986,40.5829],[139.8876,40.5843],[139.8718,40.5833],[139.866,40.5895],[139.8656,40.5941],[139.8616,40.5963],[139.8647,40.5963],[139.8605,40.6034],[139.8628,40.6091],[139.8606,40.614],[139.8628,40.6169],[139.8936,40.6332],[139.8924,40.6345],[139.9034,40.6465],[139.9111,40.6433],[139.9178,40.6451],[139.9285,40.643],[139.9294,40.6461],[139.9269,40.6466],[139.9294,40.6521],[139.9276,40.6544],[139.9361,40.6549],[139.9366,40.6631],[139.9388,40.6668],[139.9369,40.6719],[139.9416,40.6687],[139.9481,40.6699],[139.9634,40.6823],[139.9691,40.6965],[139.967,40.6987],[139.9758,40.7033],[139.978,40.7029],[139.9876,40.7151],[139.9849,40.7209],[139.9884,40.722],[139.994,40.7341],[140.0007,40.7393],[139.9981,40.7427],[139.9996,40.7452],[140.0046,40.744],[140.0199,40.7509],[140.0251,40.7505],[140.0369,40.7622],[140.0477,40.7658],[140.0522,40.7693],[140.0647,40.7677],[140.0741,40.7614],[140.0905,40.7567],[140.0889,40.7532],[140.0935,40.7492],[140.1121,40.7422],[140.1218,40.7426],[140.1447,40.7525],[140.1682,40.7695],[140.182,40.7751],[140.1947,40.7841],[140.1989,40.7838],[140.2043,40.7863],[140.2074,40.7815],[140.2095,40.7826],[140.2143,40.7794],[140.2201,40.7796],[140.232,40.7845],[140.251,40.802],[140.2725,40.8365],[140.2826,40.8587],[140.3022,40.9174],[140.3187,41.0004],[140.3235,41.0458],[140.3219,41.0865],[140.3194,41.0935],[140.3143,41.0961],[140.2979,41.1149],[140.2934,41.1156],[140.286,41.1215],[140.2585,41.1219],[140.2495,41.1243],[140.249,41.1344],[140.2563,41.1403],[140.2644,41.1365],[140.2777,41.1398],[140.2856,41.1367],[140.2853,41.139],[140.2872,41.1388],[140.2965,41.1316],[140.3006,41.131],[140.3113,41.1365],[140.3122,41.1414],[140.3105,41.1456],[140.32,41.1468],[140.3264,41.156],[140.3358,41.1917],[140.3316,41.1993],[140.3342,41.2097],[140.3295,41.2213],[140.3333,41.2391],[140.3404,41.2403],[140.3412,41.2429],[140.3424,41.2497],[140.3392,41.2555],[140.3395,41.2605],[140.3454,41.2611],[140.3601,41.2532],[140.3614,41.2509],[140.3736,41.2483],[140.3852,41.2401],[140.3875,41.2405],[140.3965,41.2351],[140.4034,41.2224],[140.4158,41.2163],[140.4246,41.2094],[140.4305,41.2021],[140.4307,41.198],[140.4491,41.1893],[140.4583,41.1887],[140.465,41.1827],[140.4812,41.184],[140.4968,41.1893],[140.5214,41.2081],[140.5216,41.2157],[140.5279,41.222],[140.5359,41.222],[140.5392,41.2185],[140.5496,41.2297],[140.5562,41.225],[140.5636,41.2265],[140.5705,41.2237],[140.5756,41.224],[140.5881,41.2179],[140.603,41.2155],[140.6161,41.1996],[140.631,41.1925],[140.6414,41.1809],[140.6429,41.1699],[140.6397,41.1585],[140.6399,41.152],[140.6341,41.1333],[140.6325,41.1037],[140.6352,41.0772],[140.64,41.0614],[140.6471,41.0467],[140.6458,41.0465],[140.647,41.0299],[140.6608,40.9489],[140.6703,40.9199],[140.677,40.8916],[140.6867,40.8691],[140.6975,40.8565],[140.6992,40.8569],[140.6988,40.8553],[140.71,40.8477],[140.7115,40.8489],[140.7144,40.8478],[140.7136,40.8457],[140.7221,40.8425],[140.7221,40.8393],[140.7339,40.8343],[140.7329,40.8317],[140.7384,40.8345],[140.7359,40.8308],[140.7509,40.8305],[140.7544,40.8323],[140.7556,40.8309],[140.7612,40.8355],[140.7754,40.8326],[140.7836,40.833],[140.7953,40.8365],[140.8098,40.845],[140.8152,40.8519],[140.8201,40.8539],[140.8228,40.8617],[140.8341,40.8661],[140.8345,40.8715],[140.8476,40.8753],[140.8503,40.8837],[140.859,40.8877],[140.8605,40.8923],[140.8594,40.8984],[140.8556,40.9034],[140.8662,40.9049],[140.87,40.9139],[140.8677,40.9199],[140.8651,40.9207],[140.8682,40.9239],[140.8674,40.9399],[140.8692,40.9429],[140.8718,40.9429],[140.8716,40.9457],[140.8626,40.9479],[140.8578,40.9445],[140.8388,40.952],[140.8383,40.9539],[140.8614,40.9575],[140.8643,40.963],[140.8599,40.9636],[140.8605,40.9719],[140.8732,40.9797],[140.8718,40.9835],[140.8645,40.985],[140.8726,40.9881],[140.8805,41.0032],[140.8802,41.0097],[140.8879,41.0107],[140.9045,41.0077],[140.9169,40.998],[140.9159,40.9967],[140.9188,40.9959],[140.9171,40.9957],[140.9236,40.9936],[140.9391,40.9956],[140.948,40.9933],[140.9504,40.9867],[140.9609,40.9752],[140.9837,40.9609],[140.9788,40.9503],[140.98,40.9453],[140.9818,40.9453],[140.9811,40.9427],[140.98,40.944],[140.9774,40.9419],[140.9787,40.9411],[140.9731,40.9413],[140.9707,40.9372],[140.9746,40.934],[140.9985,40.9369],[141.0064,40.933],[141.0208,40.9305],[141.0227,40.9263],[141.0419,40.9155],[141.0536,40.9175],[141.0643,40.9141],[141.077,40.8991],[141.0844,40.8867],[141.0948,40.8775],[141.1053,40.8729],[141.11,40.8741],[141.1134,40.871],[141.1126,40.8742],[141.1162,40.8719],[141.1218,40.8721],[141.1256,40.8749],[141.1287,40.8723],[141.1452,40.8781],[141.1631,40.8903],[141.1908,40.9199],[141.199,40.931],[141.2213,40.9719],[141.2327,41.0032],[141.242,41.0489],[141.2421,41.0806],[141.2468,41.088],[141.2468,41.1055],[141.2596,41.1265],[141.2668,41.129],[141.2722,41.1353],[141.2785,41.1551],[141.2765,41.1699],[141.2673,41.1924],[141.2468,41.2262],[141.223,41.2532],[141.2027,41.2691],[141.1878,41.2778],[141.1887,41.2798],[141.1812,41.2773],[141.1707,41.2807],[141.1696,41.2785],[141.1647,41.2801],[141.1582,41.2772],[141.1559,41.2711],[141.1415,41.2532],[141.1391,41.2477],[141.1339,41.2449],[141.1343,41.2407],[141.1425,41.241],[141.1574,41.2532],[141.1565,41.2629],[141.1584,41.2627],[141.159,41.2532],[141.1553,41.2453],[141.1442,41.2352],[141.1154,41.2149],[141.1025,41.2143],[141.0735,41.2001],[141.0563,41.1834],[141.0348,41.1855],[141.0171,41.1953],[141.0065,41.1984],[140.9898,41.1966],[140.9817,41.1998],[140.9706,41.1955],[140.9463,41.1746],[140.9395,41.1762],[140.9309,41.1743],[140.9218,41.1763],[140.9114,41.1753],[140.9051,41.1699],[140.8927,41.1642],[140.8812,41.1669],[140.8718,41.1663],[140.8523,41.1603],[140.8264,41.1464],[140.8123,41.1285],[140.8001,41.1293],[140.7935,41.1335],[140.785,41.1318],[140.7778,41.136],[140.7797,41.1384],[140.7741,41.1421],[140.7699,41.1412],[140.7667,41.1458],[140.7652,41.1454],[140.7691,41.1707],[140.7646,41.1935],[140.7684,41.2009],[140.7785,41.2077],[140.7786,41.2108]]],[[[140.8774,41.0118],[140.8718,41.0134],[140.8718,41.0177],[140.8774,41.0118]]]]}},{"type":"Feature","properties":{"name":"大阪府","id":27},"geometry":{"type":"MultiPolygon","coordinates":[[[[135.3708,35.0453],[135.3762,35.0428],[135.3802,35.0363],[135.3818,35.0309],[135.3779,35.0211],[135.3821,35.0101],[135.3892,35.0111],[135.3949,35.0091],[135.3972,35.0107],[135.4031,35.0067],[135.4099,35.0109],[135.4177,35.0032],[135.423,35.0023],[135.4361,35.0083],[135.4607,35.0005],[135.4723,34.9946],[135.482,34.9947],[135.4914,34.9893],[135.4928,34.9877],[135.4832,34.9814],[135.4901,34.9677],[135.4854,34.9645],[135.4866,34.9667],[135.4823,34.9651],[135.4809,34.9625],[135.4863,34.9564],[135.481,34.9495],[135.4885,34.9459],[135.49,34.9418],[135.4968,34.9407],[135.5047,34.9461],[135.5132,34.9439],[135.5169,34.9335],[135.5209,34.9328],[135.5248,34.9288],[135.5375,34.9249],[135.536,34.9199],[135.5418,34.9153],[135.5507,34.9179],[135.5537,34.916],[135.5625,34.9177],[135.5722,34.9165],[135.5807,34.9236],[135.58,34.937],[135.5712,34.9391],[135.5622,34.9335],[135.5653,34.9402],[135.5633,34.9422],[135.5577,34.933],[135.5568,34.9381],[135.5617,34.945],[135.5636,34.9536],[135.5783,34.9557],[135.577,34.9608],[135.5731,34.9609],[135.5707,34.9674],[135.5733,34.9717],[135.5831,34.9763],[135.5921,34.9667],[135.595,34.9695],[135.6129,34.9713],[135.6176,34.9575],[135.6163,34.9575],[135.6117,34.9421],[135.6053,34.9353],[135.6029,34.936],[135.5999,34.928],[135.616,34.9285],[135.6239,34.9353],[135.6277,34.934],[135.6307,34.9353],[135.6428,34.9298],[135.6503,34.9231],[135.6522,34.9168],[135.6479,34.9168],[135.6486,34.9094],[135.6539,34.9091],[135.6644,34.9031],[135.6667,34.9041],[135.6749,34.8987],[135.6757,34.8951],[135.6823,34.8878],[135.6796,34.8813],[135.683,34.8777],[135.6823,34.8721],[135.6908,34.8682],[135.6919,34.8613],[135.6943,34.8607],[135.6905,34.8561],[135.6955,34.8482],[135.7033,34.8515],[135.7098,34.8466],[135.7123,34.8403],[135.7245,34.823],[135.7308,34.8227],[135.7447,34.8043],[135.7454,34.7983],[135.739,34.7877],[135.7284,34.7779],[135.721,34.7744],[135.711,34.7813],[135.7067,34.7715],[135.709,34.7717],[135.7095,34.7532],[135.7065,34.7485],[135.7019,34.7505],[135.6984,34.7496],[135.6987,34.7461],[135.6965,34.7437],[135.7038,34.7239],[135.6837,34.7113],[135.6727,34.7017],[135.6726,34.6921],[135.6778,34.6793],[135.6714,34.6675],[135.6708,34.6616],[135.6651,34.6529],[135.6619,34.6354],[135.6631,34.6333],[135.6584,34.6147],[135.6503,34.6087],[135.6519,34.6041],[135.6592,34.6025],[135.6705,34.6035],[135.6753,34.6013],[135.677,34.5898],[135.6815,34.5849],[135.6762,34.5804],[135.6726,34.5799],[135.6711,34.5767],[135.6727,34.5707],[135.6577,34.563],[135.6545,34.5536],[135.6562,34.5522],[135.6505,34.5449],[135.6533,34.5413],[135.6581,34.5435],[135.6617,34.5303],[135.6691,34.5306],[135.6766,34.5246],[135.6767,34.5135],[135.673,34.5032],[135.678,34.4977],[135.6797,34.4903],[135.6842,34.4854],[135.682,34.4815],[135.6819,34.4648],[135.6827,34.4567],[135.6864,34.4509],[135.6798,34.4357],[135.672,34.4264],[135.6647,34.424],[135.6661,34.4191],[135.6709,34.4132],[135.6761,34.4137],[135.6799,34.4083],[135.6769,34.4063],[135.6754,34.3995],[135.6631,34.3965],[135.6549,34.3848],[135.6384,34.382],[135.6196,34.3844],[135.614,34.3771],[135.6039,34.3773],[135.5974,34.3804],[135.5941,34.3753],[135.5795,34.3764],[135.5705,34.3715],[135.567,34.3718],[135.5528,34.3593],[135.547,34.3565],[135.5407,34.3576],[135.5347,34.3525],[135.5287,34.3513],[135.5077,34.3365],[135.503,34.3365],[135.5031,34.3464],[135.4968,34.3525],[135.4908,34.3548],[135.485,34.3627],[135.4791,34.3582],[135.4775,34.3537],[135.4731,34.3532],[135.4661,34.3479],[135.4582,34.3473],[135.4527,34.3497],[135.4438,34.3476],[135.4339,34.3481],[135.4311,34.3473],[135.4261,34.3407],[135.4088,34.3419],[135.4064,34.3353],[135.3971,34.3305],[135.3889,34.3325],[135.3868,34.3297],[135.381,34.3289],[135.3688,34.3306],[135.3622,34.3291],[135.3593,34.3326],[135.3463,34.3309],[135.3423,34.3344],[135.3382,34.3351],[135.3388,34.331],[135.3353,34.3267],[135.328,34.3241],[135.33,34.3167],[135.3255,34.3191],[135.3111,34.3136],[135.3072,34.3143],[135.3035,34.3127],[135.3013,34.3041],[135.2931,34.2993],[135.2894,34.302],[135.2822,34.3178],[135.2707,34.3122],[135.2622,34.3126],[135.2573,34.3155],[135.2468,34.3131],[135.2353,34.3043],[135.2251,34.3009],[135.2076,34.3081],[135.2081,34.3041],[135.205,34.3005],[135.2048,34.2888],[135.1932,34.2869],[135.1844,34.2794],[135.1722,34.2802],[135.1602,34.2777],[135.1531,34.2742],[135.1545,34.2807],[135.148,34.2835],[135.1435,34.2808],[135.1401,34.2818],[135.1375,34.2745],[135.1325,34.2725],[135.126,34.2767],[135.1181,34.2735],[135.1137,34.2743],[135.1112,34.272],[135.1076,34.2778],[135.1086,34.2829],[135.0992,34.2884],[135.0993,34.2921],[135.0965,34.2959],[135.1026,34.3017],[135.1058,34.3079],[135.1031,34.3104],[135.0974,34.3079],[135.0931,34.3117],[135.0933,34.3146],[135.0972,34.3143],[135.101,34.3187],[135.1134,34.322],[135.1195,34.3221],[135.1218,34.3199],[135.1218,34.3242],[135.1303,34.326],[135.1328,34.323],[135.1299,34.3207],[135.1397,34.3176],[135.1472,34.3228],[135.1529,34.3311],[135.1612,34.3311],[135.175,34.3375],[135.1886,34.3365],[135.1908,34.3378],[135.1923,34.3361],[135.2015,34.3421],[135.2033,34.3409],[135.2052,34.3427],[135.2182,34.3449],[135.2289,34.3535],[135.2484,34.3767],[135.2542,34.376],[135.2519,34.3775],[135.2584,34.3814],[135.2627,34.3803],[135.2736,34.3913],[135.2865,34.4007],[135.2927,34.4069],[135.2943,34.4151],[135.302,34.4158],[135.3062,34.4195],[135.3093,34.4171],[135.3144,34.4221],[135.3163,34.4187],[135.3177,34.4199],[135.3167,34.4217],[135.3188,34.42],[135.3181,34.4221],[135.3213,34.4218],[135.3133,34.4265],[135.3174,34.4307],[135.3224,34.4279],[135.3204,34.4257],[135.3224,34.4243],[135.3279,34.4298],[135.3207,34.4329],[135.3246,34.4369],[135.3308,34.4327],[135.3375,34.4419],[135.3361,34.4443],[135.3432,34.4499],[135.3461,34.448],[135.3499,34.4518],[135.3517,34.4579],[135.3531,34.4571],[135.3515,34.4518],[135.3531,34.4508],[135.3609,34.4615],[135.354,34.463],[135.3628,34.4722],[135.3641,34.4706],[135.3622,34.4665],[135.3637,34.4658],[135.3656,34.4681],[135.37,34.4676],[135.3722,34.4715],[135.3678,34.4719],[135.3638,34.4776],[135.3661,34.4807],[135.3741,34.4762],[135.3735,34.4747],[135.376,34.4733],[135.377,34.4786],[135.3718,34.4813],[135.3725,34.4835],[135.376,34.4825],[135.3774,34.4865],[135.3703,34.4902],[135.3722,34.4939],[135.3709,34.5026],[135.3786,34.511],[135.3766,34.5124],[135.3755,34.5109],[135.3672,34.5171],[135.3783,34.532],[135.3714,34.5225],[135.3781,34.5192],[135.3765,34.5167],[135.3797,34.5152],[135.3821,34.5191],[135.3822,34.5255],[135.386,34.5175],[135.3818,34.5117],[135.3842,34.51],[135.3876,34.5144],[135.3895,34.5128],[135.3863,34.5084],[135.3901,34.5055],[135.3924,34.5076],[135.3904,34.5091],[135.3927,34.5122],[135.3967,34.5108],[135.3969,34.5092],[135.4005,34.5109],[135.3974,34.5142],[135.4021,34.5185],[135.4032,34.5174],[135.4014,34.5142],[135.4026,34.513],[135.4044,34.5162],[135.4056,34.515],[135.4038,34.5118],[135.4052,34.5104],[135.4098,34.5136],[135.4064,34.5169],[135.4103,34.523],[135.4186,34.5193],[135.4318,34.5322],[135.4421,34.5478],[135.4457,34.5569],[135.4313,34.5608],[135.4105,34.5608],[135.402,34.5999],[135.4157,34.5938],[135.4209,34.5696],[135.4295,34.5707],[135.4261,34.5897],[135.4342,34.5864],[135.435,34.5827],[135.4415,34.5829],[135.4447,34.5674],[135.4525,34.5649],[135.4534,34.5664],[135.4494,34.568],[135.4514,34.575],[135.4555,34.5758],[135.4567,34.5727],[135.4577,34.5757],[135.4518,34.5771],[135.4503,34.5837],[135.4589,34.5835],[135.4638,34.5813],[135.4664,34.5846],[135.4634,34.5846],[135.4643,34.5831],[135.4493,34.587],[135.4525,34.59],[135.4624,34.5873],[135.4606,34.5948],[135.4591,34.59],[135.4518,34.5919],[135.4377,34.5887],[135.4255,34.5934],[135.4235,34.605],[135.4454,34.5982],[135.4465,34.6019],[135.437,34.6048],[135.4371,34.6107],[135.4234,34.6108],[135.4234,34.619],[135.4261,34.6179],[135.4267,34.6131],[135.4329,34.6131],[135.4329,34.615],[135.4302,34.616],[135.4302,34.6176],[135.4317,34.6173],[135.4313,34.6218],[135.4413,34.6261],[135.4429,34.6181],[135.4472,34.6147],[135.4481,34.6307],[135.4534,34.6292],[135.4526,34.6349],[135.4483,34.6348],[135.4475,34.639],[135.4472,34.6412],[135.4497,34.642],[135.4478,34.6411],[135.4485,34.6355],[135.4508,34.6358],[135.4508,34.6453],[135.4501,34.6467],[135.4438,34.6446],[135.442,34.6454],[135.4456,34.6467],[135.4399,34.6462],[135.4353,34.648],[135.4389,34.6495],[135.4373,34.6507],[135.4332,34.6492],[135.4294,34.6509],[135.4261,34.65],[135.4255,34.6512],[135.4287,34.6521],[135.428,34.6548],[135.4235,34.6571],[135.4194,34.6532],[135.4204,34.6602],[135.418,34.6595],[135.4143,34.6516],[135.4165,34.6615],[135.4237,34.6635],[135.4263,34.6679],[135.4175,34.6635],[135.4177,34.6735],[135.4099,34.6708],[135.4082,34.6719],[135.4089,34.6745],[135.4193,34.6769],[135.4161,34.6842],[135.4239,34.6932],[135.4138,34.6867],[135.4028,34.6932],[135.4103,34.7006],[135.4242,34.7059],[135.4275,34.7097],[135.447,34.7197],[135.4452,34.7293],[135.4469,34.7333],[135.4561,34.7347],[135.4599,34.7332],[135.4593,34.7514],[135.457,34.7511],[135.4558,34.7532],[135.4562,34.7598],[135.4511,34.7584],[135.4492,34.7674],[135.4444,34.7684],[135.4453,34.7748],[135.4414,34.7909],[135.4387,34.7918],[135.4292,34.8025],[135.4234,34.8019],[135.4157,34.8195],[135.4215,34.8263],[135.4239,34.8365],[135.4167,34.8521],[135.4203,34.8515],[135.4299,34.8555],[135.4446,34.8985],[135.4306,34.8923],[135.4317,34.8953],[135.4268,34.9061],[135.4202,34.9066],[135.4182,34.9088],[135.438,34.9199],[135.4598,34.9182],[135.4651,34.9199],[135.4668,34.9287],[135.4614,34.9266],[135.4517,34.9309],[135.4417,34.9393],[135.4393,34.9375],[135.4182,34.9339],[135.4171,34.9411],[135.4121,34.9401],[135.4092,34.9411],[135.4116,34.9422],[135.4108,34.9432],[135.3964,34.9442],[135.3923,34.9414],[135.3872,34.9469],[135.3854,34.9537],[135.3827,34.9554],[135.3763,34.9558],[135.3718,34.9537],[135.3649,34.956],[135.3601,34.9545],[135.3548,34.9616],[135.3456,34.9653],[135.3498,34.9798],[135.359,34.9823],[135.3533,34.9881],[135.3523,35.0032],[135.354,35.0078],[135.3542,35.0241],[135.3491,35.0265],[135.3394,35.0259],[135.3337,35.0345],[135.3304,35.0345],[135.3376,35.0436],[135.3478,35.0455],[135.349,35.0509],[135.3577,35.0501],[135.3662,35.0445],[135.3708,35.0453]]],[[[135.4097,34.659],[135.3867,34.6627],[135.3879,34.6677],[135.4025,34.6733],[135.4093,34.6688],[135.4109,34.6656],[135.4097,34.659]]],[[[135.3921,34.6423],[135.3789,34.6431],[135.3729,34.652],[135.3794,34.6601],[135.3996,34.6569],[135.4045,34.6537],[135.3943,34.6456],[135.392,34.6469],[135.3921,34.6423]]],[[[135.4222,34.6219],[135.4206,34.6258],[135.4103,34.6259],[135.4074,34.6295],[135.4148,34.6348],[135.4122,34.6371],[135.4044,34.6314],[135.3986,34.6313],[135.3985,34.6382],[135.4162,34.6447],[135.4241,34.6426],[135.4324,34.644],[135.4393,34.6412],[135.4418,34.6283],[135.4222,34.6219]]],[[[135.4175,34.6108],[135.417,34.6121],[135.4027,34.6121],[135.3993,34.6207],[135.4184,34.6196],[135.4203,34.613],[135.4175,34.6108]]],[[[135.4263,34.5471],[135.4306,34.5537],[135.4349,34.5527],[135.4368,34.5555],[135.4407,34.5544],[135.4408,34.5496],[135.4308,34.5342],[135.4211,34.5246],[135.4177,34.5242],[135.4048,34.53],[135.4072,34.535],[135.4044,34.5361],[135.401,34.5341],[135.3991,34.5364],[135.4093,34.5544],[135.4158,34.55],[135.4113,34.542],[135.4201,34.538],[135.4263,34.5471]]],[[[135.3937,34.5314],[135.3963,34.5327],[135.4027,34.5256],[135.3998,34.5189],[135.3938,34.5185],[135.3966,34.5215],[135.3953,34.5226],[135.3921,34.5203],[135.3907,34.5217],[135.3939,34.5239],[135.3928,34.5251],[135.3896,34.5229],[135.3883,34.524],[135.3937,34.5314]]],[[[135.3341,34.4457],[135.3279,34.45],[135.3401,34.4664],[135.3469,34.4587],[135.3455,34.4545],[135.3341,34.4457]]],[[[135.2294,34.446],[135.2414,34.4553],[135.2452,34.4515],[135.2501,34.4514],[135.2499,34.4486],[135.2521,34.4468],[135.232,34.4331],[135.2331,34.4319],[135.2512,34.4441],[135.2592,34.4433],[135.2646,34.4377],[135.227,34.4132],[135.2184,34.4221],[135.23,34.4298],[135.2288,34.4309],[135.2258,34.4293],[135.2217,34.4334],[135.2058,34.4234],[135.2013,34.4283],[135.2294,34.446]]]]}},{"type":"Feature","properties":{"name":"長野県","id":20},"geometry":{"type":"MultiPolygon","coordinates":[[[[138.5246,37.0305],[138.5304,37.0243],[138.5394,37.0209],[138.5542,37.0232],[138.5658,37.0214],[138.5777,36.9948],[138.5864,36.9874],[138.587,36.9705],[138.5837,36.9307],[138.5839,36.9283],[138.5917,36.925],[138.5895,36.9141],[138.5971,36.9071],[138.6142,36.9079],[138.6205,36.9034],[138.6178,36.8954],[138.6198,36.8898],[138.6267,36.8822],[138.6358,36.8834],[138.6358,36.8803],[138.641,36.8787],[138.6428,36.8757],[138.6518,36.8737],[138.6569,36.8687],[138.6784,36.8667],[138.687,36.8621],[138.6909,36.8572],[138.6934,36.8523],[138.6902,36.8461],[138.6903,36.8365],[138.6885,36.8313],[138.6802,36.8222],[138.6871,36.8175],[138.6956,36.8075],[138.6883,36.7963],[138.6884,36.7927],[138.6823,36.7877],[138.6708,36.7825],[138.6692,36.7763],[138.6723,36.7707],[138.6827,36.766],[138.6879,36.7659],[138.6957,36.7386],[138.6746,36.7311],[138.6468,36.7261],[138.6299,36.7197],[138.6218,36.7204],[138.6152,36.7105],[138.6098,36.7065],[138.5991,36.7145],[138.5955,36.7147],[138.5829,36.7015],[138.5738,36.7074],[138.5434,36.7039],[138.536,36.6972],[138.5295,36.6971],[138.514,36.6903],[138.5198,36.6889],[138.5188,36.6757],[138.5255,36.6699],[138.5344,36.6664],[138.5252,36.6515],[138.4879,36.6417],[138.4809,36.6453],[138.4728,36.6435],[138.4655,36.637],[138.458,36.6333],[138.4599,36.6275],[138.4534,36.6133],[138.448,36.6107],[138.4415,36.6107],[138.4401,36.5997],[138.4338,36.5997],[138.4274,36.5961],[138.4265,36.5865],[138.4203,36.5771],[138.421,36.5735],[138.4282,36.5689],[138.427,36.5594],[138.4285,36.5556],[138.4173,36.5431],[138.4124,36.5415],[138.4135,36.5341],[138.4107,36.5267],[138.4039,36.5209],[138.4051,36.5059],[138.3972,36.4887],[138.4005,36.4803],[138.4005,36.4718],[138.4028,36.4648],[138.4001,36.4613],[138.3997,36.4551],[138.3997,36.4523],[138.4034,36.4521],[138.4009,36.4347],[138.4172,36.4306],[138.4457,36.4199],[138.4571,36.4199],[138.4603,36.4046],[138.4898,36.4016],[138.4892,36.4095],[138.4936,36.4137],[138.5042,36.4149],[138.5197,36.4069],[138.5334,36.4023],[138.5414,36.4038],[138.5556,36.4181],[138.5851,36.4221],[138.5879,36.4207],[138.5922,36.4245],[138.6124,36.4228],[138.6218,36.4164],[138.6345,36.4177],[138.6481,36.4083],[138.6516,36.3939],[138.6515,36.3731],[138.6571,36.3687],[138.652,36.3601],[138.6537,36.3571],[138.6499,36.3519],[138.6519,36.3225],[138.6481,36.3141],[138.6535,36.3031],[138.6439,36.2934],[138.6122,36.2853],[138.6088,36.281],[138.6004,36.2785],[138.6051,36.2657],[138.6031,36.2479],[138.6125,36.2409],[138.6125,36.2291],[138.6218,36.215],[138.6324,36.2168],[138.6369,36.2044],[138.6347,36.2056],[138.6228,36.197],[138.637,36.1745],[138.6352,36.171],[138.6218,36.1713],[138.6114,36.1676],[138.6084,36.1639],[138.6093,36.1614],[138.5921,36.1677],[138.5896,36.1699],[138.5897,36.1785],[138.5862,36.1771],[138.5825,36.1785],[138.5773,36.1681],[138.5808,36.165],[138.581,36.1619],[138.5875,36.1605],[138.598,36.1381],[138.6218,36.1318],[138.6346,36.1336],[138.6383,36.1239],[138.6452,36.1198],[138.6406,36.1168],[138.6463,36.1087],[138.645,36.0989],[138.6378,36.0969],[138.6306,36.0913],[138.6304,36.0865],[138.6339,36.0799],[138.6405,36.0736],[138.6438,36.0507],[138.6314,36.0283],[138.6454,36.0231],[138.6471,36.0199],[138.6614,36.0163],[138.6624,36.0115],[138.6808,36.0107],[138.681,36.0043],[138.6868,35.9983],[138.6886,35.9918],[138.7127,35.9853],[138.7123,35.9697],[138.7281,35.9547],[138.7324,35.9445],[138.7387,35.9384],[138.7371,35.9269],[138.7326,35.9199],[138.7283,35.9175],[138.7299,35.9139],[138.7288,35.9093],[138.7076,35.9094],[138.6957,35.8992],[138.6933,35.8995],[138.6905,35.8955],[138.6854,35.8933],[138.6761,35.8699],[138.656,35.8759],[138.6484,35.8734],[138.6418,35.8741],[138.6341,35.8702],[138.6279,35.8733],[138.6218,35.8703],[138.6105,35.8742],[138.6066,35.8806],[138.606,35.8948],[138.6117,35.9094],[138.6055,35.9087],[138.5906,35.9196],[138.5878,35.9178],[138.5828,35.9181],[138.5762,35.9115],[138.5631,35.917],[138.5563,35.9164],[138.5557,35.9191],[138.543,35.9149],[138.529,35.9147],[138.5093,35.922],[138.5016,35.9119],[138.4947,35.9116],[138.4945,35.9021],[138.4901,35.8964],[138.4819,35.8987],[138.4711,35.8967],[138.4591,35.9037],[138.4544,35.9003],[138.4447,35.9183],[138.4484,35.9301],[138.4541,35.9391],[138.4485,35.9461],[138.4403,35.9523],[138.4196,35.9599],[138.4143,35.9594],[138.3778,35.9717],[138.3703,35.9715],[138.3678,35.9664],[138.3615,35.9624],[138.3593,35.9505],[138.3562,35.9507],[138.3451,35.9411],[138.3415,35.9253],[138.3349,35.9199],[138.3249,35.9028],[138.3067,35.8863],[138.2922,35.8667],[138.2835,35.8595],[138.2772,35.862],[138.2605,35.8783],[138.2483,35.8859],[138.2379,35.8822],[138.2309,35.8721],[138.2253,35.8566],[138.204,35.8261],[138.2051,35.8154],[138.1987,35.8122],[138.1855,35.7949],[138.1857,35.7903],[138.1942,35.7831],[138.2006,35.7808],[138.2059,35.7827],[138.2135,35.775],[138.2336,35.7621],[138.2356,35.7575],[138.2202,35.749],[138.2181,35.7453],[138.2028,35.7348],[138.195,35.7258],[138.1862,35.7218],[138.1803,35.7128],[138.1895,35.7029],[138.194,35.6949],[138.1921,35.6865],[138.1946,35.6714],[138.207,35.6613],[138.2101,35.6528],[138.2186,35.6445],[138.2118,35.6359],[138.2043,35.6325],[138.2027,35.6204],[138.2058,35.609],[138.1975,35.5969],[138.1899,35.5787],[138.1852,35.5737],[138.1798,35.5745],[138.1696,35.5823],[138.1628,35.5815],[138.1593,35.5754],[138.1518,35.5703],[138.1468,35.5589],[138.1423,35.5555],[138.1541,35.5533],[138.1594,35.5451],[138.1381,35.5219],[138.1462,35.5185],[138.14,35.4997],[138.1456,35.5005],[138.1547,35.4954],[138.1645,35.4939],[138.1599,35.4882],[138.1564,35.4748],[138.1602,35.47],[138.1552,35.4589],[138.1439,35.4591],[138.1324,35.4537],[138.1218,35.4563],[138.1193,35.4479],[138.1236,35.4369],[138.1214,35.4286],[138.1387,35.4232],[138.1389,35.4176],[138.1344,35.4091],[138.1396,35.4058],[138.143,35.4062],[138.1521,35.3981],[138.1519,35.393],[138.1419,35.3707],[138.1293,35.3652],[138.126,35.3674],[138.1218,35.3671],[138.1077,35.3606],[138.1017,35.3548],[138.0983,35.3551],[138.094,35.3513],[138.0943,35.3425],[138.0873,35.3379],[138.0844,35.3379],[138.0717,35.3465],[138.0632,35.3471],[138.0566,35.3441],[138.052,35.3365],[138.0378,35.3332],[138.0392,35.3267],[138.0266,35.3207],[138.0276,35.3117],[138.0187,35.3009],[138.0066,35.3042],[137.9948,35.3022],[137.9829,35.293],[137.9748,35.2934],[137.9672,35.2833],[137.9525,35.2831],[137.9457,35.2769],[137.9305,35.2757],[137.9247,35.2619],[137.9191,35.2552],[137.9127,35.2533],[137.8952,35.2579],[137.8824,35.2481],[137.8841,35.2378],[137.8803,35.2266],[137.8718,35.2188],[137.8614,35.2231],[137.8481,35.2215],[137.8413,35.2165],[137.8378,35.2164],[137.838,35.2125],[137.8229,35.2158],[137.796,35.2048],[137.7848,35.2057],[137.777,35.2034],[137.7698,35.206],[137.7662,35.2096],[137.7682,35.2126],[137.7678,35.218],[137.7597,35.2215],[137.7453,35.2193],[137.7362,35.222],[137.7217,35.2226],[137.7217,35.2307],[137.7123,35.2289],[137.7056,35.2336],[137.6999,35.2317],[137.694,35.2336],[137.687,35.2307],[137.6822,35.2347],[137.6686,35.2276],[137.656,35.2281],[137.6535,35.2241],[137.6534,35.2175],[137.6449,35.214],[137.644,35.209],[137.6337,35.2119],[137.6198,35.2107],[137.6052,35.2068],[137.595,35.2009],[137.5785,35.1984],[137.5768,35.2203],[137.5647,35.2331],[137.5528,35.2401],[137.5459,35.2532],[137.5475,35.2587],[137.557,35.2642],[137.5556,35.2736],[137.5702,35.2821],[137.5673,35.2896],[137.5618,35.2893],[137.5566,35.2952],[137.5585,35.3003],[137.5569,35.3101],[137.5643,35.3107],[137.5642,35.3132],[137.568,35.3131],[137.5672,35.3143],[137.5714,35.3183],[137.5749,35.3169],[137.5817,35.3184],[137.5904,35.33],[137.6009,35.3308],[137.604,35.3365],[137.6002,35.3506],[137.6019,35.3578],[137.5988,35.3647],[137.5983,35.3781],[137.5864,35.3886],[137.5784,35.3901],[137.575,35.4],[137.5902,35.3937],[137.5943,35.3947],[137.6127,35.3917],[137.6335,35.3991],[137.6348,35.4017],[137.6317,35.406],[137.6318,35.4104],[137.6218,35.4118],[137.6164,35.422],[137.6175,35.4265],[137.6087,35.4371],[137.6014,35.4393],[137.5933,35.4467],[137.618,35.4677],[137.6276,35.4677],[137.6314,35.4699],[137.6243,35.4998],[137.6274,35.5013],[137.6317,35.5091],[137.6274,35.5119],[137.6173,35.5263],[137.6079,35.5332],[137.6012,35.5316],[137.5818,35.5387],[137.5745,35.5444],[137.5715,35.5535],[137.5719,35.5612],[137.5648,35.5659],[137.571,35.5835],[137.5524,35.5869],[137.5375,35.5844],[137.5368,35.5865],[137.5313,35.5881],[137.5318,35.5919],[137.5215,35.5992],[137.5145,35.6071],[137.5162,35.6161],[137.5188,35.6194],[137.5212,35.6193],[137.5268,35.6283],[137.5261,35.6336],[137.5396,35.6404],[137.5394,35.6468],[137.545,35.6499],[137.5351,35.6648],[137.5249,35.6713],[137.5209,35.6763],[137.5149,35.6775],[137.5091,35.6825],[137.4982,35.6873],[137.4968,35.6985],[137.4935,35.6993],[137.4853,35.7079],[137.4874,35.7165],[137.4855,35.7235],[137.4805,35.7263],[137.4662,35.7426],[137.4673,35.7462],[137.4645,35.7553],[137.4589,35.7613],[137.4525,35.7633],[137.45,35.7595],[137.4402,35.7585],[137.4352,35.7655],[137.4341,35.7706],[137.4136,35.7767],[137.3984,35.7758],[137.391,35.7801],[137.3965,35.7854],[137.394,35.7971],[137.3809,35.8013],[137.3672,35.7991],[137.3602,35.796],[137.3538,35.8013],[137.3376,35.7981],[137.3322,35.8081],[137.3256,35.8122],[137.3255,35.8157],[137.3311,35.8375],[137.3354,35.8439],[137.3554,35.8425],[137.3623,35.8489],[137.3671,35.8615],[137.3679,35.8739],[137.3646,35.8782],[137.3802,35.8919],[137.4037,35.8979],[137.4173,35.9037],[137.4321,35.9051],[137.4364,35.9051],[137.4391,35.9],[137.4466,35.8942],[137.4581,35.8895],[137.4761,35.894],[137.4804,35.8982],[137.481,35.9051],[137.4839,35.9094],[137.483,35.9139],[137.4968,35.9282],[137.5009,35.9361],[137.5054,35.9406],[137.5176,35.94],[137.524,35.9436],[137.5322,35.9613],[137.5418,35.9679],[137.5443,35.974],[137.5431,35.9825],[137.5594,35.9893],[137.569,35.9957],[137.5756,35.9965],[137.5881,36.0056],[137.5946,36.0134],[137.5993,36.0259],[137.5976,36.0421],[137.6042,36.0483],[137.6066,36.0547],[137.6138,36.0614],[137.6109,36.0699],[137.6137,36.0762],[137.6118,36.0777],[137.5975,36.0757],[137.5947,36.0789],[137.5835,36.0845],[137.5742,36.0873],[137.568,36.0959],[137.551,36.1098],[137.5513,36.1156],[137.5557,36.1175],[137.56,36.1294],[137.5544,36.1371],[137.5546,36.1403],[137.5667,36.1469],[137.5676,36.1536],[137.5896,36.1635],[137.5947,36.1719],[137.5909,36.1841],[137.5949,36.191],[137.5808,36.1953],[137.5739,36.2097],[137.5752,36.2131],[137.5738,36.2201],[137.5833,36.2209],[137.5833,36.2272],[137.5868,36.227],[137.5895,36.2294],[137.5964,36.2431],[137.6057,36.2489],[137.6065,36.2532],[137.6107,36.2564],[137.6147,36.2649],[137.6218,36.2687],[137.6314,36.2803],[137.6467,36.2889],[137.6467,36.2961],[137.6528,36.3045],[137.6491,36.3082],[137.6506,36.3269],[137.6474,36.33],[137.6455,36.3414],[137.6359,36.3425],[137.6182,36.3651],[137.5883,36.3715],[137.5873,36.3899],[137.5925,36.3905],[137.605,36.4039],[137.6043,36.4123],[137.6069,36.4141],[137.608,36.4196],[137.6184,36.4194],[137.6218,36.4231],[137.6334,36.4257],[137.6378,36.4326],[137.6401,36.4465],[137.6464,36.4547],[137.6553,36.4609],[137.6554,36.4723],[137.6511,36.4815],[137.6538,36.4908],[137.6667,36.4943],[137.667,36.5032],[137.6696,36.5103],[137.6763,36.5121],[137.6774,36.5143],[137.6914,36.5131],[137.6943,36.5107],[137.7053,36.5185],[137.7035,36.5259],[137.7098,36.5361],[137.6861,36.5372],[137.6846,36.5399],[137.6887,36.5628],[137.6952,36.5689],[137.7132,36.5775],[137.7244,36.5865],[137.7353,36.5879],[137.7468,36.5868],[137.7509,36.5896],[137.7524,36.5954],[137.7468,36.606],[137.7443,36.6176],[137.7466,36.6246],[137.7515,36.6277],[137.7559,36.6531],[137.7541,36.6581],[137.7615,36.6651],[137.7587,36.6791],[137.7592,36.6862],[137.7539,36.6878],[137.7556,36.6967],[137.7499,36.7044],[137.7518,36.7209],[137.7507,36.7269],[137.7549,36.7297],[137.758,36.7412],[137.7518,36.7527],[137.7625,36.7664],[137.7703,36.7715],[137.783,36.774],[137.7914,36.7797],[137.7935,36.7869],[137.82,36.7992],[137.8226,36.8053],[137.8311,36.8089],[137.8329,36.8204],[137.8476,36.8365],[137.8543,36.8412],[137.8572,36.8516],[137.869,36.8631],[137.8764,36.8672],[137.8766,36.8736],[137.8682,36.8789],[137.8659,36.8875],[137.8618,36.8923],[137.8714,36.9023],[137.862,36.9085],[137.8654,36.9148],[137.8688,36.9161],[137.8953,36.9105],[137.9094,36.9172],[137.9215,36.9199],[137.9355,36.9137],[137.9493,36.9123],[137.9546,36.9047],[137.9623,36.9021],[137.9692,36.9109],[137.9769,36.9089],[137.9916,36.9106],[138.0057,36.905],[138.0137,36.9039],[138.0157,36.8933],[138.0233,36.8909],[138.0278,36.8927],[138.0318,36.8899],[138.0313,36.8782],[138.0169,36.8608],[138.0142,36.861],[138.0194,36.8463],[138.0186,36.8417],[138.0033,36.8267],[138.018,36.8189],[138.0218,36.8195],[138.0299,36.8165],[138.0353,36.8085],[138.047,36.8095],[138.052,36.8063],[138.0528,36.8001],[138.0694,36.8049],[138.0748,36.8117],[138.0736,36.8182],[138.0841,36.8321],[138.0922,36.8365],[138.094,36.8407],[138.1068,36.8445],[138.1152,36.8505],[138.1262,36.8486],[138.1327,36.8503],[138.1414,36.8473],[138.1478,36.8492],[138.1509,36.8464],[138.1659,36.8448],[138.1735,36.8475],[138.1779,36.8519],[138.1966,36.8547],[138.2058,36.8595],[138.2077,36.8647],[138.2136,36.8703],[138.2144,36.8677],[138.2348,36.864],[138.2468,36.8651],[138.2549,36.87],[138.259,36.8633],[138.2682,36.8601],[138.2715,36.8534],[138.2714,36.8431],[138.2747,36.8411],[138.2889,36.8474],[138.2903,36.8531],[138.2919,36.8521],[138.2961,36.8563],[138.2888,36.8705],[138.2931,36.8747],[138.2947,36.8811],[138.299,36.8873],[138.2943,36.8903],[138.2903,36.8979],[138.2984,36.9131],[138.3184,36.9251],[138.3322,36.9265],[138.3431,36.9209],[138.3502,36.9297],[138.3577,36.9344],[138.3643,36.9457],[138.3641,36.9539],[138.3679,36.9579],[138.37,36.9644],[138.3821,36.9769],[138.3786,36.9807],[138.3905,36.9888],[138.3947,36.9973],[138.4111,36.9991],[138.4128,37.0027],[138.4354,37.0078],[138.4431,37.0133],[138.4539,37.017],[138.4563,37.0198],[138.4718,37.0185],[138.482,37.0214],[138.492,37.0209],[138.4968,37.0257],[138.5029,37.0256],[138.5137,37.0297],[138.5201,37.0284],[138.5246,37.0305]]]]}},{"type":"Feature","properties":{"name":"大分県","id":44},"geometry":{"type":"MultiPolygon","coordinates":[[[[131.6326,33.7165],[131.6303,33.7206],[131.6389,33.7247],[131.6423,33.7321],[131.647,33.7289],[131.6528,33.7301],[131.6659,33.7398],[131.6791,33.738],[131.6882,33.7326],[131.6943,33.7345],[131.7006,33.7304],[131.6894,33.7323],[131.6646,33.7169],[131.6563,33.7222],[131.6456,33.7213],[131.6326,33.7165]]],[[[131.5439,33.6767],[131.5449,33.6803],[131.5476,33.6785],[131.5493,33.6821],[131.5541,33.6809],[131.5547,33.6857],[131.5596,33.6867],[131.5647,33.6787],[131.5652,33.6747],[131.5747,33.6751],[131.5728,33.6858],[131.5846,33.6925],[131.5858,33.6897],[131.5879,33.6903],[131.5939,33.6867],[131.6063,33.6869],[131.6059,33.6797],[131.6153,33.6749],[131.6186,33.6809],[131.6227,33.6773],[131.6243,33.6699],[131.6299,33.672],[131.6296,33.6818],[131.6352,33.6821],[131.6416,33.6738],[131.645,33.6723],[131.6472,33.6741],[131.6496,33.6723],[131.6466,33.6699],[131.646,33.6637],[131.651,33.6603],[131.6523,33.6642],[131.6601,33.6699],[131.6612,33.6681],[131.6644,33.6684],[131.6685,33.6567],[131.6702,33.6574],[131.6817,33.6396],[131.6913,33.6408],[131.7006,33.6129],[131.7084,33.6039],[131.715,33.6027],[131.7233,33.5899],[131.7294,33.5865],[131.7326,33.5787],[131.7343,33.5665],[131.7356,33.5693],[131.7353,33.5643],[131.7371,33.5652],[131.7399,33.5611],[131.7407,33.5554],[131.7372,33.5527],[131.7391,33.5529],[131.7421,33.5427],[131.7442,33.5427],[131.7401,33.5369],[131.7315,33.5161],[131.7293,33.5032],[131.7308,33.5005],[131.7287,33.4956],[131.7326,33.4883],[131.7338,33.4939],[131.7374,33.4952],[131.738,33.4649],[131.7346,33.4649],[131.7339,33.4703],[131.7249,33.4621],[131.7213,33.4501],[131.7126,33.4417],[131.704,33.4199],[131.7024,33.4071],[131.6954,33.4051],[131.6866,33.4061],[131.677,33.4106],[131.6687,33.4087],[131.6596,33.4097],[131.6699,33.4118],[131.6722,33.4172],[131.6609,33.4199],[131.6614,33.4216],[131.6563,33.4232],[131.6527,33.4199],[131.6459,33.4199],[131.6458,33.4186],[131.6346,33.4233],[131.6276,33.4199],[131.6338,33.4196],[131.6339,33.4159],[131.6301,33.4147],[131.6255,33.4101],[131.6359,33.4061],[131.6345,33.3992],[131.6441,33.3935],[131.6487,33.3845],[131.6435,33.3757],[131.5962,33.3709],[131.5961,33.3509],[131.5921,33.3473],[131.582,33.3539],[131.5799,33.3524],[131.5861,33.3463],[131.555,33.3535],[131.5565,33.3507],[131.5508,33.3497],[131.5448,33.3535],[131.5377,33.3678],[131.5354,33.3662],[131.5258,33.3677],[131.4988,33.3605],[131.4941,33.3394],[131.4964,33.3393],[131.4952,33.3296],[131.4968,33.3311],[131.4968,33.3267],[131.5015,33.3228],[131.4994,33.3192],[131.5034,33.3065],[131.5026,33.2978],[131.5045,33.2985],[131.5033,33.2973],[131.5072,33.276],[131.5111,33.2688],[131.5172,33.2652],[131.5226,33.2653],[131.5342,33.2582],[131.5464,33.2552],[131.5505,33.2568],[131.5583,33.2555],[131.5773,33.2488],[131.5814,33.2491],[131.586,33.2462],[131.5865,33.2477],[131.5884,33.2455],[131.5924,33.2459],[131.5912,33.2503],[131.5977,33.2523],[131.5995,33.2494],[131.6076,33.2532],[131.6008,33.2532],[131.5991,33.2557],[131.6142,33.2617],[131.619,33.2617],[131.6197,33.2594],[131.6219,33.2595],[131.624,33.2637],[131.627,33.2649],[131.6257,33.2684],[131.631,33.2719],[131.626,33.2683],[131.6272,33.2651],[131.6592,33.2735],[131.6659,33.2585],[131.6715,33.2601],[131.6661,33.2746],[131.6753,33.2777],[131.6786,33.2689],[131.6835,33.2663],[131.6857,33.2677],[131.6799,33.279],[131.6907,33.2792],[131.6901,33.268],[131.7002,33.2678],[131.7042,33.2745],[131.7146,33.2682],[131.709,33.2617],[131.712,33.2597],[131.7179,33.2663],[131.7341,33.2559],[131.7338,33.2532],[131.7296,33.2502],[131.7349,33.2472],[131.7363,33.2491],[131.7424,33.2489],[131.7416,33.2521],[131.7435,33.2529],[131.7468,33.2483],[131.7505,33.2481],[131.7468,33.2434],[131.7579,33.2401],[131.7586,33.2413],[131.7538,33.2415],[131.7539,33.2523],[131.7655,33.2523],[131.7656,33.2499],[131.7689,33.2499],[131.7689,33.2447],[131.7723,33.2447],[131.7743,33.2517],[131.778,33.2529],[131.7781,33.2486],[131.7705,33.2411],[131.7734,33.2413],[131.7787,33.2455],[131.7978,33.2419],[131.8094,33.243],[131.8288,33.2476],[131.834,33.2472],[131.837,33.2494],[131.8409,33.2487],[131.8411,33.2511],[131.8555,33.2555],[131.864,33.2513],[131.8656,33.2486],[131.8718,33.2489],[131.8742,33.2506],[131.8693,33.2532],[131.8665,33.2583],[131.8905,33.2681],[131.9015,33.268],[131.903,33.2635],[131.889,33.2441],[131.8786,33.2453],[131.8753,33.2433],[131.8713,33.2361],[131.8728,33.2289],[131.8755,33.2291],[131.8757,33.2232],[131.8718,33.2207],[131.8716,33.2169],[131.8655,33.213],[131.8602,33.2048],[131.8619,33.2021],[131.868,33.2023],[131.862,33.1955],[131.8579,33.1959],[131.8509,33.1918],[131.8484,33.188],[131.8406,33.1871],[131.8337,33.182],[131.8278,33.1699],[131.8259,33.1699],[131.8231,33.1653],[131.8205,33.1553],[131.8248,33.1548],[131.8268,33.1592],[131.8276,33.1501],[131.8214,33.1483],[131.8097,33.1387],[131.8047,33.1305],[131.7978,33.127],[131.7991,33.125],[131.8074,33.1271],[131.811,33.1237],[131.8084,33.1209],[131.8142,33.1227],[131.8255,33.121],[131.8297,33.1255],[131.8374,33.1234],[131.8347,33.1191],[131.8402,33.1149],[131.8444,33.1149],[131.8472,33.1179],[131.8559,33.1208],[131.8609,33.1279],[131.866,33.1254],[131.8652,33.1276],[131.8685,33.1309],[131.8765,33.1307],[131.8745,33.1227],[131.8832,33.1219],[131.8853,33.1268],[131.8876,33.1245],[131.8921,33.1245],[131.8974,33.1307],[131.8975,33.135],[131.8996,33.1343],[131.9013,33.1321],[131.8992,33.1311],[131.9004,33.1273],[131.9107,33.1269],[131.9147,33.1249],[131.8967,33.1161],[131.8998,33.1107],[131.8947,33.1073],[131.887,33.1083],[131.8858,33.1109],[131.8757,33.1059],[131.874,33.1033],[131.8797,33.1034],[131.8682,33.0967],[131.8686,33.0905],[131.8661,33.0915],[131.8633,33.0893],[131.8579,33.0914],[131.8524,33.0888],[131.8551,33.0855],[131.8658,33.0833],[131.8618,33.083],[131.8584,33.0791],[131.8581,33.0773],[131.8587,33.0783],[131.8626,33.0753],[131.8718,33.0777],[131.884,33.0732],[131.8876,33.0747],[131.8806,33.0773],[131.8819,33.0823],[131.8842,33.0836],[131.8953,33.076],[131.9007,33.0752],[131.9098,33.0821],[131.9095,33.0789],[131.912,33.0767],[131.9096,33.0687],[131.9116,33.0664],[131.9169,33.0663],[131.9164,33.0687],[131.9185,33.0706],[131.9224,33.0659],[131.9276,33.0667],[131.928,33.0699],[131.9229,33.0726],[131.9264,33.0761],[131.931,33.0739],[131.9341,33.0865],[131.931,33.0865],[131.9314,33.089],[131.9282,33.0915],[131.9406,33.0965],[131.9362,33.0909],[131.9363,33.0813],[131.9409,33.0816],[131.9387,33.0763],[131.9421,33.0733],[131.9418,33.0703],[131.9467,33.0664],[131.9527,33.066],[131.9547,33.0719],[131.9648,33.0728],[131.9669,33.0713],[131.9657,33.0675],[131.9673,33.0676],[131.9652,33.0642],[131.9669,33.0644],[131.9679,33.0618],[131.9728,33.0619],[131.975,33.0667],[131.9789,33.0655],[131.9878,33.0681],[131.9887,33.0712],[131.9849,33.0782],[131.9867,33.0812],[131.987,33.0908],[131.9919,33.0908],[131.9937,33.0938],[131.9968,33.0931],[132.0012,33.0963],[131.9947,33.0809],[131.9997,33.0764],[132.0052,33.0611],[132.0173,33.0613],[132.015,33.0582],[132.0022,33.0545],[131.9968,33.0561],[131.9881,33.0536],[131.9849,33.0484],[131.9766,33.0465],[131.9656,33.0477],[131.9586,33.051],[131.9512,33.0495],[131.9425,33.0537],[131.936,33.0482],[131.9351,33.0505],[131.9289,33.0523],[131.9261,33.0485],[131.9264,33.0447],[131.9206,33.0445],[131.9211,33.0343],[131.9193,33.0295],[131.9219,33.0267],[131.9007,33.0103],[131.9077,33.0001],[131.9023,32.9919],[131.8981,33.0059],[131.8956,32.9949],[131.8935,32.9961],[131.889,32.9917],[131.8924,32.9883],[131.8966,32.9897],[131.896,32.98],[131.902,32.9807],[131.9024,32.9773],[131.9038,32.9782],[131.9048,32.9763],[131.9077,32.9789],[131.9065,32.9764],[131.9095,32.9754],[131.9102,32.9771],[131.9116,32.9727],[131.9149,32.9701],[131.9172,32.9749],[131.9256,32.9723],[131.923,32.964],[131.9331,32.9626],[131.9368,32.9522],[131.9429,32.9547],[131.9452,32.9594],[131.9471,32.9592],[131.9525,32.9537],[131.9545,32.9539],[131.9529,32.9535],[131.9584,32.9457],[131.9633,32.9477],[131.9593,32.9599],[131.9621,32.9591],[131.9669,32.9528],[131.9739,32.9636],[131.9736,32.9551],[131.9713,32.9527],[131.9724,32.9449],[131.9761,32.9455],[131.9752,32.9436],[131.9772,32.9405],[131.9811,32.9393],[131.9914,32.9453],[131.9919,32.9508],[131.9891,32.9535],[131.9968,32.9539],[131.9973,32.9562],[132.0026,32.9587],[132.0024,32.9552],[132.0041,32.9553],[131.9965,32.9488],[131.9993,32.9449],[131.996,32.9387],[131.9999,32.937],[132.0029,32.9322],[132.0059,32.9351],[132.0094,32.9327],[132.0109,32.9357],[132.0157,32.9355],[132.0216,32.9399],[132.0331,32.9394],[132.0337,32.9467],[132.031,32.9489],[132.0323,32.9537],[132.0431,32.9472],[132.05,32.9497],[132.0497,32.9537],[132.0517,32.9494],[132.0572,32.9457],[132.0661,32.945],[132.0716,32.9474],[132.0747,32.9439],[132.0799,32.9439],[132.0846,32.9327],[132.0752,32.9321],[132.0673,32.9367],[132.0632,32.9345],[132.0541,32.9397],[132.0513,32.9359],[132.0471,32.9375],[132.0479,32.9309],[132.0444,32.9267],[132.0387,32.9272],[132.0399,32.9328],[132.0362,32.9362],[132.0272,32.9358],[132.0227,32.9311],[132.0181,32.9309],[132.0156,32.9276],[132.017,32.9247],[132.0149,32.9233],[132.0096,32.9251],[132.0082,32.924],[132.0098,32.9147],[132.0079,32.9058],[132.0042,32.9089],[131.9968,32.9101],[131.9929,32.9145],[131.9952,32.9159],[131.9933,32.9177],[131.9934,32.9215],[131.9905,32.9207],[131.9876,32.9238],[131.9868,32.9196],[131.9769,32.9227],[131.9755,32.9199],[131.9827,32.9135],[131.985,32.8985],[131.9864,32.8985],[131.9846,32.8944],[131.9863,32.8883],[131.9889,32.8912],[131.9914,32.8904],[131.9945,32.8951],[131.9944,32.8989],[132.0031,32.8913],[132.0103,32.8929],[132.0148,32.8903],[132.0082,32.8901],[132.0,32.885],[132.0005,32.8789],[131.9962,32.8782],[131.9872,32.8703],[131.9838,32.8625],[131.9743,32.8674],[131.9721,32.8665],[131.9748,32.8628],[131.9748,32.8574],[131.9601,32.8464],[131.9523,32.8561],[131.9494,32.8553],[131.9492,32.8519],[131.9559,32.8417],[131.9421,32.8356],[131.943,32.8343],[131.9522,32.8348],[131.9567,32.8365],[131.9629,32.8187],[131.9646,32.8222],[131.9665,32.822],[131.9652,32.8269],[131.9663,32.8312],[131.9631,32.8385],[131.9668,32.8365],[131.9725,32.8281],[131.9755,32.8287],[131.9768,32.8256],[131.9802,32.8247],[131.9856,32.8286],[131.9857,32.8325],[131.9756,32.8404],[131.9795,32.8443],[131.9743,32.8441],[131.9841,32.8458],[131.9968,32.8382],[132.0074,32.8365],[132.0092,32.8348],[132.0077,32.8285],[131.9968,32.8205],[131.9878,32.8171],[131.9712,32.8036],[131.9737,32.7993],[131.9754,32.7994],[131.9755,32.7957],[131.9711,32.7917],[131.9633,32.7938],[131.9651,32.7993],[131.9641,32.8045],[131.9544,32.8074],[131.9464,32.8059],[131.9472,32.7972],[131.945,32.7925],[131.9361,32.7851],[131.9297,32.7855],[131.9268,32.7919],[131.9226,32.7939],[131.9222,32.7969],[131.9261,32.7975],[131.9247,32.7972],[131.9246,32.8001],[131.9195,32.8003],[131.9168,32.7966],[131.9195,32.7857],[131.9178,32.7852],[131.9069,32.7937],[131.9021,32.7852],[131.8947,32.7883],[131.8995,32.7937],[131.8953,32.7957],[131.8978,32.7973],[131.8989,32.8019],[131.8943,32.8006],[131.8947,32.8048],[131.8895,32.8047],[131.884,32.7907],[131.8953,32.7797],[131.8925,32.7742],[131.8954,32.7651],[131.8937,32.7641],[131.8792,32.7912],[131.8739,32.7906],[131.8751,32.7781],[131.8678,32.7742],[131.8718,32.769],[131.8787,32.765],[131.877,32.7558],[131.8718,32.7547],[131.8712,32.7522],[131.8742,32.7489],[131.8789,32.7482],[131.8837,32.75],[131.8851,32.7457],[131.8718,32.7403],[131.8618,32.7403],[131.8571,32.7375],[131.8471,32.7361],[131.8436,32.7467],[131.8489,32.7559],[131.8439,32.7751],[131.8502,32.7917],[131.8586,32.8051],[131.8579,32.8213],[131.8547,32.8231],[131.8478,32.8181],[131.8343,32.8195],[131.8238,32.8297],[131.8149,32.8278],[131.8062,32.8221],[131.798,32.8244],[131.793,32.8219],[131.7888,32.8262],[131.7864,32.8335],[131.7693,32.8365],[131.7674,32.8385],[131.7468,32.8329],[131.7368,32.8329],[131.7346,32.8293],[131.7341,32.8197],[131.731,32.8164],[131.7287,32.7996],[131.7149,32.7876],[131.712,32.7739],[131.7078,32.7716],[131.6957,32.7744],[131.6691,32.7682],[131.6682,32.7667],[131.6514,32.771],[131.6406,32.7705],[131.6218,32.7743],[131.6012,32.7722],[131.5916,32.7751],[131.581,32.7639],[131.5664,32.7543],[131.5366,32.7585],[131.5323,32.7623],[131.5233,32.7637],[131.513,32.7692],[131.5077,32.774],[131.508,32.784],[131.5168,32.8003],[131.5012,32.8104],[131.502,32.8142],[131.4942,32.8157],[131.4858,32.8214],[131.4744,32.8371],[131.4639,32.8311],[131.4375,32.8285],[131.4308,32.8191],[131.4204,32.8117],[131.4012,32.8133],[131.3718,32.8072],[131.3655,32.8034],[131.359,32.8039],[131.3483,32.8105],[131.3492,32.8206],[131.3461,32.8279],[131.3396,32.8331],[131.3267,32.8339],[131.3266,32.8365],[131.3219,32.8425],[131.3093,32.8527],[131.2927,32.8583],[131.2843,32.8661],[131.2724,32.8719],[131.2726,32.8815],[131.2632,32.8791],[131.2549,32.8919],[131.2526,32.9199],[131.2468,32.933],[131.246,32.9408],[131.2519,32.9464],[131.2468,32.949],[131.2468,32.9531],[131.2518,32.9545],[131.2503,32.9569],[131.2452,32.9586],[131.2468,32.9634],[131.2559,32.964],[131.2628,32.9762],[131.2468,32.9823],[131.2468,32.9952],[131.2329,33.0089],[131.2271,33.0109],[131.2233,33.0183],[131.2256,33.0194],[131.2145,33.055],[131.1965,33.0701],[131.1969,33.0741],[131.1921,33.0777],[131.189,33.0738],[131.1859,33.0739],[131.1736,33.0834],[131.1724,33.1045],[131.1654,33.1111],[131.1658,33.1141],[131.1627,33.1177],[131.1651,33.1195],[131.1662,33.1285],[131.1597,33.1409],[131.1447,33.151],[131.1481,33.1525],[131.145,33.1559],[131.1329,33.1603],[131.1299,33.1661],[131.1205,33.1676],[131.1178,33.1699],[131.1148,33.1801],[131.0989,33.1878],[131.0934,33.1852],[131.0578,33.1947],[131.0383,33.1943],[131.0331,33.1871],[131.03,33.1855],[131.0275,33.1864],[131.0133,33.1772],[131.0047,33.1778],[131.0006,33.1811],[130.9916,33.1833],[130.9913,33.177],[130.988,33.1757],[130.9816,33.1549],[130.9829,33.1512],[130.9811,33.1473],[130.9834,33.1421],[130.9794,33.1437],[130.9776,33.1405],[130.9938,33.1284],[130.9923,33.1221],[131.0098,33.1061],[131.0231,33.0874],[131.0153,33.0806],[131.0104,33.072],[131.0166,33.0631],[131.0106,33.0426],[131.0033,33.0383],[130.9973,33.0281],[130.988,33.0236],[130.9693,33.0237],[130.9583,33.0375],[130.9572,33.0453],[130.9491,33.0509],[130.9361,33.0523],[130.9334,33.0548],[130.9263,33.0524],[130.9195,33.0526],[130.915,33.0541],[130.9125,33.059],[130.905,33.0649],[130.8979,33.0646],[130.8962,33.0659],[130.8956,33.0731],[130.8896,33.0769],[130.8863,33.0865],[130.8737,33.0919],[130.8663,33.0903],[130.8612,33.0953],[130.8449,33.0921],[130.8393,33.1011],[130.8389,33.1039],[130.8525,33.1093],[130.8605,33.1182],[130.8595,33.1219],[130.8639,33.1251],[130.8699,33.1458],[130.8786,33.1527],[130.8735,33.1691],[130.8771,33.1737],[130.8849,33.1761],[130.8865,33.1867],[130.874,33.1893],[130.8671,33.194],[130.8626,33.1936],[130.8357,33.2114],[130.8451,33.2231],[130.8577,33.2261],[130.8577,33.2298],[130.8293,33.2346],[130.8253,33.2374],[130.824,33.2533],[130.8292,33.2576],[130.8457,33.2583],[130.855,33.2621],[130.8655,33.2619],[130.867,33.2675],[130.8597,33.2673],[130.8517,33.2782],[130.8654,33.2929],[130.8605,33.3096],[130.8536,33.3247],[130.8563,33.327],[130.8499,33.3365],[130.8441,33.3385],[130.844,33.3333],[130.8345,33.3435],[130.8609,33.3628],[130.859,33.373],[130.8638,33.3773],[130.8768,33.3778],[130.8779,33.3765],[130.8855,33.3798],[130.8843,33.3908],[130.8873,33.4053],[130.891,33.4065],[130.8891,33.4162],[130.8915,33.4199],[130.8909,33.4299],[130.8966,33.4383],[130.8945,33.4462],[130.8993,33.4491],[130.911,33.4507],[130.917,33.4554],[130.9254,33.4575],[130.9296,33.4652],[130.9254,33.4779],[130.9403,33.4829],[130.9438,33.4863],[130.9602,33.4933],[130.9634,33.4983],[130.9737,33.5055],[131.0022,33.5122],[131.015,33.5098],[131.0215,33.5133],[131.025,33.5131],[131.0294,33.5184],[131.0356,33.5182],[131.0444,33.5099],[131.0471,33.5109],[131.0538,33.508],[131.0647,33.5098],[131.0738,33.5059],[131.0953,33.5065],[131.0973,33.5046],[131.106,33.5075],[131.1218,33.502],[131.1293,33.5021],[131.1318,33.5056],[131.1427,33.5048],[131.1626,33.5082],[131.169,33.5049],[131.1765,33.508],[131.1673,33.5157],[131.168,33.5248],[131.1657,33.5284],[131.1768,33.5353],[131.1872,33.5462],[131.1891,33.5619],[131.1733,33.5766],[131.1719,33.5865],[131.1783,33.607],[131.1845,33.6162],[131.1885,33.6149],[131.1881,33.6169],[131.1902,33.6173],[131.1953,33.6151],[131.1986,33.6174],[131.2084,33.6157],[131.2087,33.6136],[131.2052,33.616],[131.2082,33.6125],[131.2157,33.6089],[131.2131,33.6053],[131.2302,33.6015],[131.237,33.6017],[131.2381,33.6065],[131.2408,33.6066],[131.2445,33.6111],[131.2504,33.6065],[131.2505,33.6035],[131.256,33.5978],[131.2672,33.5925],[131.2657,33.5876],[131.2707,33.5865],[131.2712,33.5881],[131.2726,33.5835],[131.2883,33.5784],[131.2913,33.5801],[131.3103,33.5819],[131.3185,33.5807],[131.3222,33.5829],[131.324,33.5806],[131.3328,33.5812],[131.3388,33.5713],[131.3525,33.5735],[131.3607,33.5778],[131.3718,33.5756],[131.3735,33.58],[131.3743,33.5766],[131.3971,33.5753],[131.403,33.5724],[131.4301,33.5738],[131.4295,33.5763],[131.4265,33.5768],[131.4231,33.5865],[131.4232,33.5917],[131.4614,33.6191],[131.4685,33.6121],[131.4744,33.6249],[131.4741,33.6293],[131.4829,33.6355],[131.4796,33.6415],[131.4839,33.6433],[131.4856,33.6482],[131.4937,33.6435],[131.4968,33.6453],[131.4955,33.6473],[131.4968,33.6499],[131.4933,33.6521],[131.4952,33.6548],[131.5039,33.6564],[131.4968,33.6629],[131.4968,33.6661],[131.499,33.667],[131.4981,33.6699],[131.5009,33.6717],[131.5057,33.6707],[131.5063,33.6749],[131.5138,33.6695],[131.5196,33.6709],[131.521,33.6751],[131.5255,33.6723],[131.5289,33.6735],[131.5218,33.6841],[131.5278,33.6818],[131.5336,33.6766],[131.5364,33.6799],[131.5439,33.6767]]],[[[131.9455,33.2705],[131.9372,33.278],[131.9547,33.2789],[131.9552,33.2747],[131.9455,33.2705]]],[[[131.8936,33.2351],[131.8888,33.2364],[131.8947,33.2383],[131.8936,33.2351]]],[[[131.9804,33.1631],[131.9825,33.1699],[131.9906,33.1708],[131.987,33.1647],[131.9804,33.1631]]],[[[131.9734,33.1553],[131.9693,33.156],[131.9784,33.1607],[131.98,33.157],[131.9734,33.1553]]],[[[131.8595,33.1392],[131.8564,33.1401],[131.8581,33.1431],[131.8623,33.1431],[131.8595,33.1392]]],[[[132.0033,33.0972],[132.0056,33.1034],[132.0041,33.1089],[132.0102,33.1113],[132.0147,33.1051],[132.0033,33.0972]]],[[[131.9241,32.9803],[131.9201,32.9829],[131.9162,32.9813],[131.9126,32.9823],[131.9119,32.9869],[131.9096,32.9876],[131.9156,32.9961],[131.9182,32.9946],[131.9227,32.9989],[131.924,33.0064],[131.9172,33.0033],[131.9196,33.0129],[131.9228,33.0101],[131.9252,33.0107],[131.9242,33.0132],[131.9282,33.0159],[131.942,33.0156],[131.9409,33.0104],[131.9381,33.0122],[131.9256,32.9965],[131.9389,32.9987],[131.9436,32.9962],[131.9325,32.9909],[131.9271,32.9861],[131.9241,32.9803]]],[[[131.9111,33.0073],[131.908,33.0111],[131.9111,33.0147],[131.9111,33.0073]]],[[[132.0728,32.9531],[132.0702,32.9534],[132.0664,32.9621],[132.0597,32.9641],[132.0664,32.9643],[132.0725,32.9682],[132.0717,32.971],[132.0748,32.9731],[132.0738,32.977],[132.0794,32.9738],[132.0776,32.9687],[132.0802,32.9599],[132.0777,32.9613],[132.0731,32.9572],[132.0728,32.9531]]],[[[131.9541,32.9647],[131.9524,32.971],[131.9568,32.9707],[131.9568,32.9649],[131.9541,32.9647]]],[[[132.0473,32.9142],[132.0447,32.9195],[132.0487,32.9163],[132.0492,32.9146],[132.0473,32.9142]]],[[[131.9111,32.7693],[131.9073,32.773],[131.9091,32.7729],[131.9092,32.7789],[131.9226,32.7751],[131.9228,32.7703],[131.9111,32.7693]]],[[[131.9246,32.7149],[131.9215,32.72],[131.9251,32.7227],[131.9203,32.7263],[131.9276,32.7262],[131.9292,32.7246],[131.9272,32.7226],[131.9308,32.7195],[131.9266,32.7165],[131.9279,32.7157],[131.9246,32.7149]]]]}},{"type":"Feature","properties":{"name":"三重県","id":24},"geometry":{"type":"MultiPolygon","coordinates":[[[[136.5275,35.2575],[136.5337,35.2569],[136.5377,35.2466],[136.5412,35.2446],[136.5402,35.2391],[136.5441,35.2349],[136.5494,35.2337],[136.547,35.2279],[136.5482,35.22],[136.5568,35.22],[136.5606,35.2065],[136.575,35.2019],[136.5778,35.1967],[136.5828,35.1962],[136.5849,35.1886],[136.5881,35.1869],[136.5884,35.1845],[136.5915,35.1856],[136.5966,35.1776],[136.602,35.1778],[136.606,35.1664],[136.6161,35.1495],[136.6242,35.1466],[136.6318,35.1501],[136.6452,35.1446],[136.6444,35.1615],[136.6461,35.1658],[136.656,35.1599],[136.6694,35.1336],[136.6725,35.1347],[136.6775,35.1286],[136.696,35.1236],[136.7141,35.1049],[136.7335,35.0946],[136.7468,35.0824],[136.7509,35.0772],[136.7531,35.0531],[136.7631,35.0349],[136.7725,35.0243],[136.7704,35.0214],[136.7646,35.0207],[136.7491,35.037],[136.7396,35.0327],[136.7321,35.0263],[136.7135,35.0245],[136.6973,35.0204],[136.6997,35.0072],[136.6859,35.0041],[136.6845,35.0081],[136.6764,35.0085],[136.6679,35.0037],[136.6644,35.0043],[136.6514,34.9931],[136.6458,34.9764],[136.6504,34.9746],[136.6459,34.959],[136.6399,34.9595],[136.6394,34.9617],[136.638,34.9607],[136.6391,34.9575],[136.6372,34.9574],[136.6377,34.9531],[136.6411,34.956],[136.6453,34.9558],[136.6446,34.9539],[136.6408,34.9533],[136.6431,34.9527],[136.6424,34.9508],[136.6381,34.9519],[136.641,34.9492],[136.6332,34.9499],[136.6388,34.9416],[136.6403,34.9433],[136.6409,34.9388],[136.6476,34.9465],[136.663,34.9455],[136.6627,34.9423],[136.6674,34.9416],[136.6666,34.9369],[136.653,34.9373],[136.6471,34.9349],[136.6445,34.9258],[136.6465,34.9247],[136.6449,34.9199],[136.6462,34.9045],[136.6395,34.8983],[136.6343,34.8877],[136.6338,34.8859],[136.6354,34.8857],[136.6249,34.8688],[136.6145,34.8536],[136.5948,34.8316],[136.591,34.8298],[136.591,34.8285],[136.5952,34.8293],[136.5622,34.7963],[136.5439,34.773],[136.5337,34.7532],[136.5204,34.6967],[136.5254,34.6811],[136.5239,34.6793],[136.5252,34.6779],[136.5297,34.684],[136.5358,34.6802],[136.5355,34.6777],[136.5411,34.683],[136.5465,34.6799],[136.5421,34.6745],[136.549,34.6707],[136.553,34.6757],[136.5571,34.6714],[136.5538,34.6673],[136.5478,34.6661],[136.5489,34.6347],[136.5438,34.6222],[136.5398,34.6233],[136.5373,34.6165],[136.5316,34.6165],[136.5279,34.6109],[136.5287,34.6088],[136.5402,34.6101],[136.5406,34.6069],[136.542,34.6099],[136.548,34.6077],[136.5546,34.6149],[136.5542,34.6125],[136.5595,34.6103],[136.5623,34.6147],[136.5614,34.6089],[136.5648,34.6077],[136.57,34.6109],[136.584,34.6036],[136.6218,34.5983],[136.6427,34.5909],[136.6483,34.5865],[136.6607,34.5637],[136.6649,34.5591],[136.6949,34.5466],[136.7114,34.5449],[136.7334,34.5379],[136.7468,34.5254],[136.7523,34.5245],[136.7612,34.516],[136.7769,34.5088],[136.7868,34.509],[136.7938,34.5067],[136.8097,34.5081],[136.8119,34.4996],[136.8156,34.4965],[136.8127,34.4924],[136.8171,34.4887],[136.8157,34.4851],[136.8204,34.4845],[136.8223,34.4873],[136.8248,34.4849],[136.8266,34.4873],[136.8244,34.4906],[136.8283,34.4915],[136.8249,34.5032],[136.823,34.5037],[136.8309,34.5061],[136.8339,34.5032],[136.836,34.4942],[136.8351,34.4909],[136.8377,34.4895],[136.8412,34.4927],[136.8422,34.4881],[136.8439,34.4889],[136.8464,34.4748],[136.8488,34.4717],[136.8504,34.473],[136.849,34.478],[136.851,34.4797],[136.8535,34.4781],[136.8667,34.4801],[136.8693,34.4747],[136.8773,34.4739],[136.8718,34.4709],[136.8718,34.4616],[136.8654,34.4627],[136.8651,34.4598],[136.8673,34.4618],[136.8718,34.4574],[136.8683,34.457],[136.8665,34.4539],[136.8771,34.4557],[136.8749,34.4507],[136.8837,34.4496],[136.8845,34.4479],[136.8809,34.4408],[136.8763,34.4389],[136.8796,34.4382],[136.8822,34.434],[136.8756,34.4286],[136.8841,34.4324],[136.8867,34.4356],[136.8908,34.4348],[136.8839,34.4371],[136.883,34.4393],[136.8874,34.4445],[136.8909,34.443],[136.8906,34.4477],[136.8979,34.4477],[136.8928,34.4505],[136.8965,34.4535],[136.9086,34.4517],[136.9096,34.4553],[136.9134,34.4533],[136.9191,34.4458],[136.9233,34.445],[136.9239,34.441],[136.9198,34.4398],[136.922,34.4363],[136.9193,34.4249],[136.9279,34.4134],[136.9182,34.4091],[136.9172,34.404],[136.9099,34.3983],[136.9092,34.3902],[136.9146,34.387],[136.9095,34.3879],[136.907,34.3847],[136.9118,34.3815],[136.9125,34.3759],[136.9032,34.3763],[136.9009,34.3786],[136.9026,34.3799],[136.8985,34.3785],[136.8987,34.3873],[136.8937,34.3896],[136.887,34.3833],[136.8879,34.3921],[136.8855,34.3886],[136.8827,34.3898],[136.8797,34.3885],[136.8821,34.3871],[136.8807,34.3805],[136.8718,34.3851],[136.8689,34.3885],[136.873,34.3817],[136.8758,34.3707],[136.8718,34.3742],[136.8665,34.3747],[136.871,34.3715],[136.8688,34.3693],[136.8676,34.3706],[136.8667,34.3681],[136.8607,34.3676],[136.8572,34.3635],[136.8554,34.3673],[136.8468,34.3719],[136.8419,34.3717],[136.8444,34.3684],[136.8374,34.3669],[136.8376,34.3645],[136.8333,34.3614],[136.829,34.3641],[136.8133,34.3676],[136.8144,34.3645],[136.8221,34.3629],[136.8198,34.3585],[136.8253,34.3528],[136.8355,34.3547],[136.838,34.3582],[136.8391,34.3569],[136.8407,34.3653],[136.845,34.3668],[136.8459,34.3697],[136.8521,34.3683],[136.8511,34.3561],[136.8609,34.3615],[136.8613,34.3641],[136.8643,34.3636],[136.8643,34.3598],[136.8686,34.3548],[136.8605,34.3512],[136.8656,34.3504],[136.8654,34.3429],[136.8684,34.3441],[136.8699,34.3497],[136.8722,34.3496],[136.8718,34.3517],[136.8846,34.3615],[136.8872,34.3577],[136.8874,34.3608],[136.8899,34.3603],[136.8883,34.3617],[136.8911,34.3653],[136.8945,34.3617],[136.9082,34.3653],[136.9004,34.3551],[136.8828,34.3456],[136.8779,34.3365],[136.8778,34.3282],[136.8834,34.32],[136.892,34.3131],[136.8865,34.3065],[136.8877,34.3013],[136.8844,34.2982],[136.8942,34.2917],[136.8957,34.2873],[136.8983,34.2855],[136.8981,34.2785],[136.8997,34.2811],[136.9009,34.2795],[136.8998,34.2761],[136.8695,34.273],[136.8693,34.2691],[136.8718,34.2643],[136.8677,34.2625],[136.8533,34.2619],[136.8479,34.2563],[136.8474,34.2465],[136.8447,34.2507],[136.8338,34.252],[136.8247,34.2504],[136.807,34.2532],[136.8067,34.2549],[136.7931,34.2556],[136.783,34.2599],[136.7775,34.2606],[136.7735,34.2583],[136.766,34.2604],[136.7602,34.2686],[136.7506,34.2696],[136.752,34.2725],[136.7583,34.2721],[136.765,34.2777],[136.7697,34.2785],[136.7789,34.2769],[136.7764,34.2751],[136.7833,34.2764],[136.7843,34.2782],[136.7902,34.2775],[136.7893,34.2752],[136.7932,34.2713],[136.7946,34.2722],[136.7929,34.2725],[136.7926,34.2777],[136.8014,34.275],[136.8036,34.2709],[136.8125,34.2723],[136.8128,34.2662],[136.8104,34.2648],[136.8117,34.2637],[136.8164,34.2646],[136.8199,34.2717],[136.8171,34.2731],[136.8219,34.2722],[136.8214,34.2701],[136.8269,34.2722],[136.8263,34.2689],[136.8281,34.2709],[136.829,34.2685],[136.8282,34.2656],[136.8254,34.2644],[136.8274,34.2639],[136.8296,34.2587],[136.8291,34.2658],[136.8346,34.2667],[136.8337,34.2641],[136.836,34.2655],[136.8341,34.2611],[136.8338,34.2588],[136.8351,34.2591],[136.8499,34.2734],[136.8514,34.2733],[136.8475,34.2681],[136.848,34.2661],[136.8511,34.2661],[136.8505,34.268],[136.8589,34.2653],[136.853,34.269],[136.8526,34.2717],[136.8625,34.2701],[136.857,34.2729],[136.8608,34.2743],[136.8536,34.274],[136.8533,34.2761],[136.8589,34.279],[136.8547,34.2799],[136.8471,34.2754],[136.8453,34.2808],[136.8433,34.2719],[136.8387,34.2706],[136.8407,34.2751],[136.8334,34.2706],[136.8314,34.2727],[136.8347,34.2737],[136.8342,34.2751],[136.8303,34.2751],[136.8328,34.2833],[136.829,34.2835],[136.8283,34.2855],[136.838,34.2843],[136.8352,34.2863],[136.8338,34.2914],[136.8358,34.2915],[136.8364,34.2894],[136.8423,34.2906],[136.8553,34.2857],[136.8666,34.2865],[136.8636,34.2918],[136.8563,34.2877],[136.8558,34.2895],[136.8517,34.2898],[136.8538,34.2922],[136.8483,34.2911],[136.8495,34.2937],[136.8467,34.295],[136.847,34.2991],[136.8504,34.3007],[136.8465,34.3007],[136.8421,34.2944],[136.8415,34.2971],[136.8384,34.2957],[136.8385,34.2973],[136.8326,34.2969],[136.8303,34.2983],[136.8324,34.3004],[136.8273,34.301],[136.8323,34.3057],[136.8396,34.3011],[136.8404,34.303],[136.8379,34.3053],[136.8396,34.3071],[136.8469,34.3039],[136.8486,34.3069],[136.8517,34.3068],[136.8399,34.3097],[136.8478,34.3133],[136.8431,34.3142],[136.8389,34.3113],[136.8375,34.3079],[136.831,34.3081],[136.8238,34.3112],[136.8257,34.3148],[136.8229,34.3155],[136.8115,34.3097],[136.8099,34.3113],[136.8091,34.3095],[136.8048,34.3089],[136.8083,34.3127],[136.803,34.3179],[136.8058,34.3255],[136.811,34.3275],[136.8052,34.3277],[136.803,34.3217],[136.7974,34.3189],[136.802,34.3159],[136.8009,34.3138],[136.7974,34.3141],[136.7982,34.3112],[136.7963,34.3112],[136.7976,34.3089],[136.7923,34.3091],[136.7992,34.3051],[136.803,34.3056],[136.8034,34.3026],[136.8058,34.3031],[136.8107,34.2972],[136.8074,34.2963],[136.8067,34.298],[136.805,34.2955],[136.8002,34.2959],[136.8005,34.2924],[136.7975,34.2903],[136.794,34.2917],[136.792,34.2881],[136.7778,34.2923],[136.7831,34.2991],[136.7802,34.3001],[136.7746,34.2957],[136.7732,34.2973],[136.7736,34.3035],[136.7778,34.3036],[136.7818,34.3067],[136.7741,34.3055],[136.7721,34.3095],[136.7736,34.3131],[136.7773,34.3151],[136.7694,34.3127],[136.7686,34.3093],[136.7672,34.3123],[136.7616,34.3155],[136.7609,34.3137],[136.7583,34.3153],[136.7601,34.3121],[136.7633,34.3125],[136.762,34.3111],[136.7649,34.3043],[136.762,34.3042],[136.7593,34.3068],[136.7596,34.3011],[136.7532,34.3024],[136.7555,34.2997],[136.7528,34.2982],[136.7657,34.2937],[136.7637,34.2922],[136.7576,34.2949],[136.7501,34.2933],[136.7404,34.2987],[136.7392,34.3011],[136.7237,34.3041],[136.7123,34.2995],[136.7145,34.2973],[136.712,34.2939],[136.7072,34.2942],[136.7033,34.2906],[136.6997,34.2929],[136.6981,34.29],[136.6929,34.2892],[136.6901,34.2867],[136.69,34.284],[136.6867,34.2846],[136.6859,34.2911],[136.6908,34.2941],[136.6877,34.3012],[136.6887,34.3056],[136.6916,34.3105],[136.6949,34.3083],[136.6992,34.3123],[136.6933,34.3132],[136.6944,34.3185],[136.6955,34.3199],[136.7006,34.3179],[136.7013,34.3204],[136.698,34.3229],[136.6992,34.3254],[136.7041,34.3239],[136.7089,34.3173],[136.7081,34.3239],[136.704,34.3281],[136.7085,34.3305],[136.7113,34.3281],[136.7119,34.3312],[136.7158,34.3235],[136.7189,34.3283],[136.715,34.3305],[136.7198,34.3305],[136.7175,34.332],[136.7292,34.3345],[136.7224,34.3339],[136.7246,34.3421],[136.727,34.3422],[136.7236,34.3441],[136.7214,34.3382],[136.7185,34.3419],[136.7157,34.3395],[136.7138,34.3463],[136.7124,34.3435],[136.7101,34.3446],[136.7116,34.3425],[136.7092,34.3365],[136.7059,34.3365],[136.7057,34.3393],[136.7072,34.3385],[136.7078,34.3409],[136.704,34.3417],[136.7077,34.3487],[136.7007,34.3481],[136.6986,34.3457],[136.6986,34.3488],[136.693,34.3482],[136.6966,34.3433],[136.6938,34.3407],[136.6949,34.3365],[136.6915,34.3328],[136.6897,34.3333],[136.6823,34.3238],[136.6807,34.3267],[136.6866,34.3324],[136.6831,34.3328],[136.6875,34.3365],[136.6829,34.335],[136.6781,34.3365],[136.6908,34.345],[136.686,34.3448],[136.6766,34.3393],[136.672,34.339],[136.6724,34.3431],[136.6598,34.3453],[136.6587,34.3425],[136.6566,34.3421],[136.6567,34.3392],[136.6656,34.3393],[136.671,34.3365],[136.6694,34.3343],[136.6712,34.3329],[136.6652,34.3289],[136.6719,34.3266],[136.6724,34.3246],[136.6627,34.3257],[136.6617,34.3281],[136.6595,34.3283],[136.6575,34.3257],[136.6606,34.3236],[136.6591,34.3206],[136.656,34.3184],[136.6519,34.3231],[136.6492,34.3163],[136.6458,34.3158],[136.6427,34.3121],[136.638,34.3127],[136.6377,34.3083],[136.639,34.3115],[136.6402,34.3078],[136.644,34.3095],[136.6444,34.3127],[136.647,34.3108],[136.6513,34.3131],[136.6526,34.3161],[136.6605,34.3141],[136.6554,34.3098],[136.6602,34.3098],[136.6664,34.3123],[136.6632,34.3174],[136.6703,34.3164],[136.6685,34.3126],[136.6769,34.3165],[136.6658,34.3069],[136.6644,34.301],[136.6555,34.2987],[136.6529,34.2928],[136.6505,34.2923],[136.6506,34.2903],[136.6552,34.2925],[136.6594,34.2896],[136.6543,34.287],[136.6364,34.2851],[136.6356,34.2761],[136.6284,34.2727],[136.6207,34.2737],[136.6094,34.265],[136.6048,34.2583],[136.5863,34.2575],[136.579,34.2696],[136.5801,34.2745],[136.583,34.2741],[136.5878,34.2667],[136.5899,34.2667],[136.5899,34.2705],[136.5787,34.278],[136.5718,34.275],[136.5743,34.2827],[136.5812,34.2857],[136.5782,34.2807],[136.5809,34.2787],[136.5804,34.2801],[136.5894,34.2862],[136.5921,34.2792],[136.595,34.2813],[136.5939,34.2841],[136.5974,34.2844],[136.5964,34.2869],[136.5934,34.2853],[136.592,34.2875],[136.5966,34.2899],[136.5907,34.2946],[136.589,34.2885],[136.5851,34.2887],[136.5845,34.2921],[136.5814,34.2933],[136.5796,34.2929],[136.5793,34.2897],[136.5811,34.2882],[136.5754,34.2889],[136.574,34.2871],[136.5717,34.2887],[136.5666,34.2865],[136.5668,34.2849],[136.5609,34.2856],[136.5569,34.2829],[136.5605,34.2755],[136.5563,34.277],[136.5558,34.2791],[136.5535,34.2783],[136.5536,34.2801],[136.5499,34.2824],[136.5481,34.2817],[136.5578,34.2677],[136.5536,34.2621],[136.5541,34.2595],[136.5489,34.2599],[136.5482,34.2544],[136.5509,34.2532],[136.5483,34.25],[136.5455,34.2499],[136.5454,34.2532],[136.5375,34.2558],[136.5379,34.2601],[136.5416,34.2647],[136.5419,34.2749],[136.5404,34.2774],[136.5391,34.2782],[136.5337,34.2681],[136.5302,34.2667],[136.5267,34.2593],[136.5251,34.262],[136.5302,34.2685],[136.5305,34.2731],[136.5275,34.2708],[136.5226,34.2731],[136.5237,34.2668],[136.5112,34.271],[136.5149,34.276],[136.5112,34.2786],[136.5041,34.2777],[136.502,34.2767],[136.5058,34.2739],[136.5049,34.2657],[136.5094,34.2625],[136.5076,34.2594],[136.5081,34.2532],[136.5134,34.2448],[136.5184,34.2429],[136.5175,34.2385],[136.5169,34.2403],[136.5102,34.2423],[136.5103,34.2461],[136.5035,34.2539],[136.4987,34.2546],[136.501,34.2585],[136.4968,34.2562],[136.4933,34.2581],[136.4944,34.2541],[136.49,34.2551],[136.4906,34.2521],[136.4925,34.2507],[136.4987,34.2517],[136.5042,34.2437],[136.4968,34.244],[136.4918,34.2421],[136.4881,34.2449],[136.4844,34.2395],[136.4872,34.2413],[136.4895,34.2396],[136.4889,34.2341],[136.4933,34.2385],[136.4968,34.2359],[136.4994,34.2383],[136.503,34.2361],[136.5054,34.2368],[136.5068,34.233],[136.5095,34.2317],[136.5083,34.2296],[136.5032,34.2313],[136.4968,34.2297],[136.4968,34.2247],[136.4816,34.2197],[136.4814,34.2233],[136.4835,34.2255],[136.4805,34.2283],[136.4752,34.2277],[136.4733,34.2313],[136.4634,34.2318],[136.4595,34.2443],[136.4627,34.2449],[136.4658,34.2485],[136.4681,34.2471],[136.4729,34.2483],[136.4681,34.2497],[136.4666,34.2545],[136.4701,34.2557],[136.4662,34.2567],[136.4588,34.2509],[136.4604,34.2485],[136.4561,34.2462],[136.4497,34.2487],[136.4408,34.2478],[136.4408,34.2447],[136.447,34.2461],[136.4461,34.2425],[136.4516,34.2452],[136.4542,34.2426],[136.4545,34.2341],[136.4521,34.2281],[136.4596,34.2252],[136.4511,34.2197],[136.4406,34.2209],[136.4305,34.2196],[136.4281,34.2188],[136.428,34.2145],[136.4219,34.2145],[136.4186,34.2113],[136.4157,34.2129],[136.4126,34.2081],[136.4028,34.2064],[136.3988,34.2028],[136.3964,34.2029],[136.3966,34.2078],[136.3927,34.2115],[136.397,34.2165],[136.4006,34.2139],[136.3998,34.219],[136.3838,34.2165],[136.3863,34.2095],[136.38,34.2057],[136.3742,34.1973],[136.3621,34.1887],[136.3573,34.1989],[136.3503,34.1946],[136.3489,34.1993],[136.351,34.2015],[136.3486,34.2041],[136.3591,34.2073],[136.3528,34.2084],[136.3533,34.2116],[136.3377,34.2028],[136.3356,34.1975],[136.328,34.1993],[136.3219,34.1959],[136.3231,34.1945],[136.3284,34.1969],[136.3294,34.1935],[136.3321,34.1944],[136.331,34.196],[136.3368,34.197],[136.3384,34.1937],[136.3321,34.1884],[136.3352,34.1832],[136.332,34.1803],[136.3223,34.1861],[136.318,34.1831],[136.3191,34.1801],[136.3035,34.1801],[136.2953,34.1699],[136.2981,34.1686],[136.2972,34.1656],[136.2925,34.1657],[136.2887,34.1631],[136.2903,34.1597],[136.2877,34.1565],[136.283,34.1631],[136.2783,34.1616],[136.28,34.1518],[136.2861,34.1482],[136.2774,34.1415],[136.2767,34.1363],[136.2787,34.1365],[136.2809,34.1299],[136.2862,34.1284],[136.288,34.1321],[136.2914,34.1271],[136.2832,34.1225],[136.2854,34.117],[136.2901,34.1173],[136.2895,34.1156],[136.2925,34.1123],[136.2981,34.1125],[136.296,34.1156],[136.298,34.1179],[136.3106,34.1175],[136.3153,34.1145],[136.3087,34.1135],[136.2975,34.0865],[136.292,34.0881],[136.2936,34.0943],[136.2911,34.0969],[136.2888,34.0945],[136.28,34.0941],[136.2792,34.0865],[136.2671,34.0815],[136.2707,34.0835],[136.2717,34.0865],[136.2692,34.0869],[136.2702,34.0891],[136.2669,34.0921],[136.2659,34.0994],[136.27,34.0987],[136.273,34.1021],[136.2677,34.1023],[136.2594,34.0989],[136.259,34.0884],[136.254,34.088],[136.2492,34.0947],[136.2497,34.1043],[136.2529,34.1043],[136.2664,34.1122],[136.265,34.1135],[136.2661,34.1171],[136.2687,34.1169],[136.2694,34.1211],[136.2756,34.1219],[136.2684,34.1288],[136.2527,34.1119],[136.2413,34.1087],[136.2427,34.1064],[136.2272,34.1],[136.2362,34.0865],[136.2288,34.0857],[136.2253,34.0816],[136.2091,34.0776],[136.2064,34.0746],[136.2066,34.0769],[136.2019,34.0769],[136.2045,34.0684],[136.2069,34.0693],[136.2105,34.0653],[136.2085,34.0629],[136.2424,34.0653],[136.2436,34.0635],[136.2517,34.0616],[136.2433,34.0596],[136.244,34.0387],[136.254,34.0359],[136.257,34.0331],[136.2657,34.0316],[136.2821,34.0196],[136.2724,34.0166],[136.2637,34.0111],[136.2578,34.0111],[136.2511,34.0161],[136.2428,34.0146],[136.2482,34.0136],[136.2543,34.0095],[136.2531,34.0075],[136.2554,34.0059],[136.2626,34.0044],[136.2658,34.0069],[136.2717,34.005],[136.2693,34.0009],[136.2668,34.0014],[136.2659,33.9935],[136.2574,33.9979],[136.2594,33.9953],[136.2599,33.9889],[136.2715,33.9881],[136.2715,33.9731],[136.2691,33.9703],[136.2654,33.9709],[136.2639,33.9678],[136.2564,33.968],[136.253,33.9643],[136.2505,33.9705],[136.2468,33.9725],[136.2384,33.9694],[136.235,33.9747],[136.2352,33.9799],[136.2393,33.9825],[136.2468,33.9797],[136.2518,33.9803],[136.2493,33.982],[136.2525,33.9842],[136.2278,33.9883],[136.2186,33.9962],[136.2165,34.0007],[136.2108,33.9996],[136.2151,33.9839],[136.2026,33.9715],[136.192,33.9717],[136.1981,33.9648],[136.2014,33.9636],[136.2171,33.9741],[136.2217,33.9738],[136.2161,33.9656],[136.222,33.9671],[136.2263,33.9643],[136.2245,33.963],[136.2248,33.9581],[136.2286,33.9551],[136.2272,33.9509],[136.2309,33.9466],[136.2237,33.9457],[136.2169,33.9473],[136.2192,33.9415],[136.215,33.9381],[136.2179,33.9349],[136.212,33.9335],[136.2135,33.9316],[136.2079,33.9321],[136.2073,33.9351],[136.2121,33.9374],[136.2116,33.9389],[136.2007,33.9445],[136.2003,33.9425],[136.1803,33.9378],[136.1886,33.9339],[136.1957,33.936],[136.198,33.9339],[136.194,33.9259],[136.1983,33.9199],[136.194,33.9177],[136.1854,33.9179],[136.1797,33.9134],[136.1705,33.9125],[136.1676,33.9243],[136.1721,33.9249],[136.1704,33.9259],[136.1572,33.9309],[136.1507,33.9309],[136.1473,33.9283],[136.1489,33.924],[136.1544,33.9199],[136.1526,33.9199],[136.1509,33.9159],[136.1516,33.9133],[136.1392,33.9093],[136.1405,33.9059],[136.1499,33.9004],[136.148,33.8972],[136.1403,33.8969],[136.1344,33.899],[136.1374,33.8926],[136.1366,33.8885],[136.1314,33.8877],[136.1302,33.8849],[136.1253,33.8956],[136.1178,33.8988],[136.1159,33.8953],[136.1166,33.8915],[136.1139,33.8891],[136.1077,33.8904],[136.0879,33.8721],[136.0657,33.8405],[136.0484,33.8097],[136.024,33.7532],[136.0198,33.7374],[136.0137,33.7341],[136.0179,33.7323],[136.0113,33.7235],[135.9835,33.736],[135.9736,33.7357],[135.9712,33.7323],[135.9745,33.7292],[135.9762,33.7233],[135.9659,33.7238],[135.9412,33.7351],[135.937,33.7575],[135.9302,33.7539],[135.922,33.7573],[135.917,33.7661],[135.9071,33.7667],[135.8974,33.7855],[135.8978,33.7901],[135.89,33.8019],[135.8837,33.8013],[135.8718,33.8088],[135.8648,33.8101],[135.8563,33.818],[135.8584,33.8289],[135.8554,33.8365],[135.8602,33.8488],[135.8556,33.8543],[135.8531,33.861],[135.8572,33.8655],[135.8576,33.8729],[135.8611,33.8761],[135.8604,33.8655],[135.8648,33.8608],[135.8718,33.8588],[135.8768,33.8631],[135.8771,33.8705],[135.8812,33.8723],[135.8847,33.8723],[135.89,33.8684],[135.8955,33.8688],[135.9013,33.8835],[135.8923,33.8936],[135.8901,33.8912],[135.8918,33.8813],[135.8879,33.8815],[135.8838,33.8864],[135.8879,33.8947],[135.8815,33.9011],[135.8786,33.9085],[135.8942,33.906],[135.8974,33.9121],[135.8933,33.9199],[135.8963,33.9213],[135.9086,33.9184],[135.9171,33.9197],[135.9215,33.9143],[135.9323,33.9167],[135.9342,33.9199],[135.9295,33.9231],[135.9245,33.9199],[135.9177,33.9222],[135.9182,33.9304],[135.9231,33.9345],[135.9306,33.9331],[135.9278,33.9409],[135.9414,33.9397],[135.9537,33.9359],[135.9649,33.9279],[135.9686,33.929],[135.9756,33.9451],[135.9767,33.9537],[135.9748,33.9603],[135.9766,33.9664],[135.987,33.9679],[135.9991,33.9556],[136.0022,33.9611],[136.011,33.9662],[136.0129,33.9737],[136.0053,33.9826],[136.0042,33.9897],[135.9951,34.0002],[135.9968,34.0023],[136.001,34.0013],[136.005,34.0032],[136.0066,34.0071],[136.0032,34.0097],[136.0043,34.0139],[136.0089,34.0209],[136.0147,34.0249],[136.0186,34.0359],[136.0318,34.0325],[136.0377,34.0403],[136.039,34.0363],[136.0436,34.0405],[136.0438,34.0353],[136.0528,34.032],[136.0543,34.0353],[136.0634,34.0329],[136.0732,34.0333],[136.0793,34.0289],[136.0868,34.0283],[136.0968,34.0225],[136.1033,34.0255],[136.0981,34.0435],[136.0924,34.0478],[136.096,34.0561],[136.0937,34.0719],[136.0964,34.0763],[136.0927,34.0826],[136.0979,34.0865],[136.1182,34.0822],[136.103,34.0955],[136.1074,34.1027],[136.1053,34.1046],[136.1042,34.1141],[136.099,34.1187],[136.1081,34.1267],[136.1017,34.1406],[136.1054,34.1437],[136.1071,34.1539],[136.1141,34.1593],[136.1118,34.1674],[136.1045,34.1729],[136.1086,34.1843],[136.0926,34.19],[136.0931,34.1956],[136.0969,34.2019],[136.1049,34.2061],[136.1078,34.2105],[136.1165,34.2123],[136.1169,34.223],[136.1102,34.2239],[136.1102,34.2292],[136.1161,34.2311],[136.1218,34.2387],[136.1289,34.2427],[136.1311,34.2517],[136.1277,34.2555],[136.1183,34.2603],[136.1181,34.2631],[136.1209,34.2664],[136.119,34.2699],[136.1101,34.2807],[136.0985,34.2885],[136.0947,34.301],[136.0996,34.3053],[136.1116,34.3057],[136.1189,34.3104],[136.1218,34.3102],[136.1292,34.3159],[136.1213,34.326],[136.1111,34.3283],[136.1017,34.3365],[136.1017,34.341],[136.0977,34.3455],[136.0952,34.3595],[136.0904,34.3625],[136.0913,34.3679],[136.0861,34.3783],[136.0786,34.3855],[136.0703,34.3881],[136.0687,34.3935],[136.0729,34.3968],[136.0802,34.4097],[136.0883,34.4141],[136.0902,34.4207],[136.0885,34.4282],[136.0958,34.4352],[136.1108,34.4356],[136.1165,34.4413],[136.1279,34.4449],[136.1489,34.4415],[136.1577,34.4482],[136.1776,34.4453],[136.188,34.4503],[136.2059,34.4485],[136.2093,34.4658],[136.218,34.484],[136.2274,34.4887],[136.229,34.4941],[136.2164,34.4987],[136.2147,34.5032],[136.2192,34.5128],[136.216,34.5228],[136.2163,34.5281],[136.2116,34.5288],[136.1899,34.5238],[136.1821,34.5171],[136.1671,34.52],[136.1715,34.5341],[136.1682,34.5395],[136.1601,34.5463],[136.1615,34.5483],[136.156,34.5554],[136.1556,34.5587],[136.1518,34.5591],[136.1511,34.5555],[136.148,34.5557],[136.1383,34.5607],[136.1236,34.5491],[136.1142,34.5459],[136.1106,34.5559],[136.0928,34.5569],[136.0841,34.5593],[136.0735,34.5667],[136.061,34.569],[136.0579,34.577],[136.0495,34.5801],[136.047,34.5865],[136.0497,34.5871],[136.0515,34.5919],[136.0463,34.6002],[136.0621,34.6196],[136.0674,34.6217],[136.0725,34.6366],[136.0646,34.6513],[136.0519,34.6521],[136.0402,34.66],[136.0403,34.6633],[136.0635,34.6521],[136.0767,34.659],[136.0775,34.6621],[136.0821,34.666],[136.0818,34.6699],[136.0855,34.6763],[136.0807,34.6826],[136.0747,34.6976],[136.06,34.6997],[136.0533,34.7051],[136.0632,34.7085],[136.07,34.7137],[136.0673,34.7188],[136.0678,34.7227],[136.0552,34.7384],[136.0406,34.7485],[136.0378,34.7563],[136.0285,34.7572],[136.0335,34.7789],[136.0248,34.7814],[136.0211,34.7844],[136.0203,34.7892],[136.022,34.7918],[136.0263,34.7907],[136.0321,34.7937],[136.0369,34.7937],[136.0461,34.8009],[136.0515,34.7991],[136.0568,34.8035],[136.0628,34.8002],[136.0753,34.808],[136.0818,34.8082],[136.0903,34.8139],[136.094,34.8189],[136.0876,34.829],[136.0892,34.8322],[136.0857,34.8375],[136.0909,34.8365],[136.094,34.8398],[136.1031,34.8405],[136.1056,34.8431],[136.1073,34.8519],[136.1124,34.8559],[136.116,34.8556],[136.1266,34.8618],[136.123,34.8658],[136.1257,34.8699],[136.1218,34.8728],[136.1141,34.8702],[136.1009,34.8703],[136.0852,34.8777],[136.0887,34.8818],[136.0857,34.8857],[136.087,34.8905],[136.0923,34.8882],[136.0956,34.8888],[136.1051,34.8991],[136.1106,34.9019],[136.114,34.8995],[136.1166,34.8922],[136.1308,34.8831],[136.1367,34.8883],[136.1471,34.8823],[136.1653,34.8878],[136.1794,34.8865],[136.1789,34.8807],[136.1817,34.8781],[136.1868,34.8783],[136.1917,34.8725],[136.2027,34.8683],[136.2182,34.8656],[136.2197,34.8633],[136.2263,34.8612],[136.2345,34.8613],[136.2503,34.8578],[136.2663,34.8639],[136.277,34.8742],[136.2835,34.8703],[136.291,34.8704],[136.3122,34.8803],[136.3129,34.8862],[136.3205,34.8897],[136.3248,34.8888],[136.3393,34.8953],[136.3455,34.8952],[136.3496,34.8985],[136.3571,34.9005],[136.3617,34.905],[136.3656,34.9049],[136.3644,34.9103],[136.367,34.9141],[136.3666,34.9204],[136.3749,34.9243],[136.3718,34.9273],[136.3718,34.9344],[136.3748,34.9383],[136.373,34.9418],[136.3862,34.9524],[136.3952,34.9517],[136.4028,34.9681],[136.4143,34.9796],[136.4154,34.991],[136.413,34.9953],[136.4209,34.9997],[136.4175,35.0091],[136.4174,35.0187],[136.4241,35.029],[136.4187,35.03],[136.4167,35.0422],[136.4182,35.0484],[136.4243,35.0565],[136.4278,35.0564],[136.4382,35.0652],[136.4412,35.0651],[136.4356,35.0827],[136.4419,35.0865],[136.4391,35.0907],[136.4414,35.1007],[136.4407,35.1169],[136.4478,35.1235],[136.436,35.1301],[136.4374,35.1353],[136.4419,35.1387],[136.4452,35.1495],[136.4538,35.152],[136.4543,35.1616],[136.4522,35.1657],[136.4456,35.1659],[136.4444,35.1711],[136.4408,35.1715],[136.4247,35.1838],[136.4186,35.1834],[136.4083,35.1872],[136.4167,35.2027],[136.4149,35.2177],[136.4317,35.2291],[136.4358,35.2194],[136.4421,35.2171],[136.462,35.2361],[136.4663,35.2377],[136.4702,35.2329],[136.4738,35.2375],[136.4801,35.2349],[136.4828,35.2397],[136.4896,35.2359],[136.4952,35.2379],[136.5024,35.2347],[136.5078,35.2362],[136.5112,35.2407],[136.5154,35.2532],[136.5275,35.2575]]],[[[136.6657,34.9729],[136.6503,34.9773],[136.6528,34.9918],[136.6639,34.9994],[136.6747,35.0024],[136.6723,34.9967],[136.6666,34.9987],[136.6613,34.9934],[136.6777,34.987],[136.6722,34.9826],[136.6657,34.9729]]],[[[136.9823,34.5407],[136.9762,34.5469],[136.9803,34.5506],[136.9864,34.5502],[136.9864,34.5458],[136.9823,34.5407]]],[[[136.9109,34.5404],[136.9072,34.5425],[136.9149,34.5439],[136.9129,34.5405],[136.9109,34.5404]]],[[[136.8586,34.506],[136.8467,34.5075],[136.8471,34.5101],[136.8509,34.5123],[136.852,34.5156],[136.8549,34.5155],[136.8564,34.5175],[136.8628,34.5187],[136.8667,34.5174],[136.8718,34.5195],[136.8718,34.5217],[136.8697,34.5214],[136.8721,34.5247],[136.8788,34.5263],[136.8715,34.5281],[136.8711,34.5267],[136.8664,34.5266],[136.8667,34.5279],[136.8794,34.5308],[136.8832,34.5297],[136.897,34.5385],[136.8998,34.5377],[136.8989,34.5346],[136.9029,34.5306],[136.9012,34.5255],[136.9042,34.5203],[136.8997,34.5185],[136.8988,34.5224],[136.8933,34.5229],[136.8858,34.5158],[136.8778,34.5147],[136.8753,34.509],[136.8718,34.5115],[136.8709,34.5101],[136.8667,34.5105],[136.8656,34.5067],[136.8586,34.506]]],[[[136.8527,34.5194],[136.8567,34.5224],[136.8625,34.5203],[136.8527,34.5194]]],[[[136.8404,34.5157],[136.8353,34.517],[136.8469,34.52],[136.8404,34.5157]]],[[[136.8863,34.4766],[136.8836,34.4785],[136.8843,34.4814],[136.8801,34.4807],[136.8805,34.4833],[136.8718,34.4855],[136.8757,34.4921],[136.8806,34.4948],[136.8986,34.4987],[136.903,34.503],[136.9084,34.5029],[136.9062,34.4895],[136.9011,34.4897],[136.8886,34.4811],[136.8881,34.4773],[136.8863,34.4766]]],[[[136.8565,34.4825],[136.8509,34.4875],[136.8583,34.4908],[136.8646,34.4892],[136.8637,34.4862],[136.8565,34.4825]]],[[[136.8952,34.4559],[136.8923,34.456],[136.8922,34.4577],[136.8966,34.4609],[136.8976,34.459],[136.8952,34.4559]]],[[[136.8731,34.3572],[136.8704,34.3618],[136.8665,34.3638],[136.8699,34.3672],[136.8718,34.3632],[136.8735,34.3672],[136.8756,34.3678],[136.8773,34.3637],[136.8731,34.3572]]],[[[136.7139,34.3339],[136.718,34.341],[136.7185,34.3365],[136.7139,34.3339]]],[[[136.815,34.3046],[136.812,34.3058],[136.8116,34.3085],[136.8203,34.3113],[136.8247,34.3093],[136.8245,34.3059],[136.8207,34.3048],[136.8188,34.3065],[136.815,34.3046]]],[[[136.6802,34.2951],[136.6819,34.3001],[136.6832,34.2974],[136.6802,34.2951]]],[[[136.8234,34.296],[136.8203,34.2971],[136.825,34.2997],[136.8257,34.2971],[136.8234,34.296]]],[[[136.8221,34.2881],[136.8238,34.2924],[136.8194,34.2935],[136.8226,34.295],[136.8258,34.2937],[136.8248,34.2908],[136.8312,34.2909],[136.8316,34.2891],[136.8238,34.2898],[136.8221,34.2881]]],[[[136.8119,34.287],[136.808,34.2885],[136.8128,34.2919],[136.8153,34.2909],[136.8175,34.2925],[136.8222,34.2905],[136.8119,34.287]]],[[[136.5482,34.2422],[136.5475,34.2475],[136.5499,34.2493],[136.5533,34.2477],[136.5552,34.2433],[136.5482,34.2422]]],[[[136.325,34.1644],[136.3205,34.1656],[136.3171,34.1747],[136.321,34.1736],[136.319,34.1723],[136.3213,34.1699],[136.3203,34.1681],[136.325,34.1644]]],[[[136.301,34.1566],[136.2996,34.1615],[136.3041,34.1634],[136.3036,34.1615],[136.3061,34.1602],[136.301,34.1566]]],[[[136.3658,34.1483],[136.3619,34.1513],[136.366,34.1515],[136.3658,34.1483]]],[[[136.2617,34.0576],[136.2562,34.06],[136.2628,34.0601],[136.2617,34.0576]]]]}},{"type":"Feature","properties":{"name":"広島県","id":34},"geometry":{"type":"MultiPolygon","coordinates":[[[[132.859,35.0926],[132.8718,35.1018],[132.8876,35.1057],[132.8921,35.105],[132.8972,35.1035],[132.9088,35.0865],[132.9182,35.0854],[132.926,35.0811],[132.9338,35.0835],[132.9499,35.0755],[132.9743,35.0835],[132.9787,35.0872],[132.9795,35.0943],[132.9867,35.1007],[132.9902,35.1014],[132.9935,35.0978],[132.9968,35.0985],[133.0015,35.0955],[133.0039,35.0903],[133.0148,35.0865],[133.0159,35.0783],[133.0255,35.0768],[133.033,35.0683],[133.0435,35.0681],[133.0518,35.0704],[133.0603,35.0814],[133.0685,35.0802],[133.0719,35.0821],[133.0861,35.0787],[133.0937,35.0845],[133.1067,35.0828],[133.1123,35.0857],[133.1136,35.0841],[133.1192,35.0846],[133.1274,35.0766],[133.1357,35.0743],[133.136,35.0693],[133.1424,35.0652],[133.1611,35.0736],[133.1685,35.0677],[133.173,35.069],[133.1791,35.0675],[133.1976,35.0721],[133.2142,35.074],[133.2283,35.0684],[133.2326,35.0705],[133.232,35.0776],[133.2398,35.0791],[133.2506,35.0781],[133.2618,35.0624],[133.2684,35.0578],[133.2667,35.0519],[133.2798,35.0415],[133.2854,35.0395],[133.2922,35.033],[133.3044,35.0152],[133.3161,35.011],[133.3212,35.0061],[133.3192,34.9961],[133.3203,34.9867],[133.3099,34.9745],[133.3031,34.9715],[133.3034,34.9643],[133.2967,34.9554],[133.3089,34.9371],[133.3016,34.928],[133.3042,34.9199],[133.3023,34.913],[133.297,34.9089],[133.2944,34.9028],[133.2972,34.8895],[133.3102,34.8737],[133.3141,34.8717],[133.3161,34.8673],[133.3234,34.8645],[133.3226,34.8591],[133.3301,34.8559],[133.3283,34.8531],[133.3349,34.8447],[133.3323,34.8396],[133.3442,34.8297],[133.3475,34.8288],[133.3473,34.8319],[133.3528,34.8297],[133.3592,34.8199],[133.3672,34.8191],[133.3689,34.8145],[133.3745,34.8126],[133.3778,34.8051],[133.3758,34.7967],[133.3698,34.7887],[133.3718,34.7841],[133.3758,34.7815],[133.3718,34.7801],[133.3668,34.7744],[133.3652,34.7685],[133.3669,34.7613],[133.3613,34.7556],[133.367,34.7532],[133.3698,34.7466],[133.3576,34.7333],[133.3621,34.7266],[133.3692,34.7228],[133.3699,34.7117],[133.3752,34.6946],[133.3826,34.6894],[133.3857,34.6838],[133.3826,34.6799],[133.3941,34.6736],[133.3967,34.6754],[133.4028,34.6719],[133.3961,34.6529],[133.3934,34.6496],[133.3914,34.6497],[133.3886,34.6437],[133.3873,34.635],[133.391,34.6322],[133.3829,34.6215],[133.3858,34.6161],[133.3925,34.61],[133.392,34.6081],[133.396,34.6023],[133.3965,34.5954],[133.4068,34.5893],[133.4124,34.5888],[133.4134,34.5867],[133.4214,34.5868],[133.4263,34.5704],[133.4354,34.5647],[133.4453,34.5551],[133.4489,34.5427],[133.4481,34.5398],[133.4527,34.5351],[133.453,34.5299],[133.4471,34.5188],[133.4484,34.5116],[133.446,34.5116],[133.4455,34.5057],[133.4534,34.5063],[133.455,34.5032],[133.4543,34.4944],[133.4482,34.4871],[133.4463,34.4802],[133.4441,34.486],[133.4423,34.4811],[133.4448,34.4774],[133.4445,34.4466],[133.4422,34.4451],[133.4145,34.4593],[133.4143,34.4784],[133.4089,34.4799],[133.4078,34.4785],[133.4105,34.4729],[133.4062,34.4621],[133.4068,34.4586],[133.434,34.4431],[133.4323,34.4397],[133.4392,34.4365],[133.4307,34.4241],[133.4116,34.4376],[133.4042,34.4355],[133.4072,34.4285],[133.3963,34.4268],[133.3909,34.4226],[133.3859,34.4219],[133.3844,34.4193],[133.3799,34.3928],[133.3831,34.3884],[133.3829,34.3812],[133.3774,34.3817],[133.3787,34.3792],[133.3669,34.3691],[133.3592,34.369],[133.3464,34.3655],[133.3464,34.3765],[133.3347,34.3807],[133.3322,34.3786],[133.3247,34.3813],[133.3232,34.3767],[133.3104,34.3839],[133.3083,34.3822],[133.3086,34.3851],[133.3066,34.3843],[133.3055,34.3875],[133.3004,34.3859],[133.3001,34.3832],[133.2965,34.3851],[133.2933,34.3835],[133.2904,34.3849],[133.2901,34.3834],[133.2863,34.3869],[133.2853,34.3857],[133.2804,34.3955],[133.281,34.4011],[133.2781,34.4005],[133.2717,34.3925],[133.2617,34.3948],[133.2544,34.3887],[133.2468,34.3894],[133.2439,34.3914],[133.2429,34.3998],[133.2468,34.3978],[133.2524,34.4015],[133.257,34.3968],[133.2589,34.3971],[133.2586,34.4014],[133.2617,34.4047],[133.2641,34.4035],[133.2704,34.4061],[133.2724,34.4135],[133.2728,34.4199],[133.27,34.4259],[133.27,34.4315],[133.2659,34.4345],[133.2569,34.4359],[133.2565,34.4385],[133.2549,34.4382],[133.2567,34.4417],[133.2513,34.4415],[133.2548,34.4275],[133.2535,34.4234],[133.2511,34.4227],[133.2466,34.4365],[133.2415,34.4359],[133.2439,34.4235],[133.2369,34.4199],[133.2369,34.417],[133.2327,34.4163],[133.2335,34.4115],[133.2179,34.4093],[133.2107,34.4106],[133.193,34.4035],[133.1497,34.3929],[133.129,34.3836],[133.1218,34.3827],[133.1185,34.3826],[133.1101,34.3881],[133.0843,34.3955],[133.0893,34.3913],[133.0887,34.39],[133.0923,34.3887],[133.086,34.3781],[133.0791,34.3463],[133.072,34.3429],[133.0605,34.3451],[133.0498,34.3413],[133.0513,34.3401],[133.0502,34.3383],[133.0459,34.3389],[133.0479,34.3381],[133.0469,34.3365],[133.0434,34.3375],[133.0439,34.3331],[133.0395,34.3312],[133.0381,34.3337],[133.04,34.3349],[133.0369,34.3363],[133.0168,34.3291],[133.0066,34.3295],[133.0021,34.3339],[132.9946,34.3365],[132.984,34.3318],[132.9647,34.3365],[132.9618,34.3365],[132.9597,34.3341],[132.9496,34.3369],[132.9502,34.3394],[132.9298,34.3261],[132.9203,34.3257],[132.9159,34.3297],[132.9194,34.3291],[132.9127,34.3365],[132.9131,34.3293],[132.9096,34.3272],[132.8945,34.3263],[132.8913,34.3251],[132.8925,34.3234],[132.8882,34.3239],[132.8864,34.3221],[132.8848,34.3159],[132.8779,34.3164],[132.8718,34.3121],[132.868,34.3118],[132.8718,34.3062],[132.8749,34.3073],[132.8734,34.3023],[132.8681,34.3051],[132.8616,34.2979],[132.8552,34.2999],[132.8539,34.2965],[132.8507,34.2966],[132.8521,34.294],[132.8469,34.2923],[132.8456,34.2991],[132.8432,34.2985],[132.8343,34.3043],[132.8365,34.3122],[132.8318,34.3125],[132.8341,34.3158],[132.8313,34.3143],[132.8184,34.3164],[132.8142,34.3149],[132.8139,34.3165],[132.8108,34.3145],[132.8119,34.3123],[132.7966,34.311],[132.7985,34.3085],[132.7952,34.2981],[132.7873,34.286],[132.7881,34.2782],[132.7861,34.2793],[132.7845,34.2761],[132.775,34.2801],[132.7698,34.2789],[132.7647,34.282],[132.7567,34.2805],[132.7536,34.2821],[132.753,34.2767],[132.7589,34.2691],[132.7571,34.2637],[132.7529,34.2605],[132.7553,34.257],[132.7638,34.2623],[132.7708,34.2592],[132.7721,34.2532],[132.7575,34.2463],[132.7598,34.2409],[132.7536,34.2386],[132.7468,34.2424],[132.7327,34.2425],[132.7276,34.2394],[132.7183,34.2403],[132.7021,34.2372],[132.6943,34.234],[132.6962,34.2315],[132.6842,34.2217],[132.684,34.2108],[132.6738,34.2141],[132.6667,34.2191],[132.6603,34.2183],[132.657,34.2155],[132.6608,34.2097],[132.6588,34.2069],[132.6412,34.202],[132.6352,34.2017],[132.6323,34.2057],[132.6272,34.2059],[132.6264,34.2101],[132.6205,34.2128],[132.6182,34.2105],[132.616,34.2128],[132.6157,34.2239],[132.6112,34.2239],[132.6102,34.2216],[132.6036,34.2233],[132.605,34.2265],[132.5958,34.2307],[132.5859,34.2145],[132.5678,34.1985],[132.5377,34.1937],[132.5435,34.2088],[132.5312,34.2213],[132.5373,34.2285],[132.5468,34.2257],[132.5497,34.2269],[132.5463,34.2299],[132.5522,34.2287],[132.5529,34.2315],[132.5513,34.2327],[132.5532,34.2347],[132.5553,34.2337],[132.5572,34.2373],[132.5556,34.2399],[132.5566,34.242],[132.5553,34.2429],[132.5534,34.2401],[132.5512,34.2425],[132.5494,34.2406],[132.5445,34.2403],[132.541,34.2425],[132.5462,34.2445],[132.5389,34.2476],[132.5408,34.2451],[132.5386,34.2429],[132.5348,34.2436],[132.5308,34.2413],[132.5238,34.2457],[132.5283,34.2483],[132.528,34.2556],[132.5246,34.2586],[132.5179,34.2557],[132.5141,34.2569],[132.5167,34.2622],[132.5143,34.2649],[132.5181,34.2809],[132.5128,34.2851],[132.5137,34.2889],[132.5083,34.2929],[132.5096,34.2941],[132.4945,34.3135],[132.5028,34.3268],[132.5036,34.3365],[132.501,34.338],[132.4956,34.3339],[132.4911,34.3365],[132.4968,34.3487],[132.5044,34.3488],[132.5051,34.3443],[132.5084,34.3419],[132.5072,34.3391],[132.5105,34.3411],[132.5102,34.3432],[132.516,34.3445],[132.5082,34.3525],[132.521,34.3592],[132.5266,34.3545],[132.5286,34.3559],[132.5267,34.3559],[132.5218,34.3629],[132.5181,34.3613],[132.5195,34.3638],[132.5169,34.3651],[132.508,34.3569],[132.5005,34.3556],[132.4968,34.357],[132.4917,34.3536],[132.4888,34.3537],[132.4888,34.357],[132.4863,34.357],[132.486,34.3555],[132.4811,34.3571],[132.481,34.3539],[132.4805,34.3594],[132.4784,34.3595],[132.4784,34.3577],[132.4696,34.3519],[132.4643,34.3531],[132.4569,34.3517],[132.458,34.3637],[132.4551,34.3558],[132.4493,34.3513],[132.4493,34.348],[132.4467,34.3481],[132.4472,34.3501],[132.4277,34.3557],[132.4228,34.3595],[132.422,34.3583],[132.4125,34.3625],[132.4098,34.3585],[132.4034,34.3623],[132.4016,34.3617],[132.4022,34.3631],[132.3985,34.3651],[132.3968,34.3627],[132.3797,34.3616],[132.3761,34.3635],[132.3742,34.36],[132.3762,34.3523],[132.375,34.3559],[132.3721,34.3553],[132.375,34.3561],[132.3737,34.3609],[132.3661,34.3578],[132.3679,34.3543],[132.3705,34.355],[132.3679,34.3542],[132.3659,34.3577],[132.3613,34.3561],[132.3645,34.3501],[132.3628,34.3496],[132.3611,34.3561],[132.3655,34.3578],[132.3637,34.3609],[132.3601,34.361],[132.3605,34.3587],[132.3463,34.3565],[132.3471,34.3548],[132.3399,34.3533],[132.3492,34.3535],[132.3505,34.3511],[132.3398,34.3469],[132.3331,34.3466],[132.3342,34.3443],[132.3365,34.3452],[132.3383,34.3419],[132.3453,34.3445],[132.3469,34.3414],[132.336,34.3377],[132.332,34.3451],[132.3287,34.3424],[132.326,34.3443],[132.3198,34.3384],[132.3211,34.3377],[132.3192,34.3365],[132.3178,34.324],[132.3139,34.3189],[132.3081,34.3167],[132.3,34.3061],[132.2906,34.3008],[132.2813,34.2867],[132.275,34.2807],[132.272,34.2818],[132.2731,34.2793],[132.2709,34.2771],[132.2667,34.2803],[132.2643,34.2783],[132.2656,34.2764],[132.2636,34.2725],[132.26,34.2738],[132.2468,34.2645],[132.2322,34.2573],[132.2258,34.2465],[132.2282,34.2445],[132.2269,34.2363],[132.2238,34.2365],[132.2199,34.2333],[132.236,34.2255],[132.2393,34.218],[132.2407,34.2187],[132.2446,34.2143],[132.2449,34.2107],[132.2213,34.2083],[132.2088,34.2025],[132.2015,34.2078],[132.1958,34.2043],[132.1926,34.2069],[132.2035,34.2245],[132.204,34.2287],[132.1985,34.2253],[132.1973,34.2305],[132.1927,34.2307],[132.1926,34.2265],[132.179,34.2297],[132.1703,34.2253],[132.1668,34.2286],[132.1702,34.2295],[132.1692,34.2337],[132.1586,34.2335],[132.159,34.2295],[132.157,34.2292],[132.1496,34.2366],[132.1447,34.2364],[132.1436,34.2412],[132.1465,34.2532],[132.1449,34.2581],[132.138,34.2629],[132.1335,34.2708],[132.1394,34.2847],[132.1292,34.2943],[132.1247,34.2913],[132.1279,34.296],[132.1239,34.2961],[132.1288,34.3038],[132.1225,34.3087],[132.1233,34.319],[132.1276,34.3217],[132.1267,34.3326],[132.1218,34.3336],[132.1184,34.3305],[132.1128,34.3305],[132.1071,34.3279],[132.1003,34.3365],[132.1004,34.3443],[132.095,34.3501],[132.0881,34.3515],[132.0844,34.3579],[132.077,34.3559],[132.0692,34.3563],[132.071,34.3625],[132.0694,34.3695],[132.0738,34.3733],[132.0725,34.3761],[132.0767,34.3888],[132.0699,34.3908],[132.0733,34.4017],[132.0681,34.4151],[132.0767,34.4259],[132.0742,34.4319],[132.0802,34.4423],[132.0633,34.4762],[132.0572,34.4807],[132.0583,34.4929],[132.049,34.4997],[132.0383,34.4995],[132.0359,34.5022],[132.0482,34.5161],[132.0473,34.5215],[132.0527,34.5299],[132.0838,34.5379],[132.098,34.5528],[132.111,34.5619],[132.1152,34.5667],[132.118,34.5746],[132.1174,34.5787],[132.1251,34.5825],[132.1237,34.5865],[132.1299,34.598],[132.1169,34.6026],[132.1157,34.6127],[132.1212,34.6191],[132.1218,34.6225],[132.1296,34.6303],[132.126,34.6413],[132.1338,34.6453],[132.1336,34.6483],[132.1363,34.6488],[132.1373,34.6522],[132.1464,34.6621],[132.1478,34.6681],[132.154,34.6779],[132.1612,34.6833],[132.1588,34.6899],[132.1557,34.6929],[132.1435,34.6937],[132.1411,34.6919],[132.1299,34.6989],[132.13,34.708],[132.136,34.708],[132.1423,34.7119],[132.1422,34.7155],[132.1495,34.7182],[132.1786,34.7365],[132.1843,34.7338],[132.1888,34.7345],[132.1958,34.7389],[132.1961,34.7449],[132.203,34.7488],[132.2094,34.7449],[132.2215,34.7503],[132.2236,34.758],[132.222,34.7615],[132.226,34.7659],[132.225,34.7702],[132.2334,34.774],[132.2331,34.7768],[132.2418,34.7845],[132.2419,34.799],[132.2383,34.8005],[132.241,34.8059],[132.2593,34.8065],[132.2669,34.8021],[132.2699,34.7981],[132.2741,34.7999],[132.2776,34.7987],[132.2747,34.7914],[132.2782,34.7892],[132.2797,34.7835],[132.298,34.7771],[132.301,34.7847],[132.306,34.7901],[132.3053,34.7935],[132.3157,34.8014],[132.3184,34.8008],[132.3205,34.7961],[132.3248,34.7924],[132.3356,34.7901],[132.352,34.7981],[132.3564,34.7972],[132.3603,34.8002],[132.3718,34.8012],[132.3824,34.7949],[132.381,34.7858],[132.3895,34.7827],[132.3924,34.7837],[132.396,34.7794],[132.4139,34.7979],[132.4228,34.7981],[132.4205,34.814],[132.426,34.8131],[132.4346,34.8206],[132.4559,34.8074],[132.4545,34.8033],[132.4525,34.8029],[132.454,34.8012],[132.4712,34.8023],[132.475,34.7994],[132.4796,34.7998],[132.4844,34.7973],[132.4953,34.8009],[132.5051,34.796],[132.5109,34.8014],[132.5195,34.8037],[132.5374,34.7949],[132.5436,34.7977],[132.5468,34.8029],[132.5536,34.8081],[132.5673,34.8064],[132.5689,34.8118],[132.5788,34.8161],[132.5858,34.8227],[132.5895,34.8215],[132.5936,34.8292],[132.5991,34.8335],[132.6024,34.831],[132.6116,34.8343],[132.6114,34.8404],[132.6125,34.8397],[132.6151,34.8433],[132.6319,34.8427],[132.6324,34.8401],[132.6356,34.8409],[132.642,34.8379],[132.6507,34.8405],[132.6533,34.8365],[132.6601,34.8327],[132.6691,34.8329],[132.671,34.8433],[132.6792,34.8513],[132.6895,34.851],[132.6923,34.8448],[132.6972,34.8429],[132.7014,34.8467],[132.7099,34.8499],[132.708,34.8605],[132.7052,34.8634],[132.6999,34.8821],[132.6798,34.8846],[132.6751,34.8943],[132.663,34.8899],[132.6588,34.892],[132.6547,34.8997],[132.635,34.8987],[132.6333,34.9049],[132.6404,34.9039],[132.6469,34.9117],[132.6505,34.9199],[132.6616,34.9246],[132.6672,34.9311],[132.6729,34.9319],[132.6829,34.9454],[132.6845,34.9507],[132.6992,34.9532],[132.7017,34.9516],[132.707,34.955],[132.7126,34.9534],[132.7198,34.9481],[132.7268,34.9533],[132.7266,34.9561],[132.7393,34.9621],[132.7407,34.9567],[132.7468,34.9593],[132.7521,34.9671],[132.7452,34.9771],[132.7548,34.9779],[132.7679,34.9847],[132.7651,34.9901],[132.7663,34.9912],[132.763,34.9933],[132.7656,34.9965],[132.7872,35.0048],[132.7871,35.014],[132.7939,35.0201],[132.8049,35.0257],[132.8102,35.0323],[132.8098,35.0349],[132.8127,35.0361],[132.8139,35.0407],[132.8287,35.047],[132.8362,35.0473],[132.8365,35.0525],[132.827,35.0612],[132.859,35.0926]]],[[[133.2114,34.3567],[133.2085,34.3612],[133.19,34.3575],[133.1841,34.3587],[133.18,34.3645],[133.1745,34.3665],[133.1734,34.3799],[133.1699,34.3863],[133.1719,34.3921],[133.1769,34.3958],[133.1857,34.3958],[133.1919,34.3985],[133.1933,34.3971],[133.1923,34.399],[133.1942,34.4015],[133.2143,34.4094],[133.2211,34.4065],[133.2355,34.4063],[133.238,34.3974],[133.2352,34.3901],[133.2341,34.3923],[133.2306,34.3928],[133.2299,34.3892],[133.2182,34.3804],[133.2168,34.3642],[133.2126,34.3636],[133.2114,34.3567]]],[[[133.1708,34.3735],[133.1641,34.3759],[133.1562,34.3745],[133.1553,34.3791],[133.1521,34.381],[133.1523,34.3851],[133.1581,34.3873],[133.161,34.3913],[133.167,34.3901],[133.1718,34.3783],[133.1708,34.3735]]],[[[133.3985,34.3776],[133.3926,34.3821],[133.3875,34.3829],[133.3914,34.3878],[133.3987,34.3881],[133.3993,34.3845],[133.4032,34.3838],[133.3985,34.3776]]],[[[133.2702,34.3612],[133.2595,34.3663],[133.2569,34.3785],[133.2596,34.3838],[133.271,34.3792],[133.2755,34.3789],[133.2775,34.3807],[133.2779,34.3741],[133.2702,34.3612]]],[[[133.2425,34.3711],[133.2382,34.3737],[133.2403,34.3795],[133.2448,34.3754],[133.245,34.3729],[133.2425,34.3711]]],[[[133.303,34.3428],[133.2971,34.3438],[133.2894,34.3567],[133.3001,34.367],[133.317,34.3728],[133.3217,34.3658],[133.3238,34.3663],[133.3236,34.3601],[133.3314,34.3663],[133.3313,34.3703],[133.3334,34.3677],[133.3407,34.3694],[133.336,34.3559],[133.3194,34.3528],[133.303,34.3428]]],[[[133.1355,34.3598],[133.1326,34.3615],[133.1366,34.3666],[133.1456,34.3706],[133.1446,34.3633],[133.1355,34.3598]]],[[[133.0988,34.3597],[133.0995,34.364],[133.1058,34.3679],[133.1081,34.3665],[133.1033,34.3607],[133.0988,34.3597]]],[[[133.1122,34.3176],[133.1059,34.3187],[133.1034,34.3223],[133.0958,34.3235],[133.0943,34.331],[133.0991,34.3255],[133.1019,34.3257],[133.097,34.3392],[133.1023,34.3445],[133.1038,34.3573],[133.1157,34.3599],[133.1218,34.3515],[133.1256,34.3365],[133.121,34.3263],[133.1122,34.3176]]],[[[133.1921,34.2751],[133.1846,34.2779],[133.1783,34.283],[133.1747,34.2903],[133.1681,34.2959],[133.1669,34.2948],[133.1564,34.2984],[133.1489,34.3122],[133.1507,34.3128],[133.1488,34.3125],[133.1396,34.3267],[133.1339,34.3288],[133.1333,34.3332],[133.1358,34.3387],[133.1406,34.3406],[133.1379,34.3433],[133.138,34.3471],[133.144,34.3475],[133.1461,34.3451],[133.1483,34.3549],[133.1463,34.3565],[133.149,34.3584],[133.1689,34.3579],[133.1762,34.3553],[133.1761,34.3437],[133.1838,34.3387],[133.1837,34.3365],[133.18,34.3343],[133.1807,34.333],[133.1843,34.3359],[133.1958,34.3381],[133.197,34.3302],[133.2005,34.3277],[133.2036,34.3187],[133.2089,34.3193],[133.2101,34.3133],[133.1997,34.3081],[133.194,34.3017],[133.1939,34.2971],[133.2096,34.2975],[133.1961,34.2863],[133.1985,34.2798],[133.1966,34.2762],[133.1921,34.2751]]],[[[133.1414,34.3515],[133.1379,34.3575],[133.1412,34.3566],[133.1414,34.3515]]],[[[133.2617,34.3323],[133.2653,34.3365],[133.2655,34.3424],[133.2623,34.3465],[133.2808,34.3567],[133.2873,34.3568],[133.285,34.3394],[133.2788,34.3353],[133.2617,34.3323]]],[[[132.4627,34.3402],[132.458,34.3435],[132.4593,34.3519],[132.4635,34.3441],[132.4627,34.3402]]],[[[133.4459,34.3358],[133.4304,34.3391],[133.4276,34.3439],[133.4297,34.3477],[133.432,34.3475],[133.4341,34.351],[133.4382,34.3508],[133.4472,34.3419],[133.4513,34.3419],[133.4539,34.3383],[133.4502,34.3398],[133.4459,34.3358]]],[[[132.4808,34.3309],[132.4761,34.3455],[132.4797,34.3469],[132.485,34.344],[132.4834,34.3419],[132.4861,34.3365],[132.4808,34.3309]]],[[[133.0775,34.3016],[133.0646,34.3046],[133.0614,34.314],[133.0657,34.3259],[133.0714,34.331],[133.0741,34.3307],[133.0756,34.3339],[133.079,34.3331],[133.0864,34.3145],[133.0814,34.3051],[133.0775,34.3016]]],[[[132.4327,34.2973],[132.4242,34.3025],[132.422,34.3001],[132.4151,34.2999],[132.4147,34.3024],[132.4215,34.3037],[132.432,34.3122],[132.4316,34.3188],[132.4418,34.3259],[132.447,34.3163],[132.4434,34.3083],[132.4374,34.3045],[132.4405,34.3024],[132.4421,34.2974],[132.436,34.3005],[132.4327,34.2973]]],[[[132.9479,34.3093],[132.9358,34.3236],[132.942,34.3237],[132.9471,34.3165],[132.9479,34.3093]]],[[[132.464,34.3108],[132.4596,34.3124],[132.4617,34.3171],[132.464,34.3108]]],[[[133.4612,34.31],[133.4576,34.3155],[133.4607,34.3146],[133.4648,34.3167],[133.4697,34.3142],[133.4694,34.3102],[133.4656,34.3126],[133.4612,34.31]]],[[[133.0825,34.2565],[133.0751,34.2588],[133.0681,34.2641],[133.0676,34.2729],[133.0805,34.2976],[133.0834,34.3077],[133.0926,34.3137],[133.0961,34.3133],[133.0942,34.3134],[133.0953,34.3069],[133.1014,34.3061],[133.104,34.3081],[133.1052,34.3068],[133.1076,34.3105],[133.1147,34.3099],[133.131,34.3159],[133.1392,34.3152],[133.1483,34.2992],[133.1468,34.2895],[133.1435,34.2861],[133.1149,34.274],[133.1115,34.2669],[133.0954,34.2599],[133.0933,34.2569],[133.0825,34.2565]]],[[[132.9934,34.3028],[132.9877,34.3148],[132.9915,34.3143],[132.9973,34.3091],[132.9968,34.305],[132.9947,34.3053],[132.9934,34.3028]]],[[[132.2738,34.2314],[132.2695,34.2419],[132.2691,34.2477],[132.262,34.2532],[132.2632,34.2563],[132.2703,34.2571],[132.2805,34.2689],[132.2881,34.2863],[132.3091,34.2961],[132.3184,34.2957],[132.32,34.2999],[132.3326,34.3103],[132.3357,34.3041],[132.3398,34.3033],[132.3385,34.3003],[132.3434,34.2939],[132.3468,34.294],[132.3465,34.2809],[132.3406,34.2779],[132.3396,34.2735],[132.3163,34.2591],[132.3033,34.2445],[132.2738,34.2314]]],[[[132.9163,34.2801],[132.9145,34.2801],[132.9145,34.283],[132.9122,34.2822],[132.9135,34.2855],[132.91,34.2834],[132.9071,34.2869],[132.9053,34.2847],[132.9048,34.2891],[132.9069,34.294],[132.9141,34.2998],[132.9166,34.2989],[132.9141,34.2947],[132.9171,34.2905],[132.9228,34.297],[132.925,34.2967],[132.9241,34.2861],[132.9163,34.2801]]],[[[132.4284,34.1284],[132.4441,34.1515],[132.4437,34.1583],[132.4482,34.1685],[132.443,34.1699],[132.4447,34.1779],[132.4497,34.1807],[132.4516,34.1776],[132.4566,34.1758],[132.4526,34.1825],[132.4466,34.1839],[132.4425,34.1945],[132.4383,34.1954],[132.4355,34.1949],[132.433,34.1795],[132.4275,34.1729],[132.4271,34.1793],[132.4225,34.1803],[132.4205,34.1965],[132.4077,34.2041],[132.385,34.2253],[132.3849,34.2293],[132.3882,34.2305],[132.3876,34.2394],[132.3792,34.2532],[132.3756,34.2539],[132.3718,34.2588],[132.3764,34.2645],[132.3798,34.2571],[132.3831,34.257],[132.3863,34.2601],[132.3977,34.2601],[132.4123,34.2593],[132.4218,34.2565],[132.4328,34.2395],[132.4401,34.2242],[132.4485,34.2239],[132.4493,34.2267],[132.4523,34.2261],[132.4567,34.2303],[132.4638,34.2172],[132.4685,34.2142],[132.4695,34.2096],[132.4725,34.2081],[132.4788,34.2312],[132.4775,34.2352],[132.4682,34.2465],[132.4554,34.2565],[132.4504,34.2532],[132.4505,34.248],[132.4419,34.2455],[132.4346,34.2473],[132.4319,34.2532],[132.445,34.2662],[132.4349,34.2763],[132.4341,34.2853],[132.4405,34.2887],[132.4474,34.2848],[132.4507,34.2866],[132.4692,34.2869],[132.4731,34.2836],[132.4798,34.2853],[132.4778,34.2962],[132.4973,34.2689],[132.4945,34.2532],[132.4906,34.2468],[132.4936,34.2415],[132.4956,34.2419],[132.4959,34.2393],[132.493,34.2375],[132.4951,34.2334],[132.4918,34.2297],[132.4891,34.2198],[132.4895,34.204],[132.4858,34.2002],[132.4836,34.2005],[132.4789,34.1928],[132.4743,34.1955],[132.4712,34.1803],[132.4727,34.1775],[132.4763,34.1783],[132.487,34.1609],[132.4902,34.1504],[132.4878,34.1487],[132.4862,34.1427],[132.4891,34.142],[132.4819,34.1447],[132.4598,34.1344],[132.4552,34.1337],[132.4491,34.1358],[132.4456,34.1323],[132.4455,34.1383],[132.4427,34.1353],[132.4284,34.1284]]],[[[132.8847,34.2757],[132.8819,34.2796],[132.8834,34.2818],[132.8818,34.2859],[132.883,34.2901],[132.8869,34.2811],[132.8847,34.2757]]],[[[132.9377,34.2834],[132.9352,34.2857],[132.942,34.2877],[132.9438,34.2839],[132.9377,34.2834]]],[[[132.8791,34.2058],[132.8569,34.2082],[132.8502,34.2126],[132.8399,34.2277],[132.8463,34.2318],[132.843,34.2377],[132.8374,34.2418],[132.8416,34.2415],[132.8483,34.2448],[132.8568,34.2399],[132.8594,34.2419],[132.855,34.2489],[132.8609,34.2447],[132.8641,34.2481],[132.8818,34.2481],[132.8818,34.2499],[132.8779,34.2498],[132.8782,34.2532],[132.8862,34.2616],[132.8895,34.2615],[132.8929,34.2576],[132.8912,34.2532],[132.8921,34.2495],[132.8932,34.2514],[132.8999,34.2473],[132.9027,34.2486],[132.9014,34.2532],[132.9076,34.2599],[132.9064,34.2625],[132.9257,34.2823],[132.9281,34.2808],[132.9298,34.2845],[132.932,34.2844],[132.9416,34.2772],[132.9281,34.2467],[132.9192,34.2369],[132.914,34.235],[132.9157,34.2341],[132.9163,34.2217],[132.9146,34.2217],[132.9205,34.215],[132.9142,34.2117],[132.9069,34.2139],[132.8917,34.2126],[132.8791,34.2058]]],[[[132.8026,34.2685],[132.7909,34.2717],[132.7901,34.2749],[132.805,34.2821],[132.8045,34.2801],[132.8082,34.2808],[132.8106,34.2766],[132.8026,34.2685]]],[[[132.3644,34.274],[132.3605,34.2761],[132.3705,34.2795],[132.3768,34.2793],[132.3775,34.2773],[132.3767,34.2741],[132.37,34.2754],[132.3644,34.274]]],[[[132.9057,34.271],[132.9067,34.2777],[132.9101,34.2773],[132.9102,34.2742],[132.9057,34.271]]],[[[132.8752,34.2551],[132.8683,34.2583],[132.8686,34.2631],[132.8635,34.2629],[132.8648,34.269],[132.8679,34.2675],[132.8682,34.2711],[132.8718,34.2681],[132.8749,34.2683],[132.8732,34.2619],[132.8763,34.2587],[132.8752,34.2551]]],[[[132.7703,34.2643],[132.7747,34.2683],[132.7744,34.2654],[132.7703,34.2643]]],[[[132.7842,34.2561],[132.7811,34.2565],[132.7819,34.262],[132.7862,34.2601],[132.7868,34.2563],[132.7842,34.2561]]],[[[132.3572,34.2361],[132.3538,34.2379],[132.3535,34.2419],[132.3558,34.2408],[132.3572,34.2361]]],[[[132.6941,34.2173],[132.6914,34.2209],[132.6945,34.2233],[132.7,34.2208],[132.7004,34.2188],[132.6941,34.2173]]],[[[132.7377,34.158],[132.735,34.1592],[132.736,34.1615],[132.742,34.1671],[132.7386,34.1729],[132.7254,34.1725],[132.7211,34.1699],[132.7172,34.1723],[132.713,34.1806],[132.6999,34.1797],[132.6923,34.1835],[132.6856,34.1826],[132.687,34.1889],[132.6859,34.1963],[132.6979,34.2037],[132.7083,34.2044],[132.7213,34.1971],[132.7236,34.2],[132.7449,34.1931],[132.7521,34.1941],[132.7586,34.1921],[132.754,34.1828],[132.7559,34.1809],[132.7629,34.1818],[132.7648,34.1785],[132.7544,34.1647],[132.7468,34.1623],[132.7425,34.1639],[132.7377,34.158]]],[[[132.6626,34.1699],[132.6616,34.1743],[132.6566,34.1757],[132.6501,34.171],[132.6443,34.1709],[132.648,34.1849],[132.6553,34.1954],[132.6665,34.2003],[132.6677,34.1993],[132.6718,34.203],[132.6759,34.2032],[132.6757,34.1942],[132.6786,34.1961],[132.678,34.1943],[132.6826,34.1903],[132.6826,34.1858],[132.6736,34.1735],[132.6626,34.1699]]],[[[132.5504,34.079],[132.5469,34.0856],[132.5474,34.0894],[132.543,34.0908],[132.5442,34.0974],[132.5419,34.0993],[132.5356,34.0951],[132.5341,34.1027],[132.5307,34.1032],[132.5246,34.0953],[132.5186,34.0929],[132.515,34.0955],[132.512,34.091],[132.5127,34.0981],[132.5091,34.1032],[132.5016,34.1032],[132.4983,34.0915],[132.4849,34.0914],[132.4836,34.0865],[132.4812,34.0852],[132.4794,34.0893],[132.46,34.0823],[132.4534,34.0935],[132.4478,34.0935],[132.4474,34.108],[132.4549,34.1151],[132.4638,34.1157],[132.4679,34.1221],[132.4709,34.1189],[132.4738,34.1199],[132.4727,34.125],[132.4756,34.1235],[132.4886,34.1307],[132.4982,34.1336],[132.5031,34.1331],[132.5074,34.1411],[132.5056,34.1465],[132.4948,34.1486],[132.493,34.1593],[132.4955,34.1699],[132.5013,34.1837],[132.5259,34.1997],[132.5285,34.1985],[132.5365,34.1999],[132.5365,34.1966],[132.5326,34.1913],[132.5346,34.1875],[132.5456,34.1894],[132.5513,34.1871],[132.5514,34.1811],[132.556,34.1796],[132.5569,34.1708],[132.5481,34.1769],[132.5404,34.173],[132.5416,34.1699],[132.5394,34.1649],[132.5339,34.1621],[132.5323,34.1647],[132.5294,34.1649],[132.5227,34.1593],[132.5207,34.1548],[132.5264,34.1549],[132.5288,34.1526],[132.5273,34.1491],[132.5296,34.1493],[132.5309,34.147],[132.5478,34.1513],[132.5477,34.1415],[132.5525,34.1491],[132.557,34.1506],[132.549,34.1408],[132.5447,34.1249],[132.5374,34.1211],[132.5398,34.1157],[132.5394,34.1071],[132.545,34.1106],[132.5482,34.1167],[132.5577,34.1169],[132.5671,34.1235],[132.5726,34.1242],[132.5751,34.1277],[132.5822,34.1233],[132.581,34.1201],[132.5822,34.1131],[132.5859,34.1104],[132.5913,34.1149],[132.5893,34.1087],[132.5849,34.1065],[132.5775,34.1107],[132.5754,34.1155],[132.5698,34.1156],[132.5673,34.0976],[132.5558,34.0807],[132.5504,34.079]]],[[[132.5106,34.192],[132.5131,34.1993],[132.5137,34.1945],[132.5106,34.192]]],[[[132.3014,34.1845],[132.2992,34.1896],[132.2957,34.1875],[132.2922,34.1883],[132.2951,34.1991],[132.302,34.1937],[132.3047,34.1972],[132.3097,34.1985],[132.3183,34.1911],[132.3169,34.1872],[132.307,34.1871],[132.3052,34.1848],[132.3014,34.1845]]],[[[132.8092,34.1869],[132.8063,34.1877],[132.8093,34.1895],[132.8083,34.1929],[132.8187,34.1969],[132.8207,34.1921],[132.8092,34.1869]]],[[[132.8197,34.1509],[132.804,34.1535],[132.7989,34.1582],[132.8055,34.1625],[132.8025,34.1718],[132.8109,34.1801],[132.8211,34.1861],[132.8261,34.1872],[132.8277,34.185],[132.83,34.1858],[132.8315,34.1891],[132.8488,34.1961],[132.8466,34.193],[132.8569,34.1853],[132.8565,34.1821],[132.8668,34.18],[132.8673,34.1753],[132.847,34.1608],[132.8389,34.1595],[132.8197,34.1509]]],[[[132.772,34.1608],[132.7702,34.1735],[132.7802,34.1867],[132.7853,34.1886],[132.798,34.1768],[132.7962,34.1699],[132.7925,34.1655],[132.7826,34.1614],[132.772,34.1608]]],[[[132.398,34.1465],[132.3869,34.1503],[132.3836,34.1565],[132.3809,34.1711],[132.3835,34.1771],[132.3937,34.1739],[132.3972,34.1707],[132.4013,34.1731],[132.4024,34.1699],[132.4055,34.1683],[132.4113,34.1695],[132.4106,34.1665],[132.416,34.1587],[132.4132,34.1507],[132.398,34.1465]]],[[[132.5727,34.1557],[132.5704,34.1559],[132.5698,34.1614],[132.5771,34.1682],[132.5786,34.16],[132.5727,34.1557]]],[[[132.4299,34.1466],[132.4281,34.1523],[132.4385,34.1607],[132.4407,34.1527],[132.4421,34.1529],[132.4299,34.1466]]],[[[132.6692,34.151],[132.6658,34.1536],[132.667,34.1565],[132.6729,34.1594],[132.6721,34.1513],[132.6692,34.151]]],[[[132.6514,34.1507],[132.6519,34.1557],[132.6584,34.1573],[132.6514,34.1507]]],[[[132.7597,34.1482],[132.7582,34.1541],[132.7637,34.154],[132.7723,34.1579],[132.7741,34.1559],[132.7727,34.1531],[132.7597,34.1482]]],[[[132.3186,34.1189],[132.3127,34.1221],[132.3168,34.1237],[132.3186,34.1189]]],[[[132.7862,34.1141],[132.7878,34.122],[132.7913,34.122],[132.7921,34.1193],[132.7997,34.1211],[132.7956,34.1151],[132.7862,34.1141]]],[[[132.5527,34.0681],[132.5492,34.0705],[132.5404,34.0686],[132.5482,34.0793],[132.5495,34.0791],[132.5473,34.0774],[132.5492,34.0719],[132.555,34.0747],[132.5586,34.0719],[132.5527,34.0681]]],[[[132.5302,34.0465],[132.5209,34.0501],[132.5194,34.0531],[132.5243,34.0566],[132.532,34.0738],[132.5383,34.0677],[132.5336,34.0477],[132.5302,34.0465]]],[[[132.4646,34.0569],[132.4615,34.0605],[132.463,34.0594],[132.4653,34.0607],[132.4669,34.0575],[132.4646,34.0569]]],[[[132.4851,34.0353],[132.4837,34.0369],[132.4862,34.0407],[132.4927,34.0461],[132.4966,34.0461],[132.4851,34.0353]]]]}},{"type":"Feature","properties":{"name":"北海道","id":1},"geometry":{"type":"MultiPolygon","coordinates":[[[[148.3427,45.2912],[148.3427,45.2995],[148.3521,45.3026],[148.3547,45.3087],[148.3718,45.3163],[148.3925,45.3201],[148.4092,45.3293],[148.4096,45.3321],[148.4174,45.3277],[148.4212,45.3306],[148.4183,45.3369],[148.4236,45.3426],[148.4259,45.3482],[148.4309,45.3464],[148.4335,45.3493],[148.4442,45.3532],[148.4512,45.3628],[148.4591,45.3615],[148.4602,45.3639],[148.4563,45.3653],[148.455,45.3691],[148.4594,45.3765],[148.4649,45.3803],[148.4708,45.3771],[148.4766,45.3802],[148.4815,45.3887],[148.4723,45.3978],[148.4725,45.3999],[148.4792,45.4108],[148.4814,45.4103],[148.4876,45.4199],[148.502,45.4246],[148.5106,45.4309],[148.5202,45.4425],[148.5191,45.4454],[148.5303,45.45],[148.5377,45.4499],[148.5395,45.4537],[148.5487,45.4529],[148.551,45.458],[148.5554,45.4576],[148.56,45.4609],[148.5596,45.4655],[148.5691,45.4729],[148.5775,45.4883],[148.586,45.4919],[148.5946,45.4927],[148.5992,45.4913],[148.6111,45.4935],[148.6162,45.4995],[148.6235,45.4995],[148.6397,45.5083],[148.6425,45.5167],[148.641,45.5233],[148.6536,45.5375],[148.6581,45.5396],[148.667,45.5377],[148.6824,45.5382],[148.7226,45.5447],[148.7491,45.5514],[148.754,45.5571],[148.7612,45.5547],[148.7774,45.5548],[148.7852,45.5573],[148.7996,45.5521],[148.8112,45.5535],[148.8323,45.5487],[148.8396,45.5521],[148.8413,45.5447],[148.8557,45.5423],[148.8718,45.5354],[148.8732,45.5324],[148.8954,45.5131],[148.893,45.4983],[148.8883,45.4843],[148.87,45.4738],[148.8367,45.4624],[148.8311,45.4541],[148.8283,45.4392],[148.8317,45.4277],[148.837,45.4279],[148.8428,45.4255],[148.8448,45.4215],[148.8553,45.4199],[148.8577,45.4133],[148.8628,45.4079],[148.8722,45.4036],[148.8718,45.4005],[148.8773,45.3929],[148.8739,45.3821],[148.8666,45.3783],[148.8663,45.3747],[148.8581,45.365],[148.8525,45.3613],[148.8528,45.3563],[148.8478,45.3565],[148.8428,45.3523],[148.8482,45.3456],[148.8435,45.3396],[148.8381,45.3371],[148.8299,45.3389],[148.8072,45.3351],[148.7813,45.3245],[148.7456,45.3379],[148.7092,45.3371],[148.6968,45.3343],[148.6944,45.3369],[148.6631,45.3349],[148.6555,45.3373],[148.6504,45.3309],[148.6402,45.3349],[148.6348,45.332],[148.6294,45.3328],[148.6266,45.3289],[148.6192,45.3293],[148.6197,45.3281],[148.6096,45.3209],[148.592,45.3189],[148.5664,45.3107],[148.5659,45.3077],[148.549,45.2995],[148.5467,45.296],[148.5349,45.2947],[148.5345,45.2914],[148.5303,45.2875],[148.5211,45.2837],[148.5165,45.2786],[148.5135,45.2804],[148.5064,45.2791],[148.5048,45.2761],[148.509,45.2761],[148.511,45.2737],[148.5012,45.2721],[148.5041,45.2632],[148.4944,45.2561],[148.4898,45.2604],[148.4788,45.262],[148.4589,45.2502],[148.4388,45.2525],[148.4058,45.2351],[148.408,45.2323],[148.4058,45.2313],[148.3957,45.2333],[148.3787,45.2264],[148.3287,45.2235],[148.3046,45.2165],[148.2796,45.2023],[148.2822,45.1989],[148.2793,45.1951],[148.273,45.1971],[148.2717,45.1915],[148.2698,45.1915],[148.2652,45.1847],[148.2632,45.1893],[148.2592,45.191],[148.2468,45.1874],[148.2163,45.1699],[148.2144,45.1678],[148.2182,45.1649],[148.2004,45.157],[148.202,45.1555],[148.1989,45.1551],[148.1964,45.1496],[148.1841,45.1503],[148.1686,45.1469],[148.1594,45.1411],[148.1605,45.1373],[148.1559,45.1401],[148.1479,45.138],[148.1353,45.1276],[148.1218,45.1227],[148.0907,45.1065],[148.0796,45.0969],[148.0792,45.0919],[148.065,45.0835],[148.0661,45.0798],[148.0558,45.0681],[148.042,45.0652],[148.0329,45.0581],[148.0284,45.0496],[148.0225,45.0479],[148.0102,45.0357],[148.0065,45.0268],[147.9946,45.024],[147.9967,45.0161],[147.9899,45.0145],[147.9877,45.0115],[147.9885,45.0065],[147.9839,45.0032],[147.9625,44.9978],[147.9411,44.9878],[147.9359,44.9826],[147.9314,44.9823],[147.9237,44.9781],[147.9248,44.9745],[147.9225,44.9709],[147.9154,44.9722],[147.9172,44.9656],[147.9155,44.9667],[147.9076,44.9613],[147.8995,44.9617],[147.899,44.9605],[147.8978,44.9629],[147.9009,44.9677],[147.8972,44.9687],[147.8901,44.9681],[147.8856,44.9631],[147.8711,44.9657],[147.8526,44.9657],[147.8009,44.9495],[147.7852,44.9483],[147.7468,44.9655],[147.7298,44.9804],[147.7308,44.9941],[147.7277,45.0032],[147.7047,45.0061],[147.6812,45.0032],[147.6635,44.9976],[147.6461,44.9884],[147.6259,44.9718],[147.6145,44.9499],[147.6139,44.9403],[147.6289,44.9302],[147.6519,44.9252],[147.6529,44.9199],[147.644,44.9161],[147.6342,44.908],[147.6181,44.8905],[147.6137,44.8811],[147.6023,44.8677],[147.5985,44.8547],[147.5863,44.8425],[147.5654,44.8295],[147.5611,44.8219],[147.5552,44.8213],[147.5524,44.817],[147.5424,44.8154],[147.5339,44.8171],[147.5156,44.8119],[147.4991,44.801],[147.4968,44.7879],[147.4889,44.782],[147.4657,44.7805],[147.4529,44.7775],[147.4521,44.7739],[147.4493,44.7753],[147.4409,44.7729],[147.435,44.7652],[147.4249,44.7658],[147.4053,44.7557],[147.3993,44.7487],[147.3875,44.7464],[147.3763,44.7375],[147.3787,44.7341],[147.3718,44.7321],[147.3698,44.7297],[147.37,44.7234],[147.366,44.7247],[147.3633,44.7229],[147.3491,44.7208],[147.3473,44.7163],[147.3513,44.7159],[147.3472,44.7135],[147.3446,44.7161],[147.3365,44.7155],[147.3305,44.7085],[147.3291,44.6991],[147.3236,44.6991],[147.3164,44.6922],[147.3172,44.6866],[147.31,44.6844],[147.3015,44.6699],[147.3024,44.6683],[147.2963,44.6674],[147.2871,44.6623],[147.2672,44.6387],[147.2608,44.6144],[147.252,44.6067],[147.255,44.6017],[147.2445,44.6003],[147.244,44.5962],[147.2381,44.595],[147.2261,44.5842],[147.2111,44.5744],[147.2058,44.5675],[147.203,44.5697],[147.1906,44.5699],[147.1446,44.5592],[147.1332,44.561],[147.1121,44.5693],[147.1061,44.5695],[147.0812,44.5597],[147.0602,44.5447],[147.0615,44.5414],[147.0479,44.5361],[147.0297,44.5191],[146.9968,44.4725],[146.9909,44.4582],[146.9937,44.4545],[146.9714,44.4351],[146.9527,44.4265],[146.9288,44.4322],[146.9144,44.4307],[146.8899,44.4383],[146.8778,44.4388],[146.865,44.4461],[146.861,44.4544],[146.8627,44.4574],[146.8597,44.4575],[146.863,44.4611],[146.861,44.4667],[146.8718,44.4815],[146.8723,44.4955],[146.8915,44.518],[146.9002,44.5217],[146.9155,44.5226],[146.9256,44.5261],[146.9498,44.5457],[146.9547,44.5536],[146.9409,44.5755],[146.9344,44.5805],[146.9334,44.5865],[146.9372,44.6055],[146.9342,44.6102],[146.9453,44.63],[146.9495,44.6343],[146.9525,44.6319],[146.9546,44.62],[146.9652,44.5935],[146.985,44.5784],[146.9968,44.5787],[147.0103,44.5865],[147.0259,44.5991],[147.0317,44.6161],[147.031,44.6228],[147.0334,44.6382],[147.0175,44.6438],[147.0039,44.6555],[147.0092,44.6603],[147.0222,44.6597],[147.0282,44.6628],[147.0398,44.6587],[147.0484,44.6609],[147.0493,44.6549],[147.0534,44.6569],[147.0609,44.6563],[147.0603,44.6488],[147.0719,44.6465],[147.0789,44.638],[147.0884,44.6403],[147.0951,44.6389],[147.1255,44.6495],[147.1629,44.6805],[147.1817,44.6894],[147.1917,44.707],[147.2004,44.7392],[147.1998,44.7532],[147.1933,44.7648],[147.1774,44.7639],[147.1651,44.7665],[147.1618,44.7695],[147.1492,44.7707],[147.1424,44.7689],[147.1342,44.7713],[147.1295,44.7695],[147.1264,44.7769],[147.1166,44.7793],[147.1126,44.7874],[147.1094,44.7885],[147.1045,44.7987],[147.1014,44.8129],[147.1041,44.8183],[147.1109,44.8239],[147.1308,44.8304],[147.1409,44.8297],[147.1496,44.8248],[147.1564,44.8253],[147.1628,44.8187],[147.1704,44.8191],[147.1948,44.7994],[147.2009,44.7979],[147.2371,44.8069],[147.2468,44.8127],[147.2558,44.8365],[147.2654,44.8519],[147.263,44.8622],[147.2671,44.8681],[147.2701,44.8681],[147.2701,44.87],[147.2857,44.8783],[147.2941,44.8776],[147.2984,44.884],[147.3019,44.8819],[147.3268,44.8915],[147.3306,44.8891],[147.3762,44.9089],[147.3978,44.9211],[147.4118,44.9343],[147.4204,44.9392],[147.4486,44.9633],[147.4573,44.973],[147.476,44.9852],[147.4821,44.9837],[147.4821,44.9871],[147.4853,44.99],[147.5028,44.9894],[147.5089,44.993],[147.5037,44.9966],[147.5121,44.9965],[147.518,44.9986],[147.5161,45.0093],[147.5195,45.0132],[147.5169,45.0151],[147.5161,45.0246],[147.5131,45.0326],[147.5229,45.0416],[147.521,45.0433],[147.5224,45.0559],[147.5269,45.0713],[147.5335,45.0711],[147.5324,45.0901],[147.5267,45.0998],[147.5216,45.1021],[147.5185,45.1014],[147.5057,45.108],[147.502,45.1075],[147.5001,45.1123],[147.5059,45.1137],[147.5099,45.1173],[147.5209,45.1106],[147.5291,45.1107],[147.5371,45.1063],[147.553,45.1104],[147.5601,45.1069],[147.5703,45.107],[147.5766,45.1022],[147.5721,45.0973],[147.5867,45.0857],[147.6255,45.0819],[147.6277,45.0783],[147.6362,45.0765],[147.6574,45.0817],[147.6649,45.0865],[147.6902,45.0947],[147.699,45.1053],[147.6986,45.1081],[147.6952,45.1112],[147.6978,45.113],[147.696,45.118],[147.6984,45.1241],[147.6999,45.124],[147.6924,45.1343],[147.6938,45.1435],[147.7053,45.151],[147.7071,45.1611],[147.7062,45.1687],[147.7161,45.1699],[147.7244,45.1741],[147.724,45.1765],[147.7292,45.1763],[147.7327,45.1805],[147.7334,45.1903],[147.7396,45.1955],[147.7587,45.1975],[147.7673,45.1949],[147.7702,45.2009],[147.7764,45.2047],[147.7742,45.2078],[147.7904,45.2104],[147.8026,45.2097],[147.8206,45.2186],[147.8272,45.2185],[147.8344,45.2151],[147.8401,45.2083],[147.8456,45.2085],[147.8483,45.2114],[147.8531,45.2112],[147.8624,45.2202],[147.8718,45.2257],[147.8732,45.2281],[147.8695,45.2334],[147.8856,45.2582],[147.8852,45.26],[147.8687,45.2639],[147.8694,45.2836],[147.8734,45.2962],[147.8643,45.3075],[147.8634,45.3149],[147.8591,45.3177],[147.8598,45.3259],[147.856,45.3365],[147.8554,45.3445],[147.8581,45.3524],[147.8512,45.3649],[147.8584,45.3778],[147.8718,45.3924],[147.8734,45.3985],[147.8782,45.403],[147.8828,45.4026],[147.8905,45.4078],[147.8994,45.4213],[147.9094,45.4293],[147.9252,45.4379],[147.9383,45.4319],[147.9437,45.4321],[147.9562,45.4215],[147.9649,45.4219],[147.9638,45.4182],[147.9668,45.3961],[147.9773,45.3893],[147.9713,45.3853],[147.9775,45.3681],[147.9871,45.3521],[147.9968,45.3431],[148.0001,45.3425],[148.006,45.3346],[147.9973,45.3337],[147.9975,45.325],[148.0033,45.3198],[148.0076,45.3112],[148.006,45.3039],[148.0091,45.2923],[148.0133,45.2895],[148.0196,45.2913],[148.0225,45.284],[148.0202,45.2797],[148.0281,45.2819],[148.0311,45.2723],[148.0407,45.2673],[148.07,45.2609],[148.1194,45.2576],[148.1705,45.2595],[148.2667,45.2721],[148.3193,45.2839],[148.3427,45.2912]]],[[[141.5791,45.1769],[141.5696,45.1993],[141.5716,45.2354],[141.6123,45.2775],[141.6206,45.2965],[141.6184,45.3091],[141.6162,45.3117],[141.6131,45.3103],[141.6122,45.3129],[141.6218,45.3137],[141.6457,45.3365],[141.6547,45.3503],[141.658,45.3682],[141.6531,45.3765],[141.6379,45.3919],[141.6366,45.4013],[141.6354,45.4204],[141.6457,45.4507],[141.66,45.4403],[141.6623,45.4407],[141.6754,45.4231],[141.6836,45.4209],[141.6802,45.4181],[141.6843,45.4169],[141.6843,45.4151],[141.6794,45.4156],[141.6779,45.4067],[141.6821,45.4043],[141.6796,45.4102],[141.686,45.4109],[141.6835,45.4069],[141.6868,45.4046],[141.6887,45.4077],[141.6922,45.4077],[141.6919,45.4035],[141.6942,45.4029],[141.695,45.4061],[141.6976,45.4061],[141.6986,45.4037],[141.7071,45.4024],[141.7072,45.3973],[141.7296,45.399],[141.7444,45.404],[141.7468,45.4147],[141.7552,45.4113],[141.7564,45.4085],[141.7708,45.4052],[141.796,45.4077],[141.8323,45.4199],[141.8577,45.4348],[141.8718,45.4505],[141.8792,45.4623],[141.876,45.4646],[141.8745,45.4749],[141.8805,45.4839],[141.8786,45.488],[141.8798,45.4956],[141.893,45.5032],[141.8931,45.5119],[141.8957,45.5137],[141.8955,45.5123],[141.8978,45.5119],[141.9131,45.5185],[141.927,45.5183],[141.9359,45.5232],[141.9432,45.5225],[141.9456,45.5174],[141.9503,45.5188],[141.9603,45.5128],[141.9728,45.4814],[141.9968,45.4621],[142.0031,45.4613],[142.0173,45.4554],[142.0239,45.4487],[142.0253,45.4373],[142.0356,45.4314],[142.0333,45.4266],[142.0357,45.4181],[142.0509,45.4033],[142.0637,45.3947],[142.0971,45.3794],[142.1696,45.3411],[142.2637,45.2467],[142.389,45.1375],[142.3905,45.138],[142.3944,45.1331],[142.4757,45.0681],[142.4871,45.0608],[142.5051,45.0611],[142.4998,45.0544],[142.5066,45.0448],[142.5102,45.0452],[142.5086,45.041],[142.5178,45.0375],[142.5217,45.0317],[142.5356,45.0289],[142.5324,45.0259],[142.5334,45.0131],[142.5425,45.0032],[142.5395,45.0032],[142.5379,44.9992],[142.5425,44.9913],[142.5457,44.9896],[142.5445,44.988],[142.5636,44.9783],[142.5674,44.9698],[142.5803,44.9626],[142.5853,44.9617],[142.5796,44.9561],[142.5808,44.9481],[142.5907,44.9407],[142.5859,44.9354],[142.5856,44.9274],[142.5888,44.9199],[142.6043,44.9046],[142.6218,44.8917],[142.6306,44.89],[142.6355,44.8849],[142.6359,44.8785],[142.6471,44.866],[142.66,44.8417],[142.6706,44.8365],[142.6746,44.8363],[142.6804,44.8311],[142.6842,44.8225],[142.7017,44.8083],[142.7017,44.7998],[142.7193,44.7861],[142.7313,44.7689],[142.7613,44.7457],[142.7732,44.7388],[142.7762,44.7321],[142.8008,44.7133],[142.8122,44.7076],[142.8187,44.7099],[142.816,44.7052],[142.8321,44.6923],[142.837,44.6924],[142.8523,44.6795],[142.8609,44.6769],[142.8718,44.663],[142.8921,44.6537],[142.8971,44.6472],[142.914,44.6335],[142.9213,44.6291],[142.9266,44.6297],[142.9292,44.6281],[142.9326,44.6251],[142.9324,44.6164],[142.9438,44.6089],[142.945,44.6055],[142.9435,44.605],[142.9462,44.6019],[142.9539,44.6001],[142.9761,44.5737],[142.9968,44.5579],[143.0352,44.5365],[143.0413,44.5347],[143.0453,44.5309],[143.0576,44.5287],[143.0629,44.5329],[143.0649,44.5309],[143.0623,44.5271],[143.063,44.5216],[143.0925,44.5032],[143.22,44.4403],[143.223,44.4418],[143.2255,44.4403],[143.2308,44.4334],[143.2285,44.4313],[143.2295,44.4273],[143.2398,44.4199],[143.3338,44.3759],[143.3489,44.3715],[143.3664,44.3523],[143.3628,44.3556],[143.3581,44.3541],[143.3598,44.3501],[143.362,44.3495],[143.3607,44.3467],[143.3658,44.344],[143.3624,44.3422],[143.3673,44.3365],[143.4169,44.3088],[143.4968,44.2762],[143.5597,44.2533],[143.6218,44.2335],[143.6227,44.2317],[143.6261,44.2325],[143.6522,44.2222],[143.7829,44.1835],[143.7853,44.1811],[143.9004,44.154],[143.9968,44.1356],[144.077,44.1247],[144.0867,44.1276],[144.0972,44.1275],[144.1018,44.1298],[144.1001,44.1273],[144.1074,44.1219],[144.1231,44.1167],[144.1899,44.1047],[144.1903,44.1062],[144.2143,44.1031],[144.2356,44.1076],[144.2422,44.1142],[144.2468,44.1131],[144.2529,44.1045],[144.2578,44.0865],[144.2536,44.0747],[144.2555,44.0703],[144.2525,44.0625],[144.2618,44.0581],[144.2614,44.0515],[144.2592,44.05],[144.2558,44.0406],[144.2737,44.0246],[144.2805,44.0247],[144.2804,44.0231],[144.2845,44.0212],[144.2871,44.0225],[144.2888,44.0213],[144.2872,44.0209],[144.2908,44.0168],[144.2897,44.0153],[144.2822,44.0162],[144.282,44.0105],[144.3,43.9931],[144.2981,43.9907],[144.2985,43.9843],[144.3192,43.9729],[144.3639,43.9567],[144.407,43.9451],[144.4968,43.9289],[144.5837,43.9199],[144.6218,43.9179],[144.7109,43.9199],[144.7953,43.932],[144.8062,43.9428],[144.8354,43.9523],[144.8359,43.96],[144.8498,43.9746],[144.8535,43.9746],[144.8782,43.9845],[144.9087,44.0041],[144.9227,44.0177],[144.9366,44.0439],[144.944,44.0397],[144.9587,44.0489],[144.9607,44.0547],[144.9762,44.0624],[144.9785,44.0691],[144.9837,44.067],[144.9933,44.0698],[144.9906,44.075],[144.9917,44.0769],[144.9968,44.0736],[145.0038,44.0782],[145.0107,44.0865],[145.0105,44.0961],[145.0142,44.0975],[145.0159,44.1004],[145.0197,44.1],[145.0229,44.1047],[145.0262,44.1041],[145.0289,44.1068],[145.0399,44.108],[145.0639,44.1247],[145.0699,44.1246],[145.0722,44.1291],[145.0774,44.1316],[145.0802,44.1369],[145.0832,44.1365],[145.0908,44.1403],[145.0983,44.1487],[145.1101,44.151],[145.1218,44.1593],[145.1218,44.1644],[145.124,44.1633],[145.1271,44.1659],[145.1309,44.165],[145.136,44.1703],[145.1443,44.1733],[145.1595,44.1829],[145.192,44.1956],[145.2071,44.2129],[145.2221,44.2356],[145.2269,44.2489],[145.2309,44.2532],[145.2585,44.2703],[145.2596,44.2742],[145.2678,44.2835],[145.2717,44.2835],[145.2809,44.2901],[145.2826,44.2969],[145.2897,44.3001],[145.2876,44.3034],[145.2931,44.3107],[145.2957,44.309],[145.3043,44.3113],[145.3109,44.3191],[145.3093,44.3257],[145.3111,44.3255],[145.3167,44.3355],[145.3194,44.3352],[145.3204,44.3387],[145.3254,44.3433],[145.3331,44.3459],[145.3458,44.3393],[145.3427,44.3355],[145.3428,44.3261],[145.3498,44.3221],[145.3527,44.317],[145.348,44.3126],[145.3498,44.2962],[145.3542,44.2906],[145.3613,44.2744],[145.3673,44.272],[145.3668,44.2592],[145.3628,44.2567],[145.3613,44.2515],[145.3492,44.2439],[145.3505,44.2339],[145.3473,44.2305],[145.3488,44.2245],[145.3354,44.2094],[145.3306,44.1934],[145.3224,44.1901],[145.3077,44.1699],[145.2993,44.1655],[145.2883,44.1531],[145.2651,44.1391],[145.2563,44.1256],[145.2416,44.0915],[145.2458,44.0693],[145.2412,44.0659],[145.2397,44.0587],[145.2234,44.0386],[145.204,44.0277],[145.2055,44.0251],[145.2044,44.0228],[145.2037,44.0261],[145.2,44.0199],[145.2008,44.0216],[145.1963,44.0199],[145.1841,44.0102],[145.1791,44.0016],[145.1679,43.9912],[145.1573,43.9843],[145.1533,43.9749],[145.1447,43.9699],[145.1309,43.9511],[145.1271,43.9399],[145.1218,43.9332],[145.1197,43.9249],[145.1139,43.9194],[145.1086,43.9086],[145.0954,43.8926],[145.0977,43.8804],[145.0945,43.8754],[145.0997,43.8615],[145.0914,43.8365],[145.0842,43.8218],[145.0623,43.8075],[145.0645,43.7964],[145.0605,43.7875],[145.0684,43.7532],[145.0743,43.7433],[145.0927,43.7275],[145.1218,43.6861],[145.1297,43.6699],[145.1345,43.6672],[145.1317,43.6659],[145.1374,43.6533],[145.1465,43.6465],[145.2468,43.6156],[145.2939,43.6066],[145.3259,43.597],[145.3415,43.5865],[145.3504,43.5666],[145.3452,43.5587],[145.3303,43.5518],[145.324,43.5509],[145.2909,43.552],[145.2935,43.5562],[145.3018,43.5547],[145.2813,43.5627],[145.3044,43.5599],[145.3043,43.5655],[145.3157,43.5674],[145.3279,43.5639],[145.3307,43.5653],[145.3311,43.5683],[145.3398,43.5723],[145.3391,43.5811],[145.3344,43.5824],[145.3212,43.5767],[145.3192,43.5789],[145.3245,43.5807],[145.3189,43.5843],[145.3181,43.5819],[145.314,43.5817],[145.3148,43.5858],[145.3296,43.5855],[145.3325,43.5881],[145.3319,43.5898],[145.3285,43.5881],[145.3264,43.5927],[145.3208,43.5921],[145.3137,43.5947],[145.3133,43.5979],[145.3092,43.6001],[145.3022,43.5991],[145.3032,43.5959],[145.2803,43.5921],[145.2874,43.602],[145.2708,43.5936],[145.2629,43.5967],[145.2726,43.6003],[145.2724,43.602],[145.2643,43.6009],[145.2451,43.5931],[145.2682,43.6062],[145.2666,43.6101],[145.2464,43.6145],[145.2316,43.6151],[145.2262,43.6203],[145.1968,43.6251],[145.2007,43.6183],[145.2022,43.6105],[145.197,43.6062],[145.1966,43.6005],[145.2117,43.5903],[145.216,43.5905],[145.2208,43.5865],[145.2169,43.5835],[145.2151,43.5778],[145.2226,43.5688],[145.2225,43.5604],[145.233,43.547],[145.2468,43.522],[145.249,43.4947],[145.2584,43.4689],[145.2636,43.4417],[145.2753,43.4097],[145.3086,43.3597],[145.3353,43.3353],[145.3772,43.3089],[145.3893,43.2984],[145.3856,43.2924],[145.4081,43.2933],[145.4711,43.2737],[145.4862,43.2725],[145.4883,43.2669],[145.4921,43.2669],[145.5046,43.279],[145.507,43.2864],[145.5124,43.2931],[145.5168,43.2974],[145.5249,43.3011],[145.5234,43.3069],[145.5324,43.3145],[145.5366,43.3117],[145.5505,43.3172],[145.555,43.3212],[145.5509,43.3248],[145.5641,43.3262],[145.5746,43.3325],[145.5789,43.3365],[145.5779,43.3375],[145.5799,43.3407],[145.5826,43.3395],[145.5872,43.3411],[145.5833,43.3468],[145.5981,43.3557],[145.6089,43.3576],[145.6236,43.3638],[145.6274,43.3689],[145.6378,43.3731],[145.6442,43.3851],[145.6458,43.3849],[145.6507,43.3914],[145.6698,43.3926],[145.6692,43.3907],[145.674,43.3876],[145.6758,43.3895],[145.6808,43.3895],[145.6965,43.3847],[145.7214,43.3839],[145.7315,43.3889],[145.7341,43.3942],[145.7364,43.3908],[145.7514,43.3904],[145.752,43.3924],[145.7477,43.3923],[145.7526,43.3973],[145.757,43.3997],[145.7629,43.3995],[145.7612,43.394],[145.7659,43.3916],[145.774,43.3938],[145.776,43.3897],[145.7825,43.3898],[145.7852,43.3871],[145.8074,43.3887],[145.8174,43.3861],[145.8161,43.3831],[145.8086,43.379],[145.8079,43.3707],[145.813,43.3703],[145.8038,43.3637],[145.791,43.3619],[145.7865,43.3557],[145.7732,43.3474],[145.7552,43.3398],[145.7559,43.338],[145.7502,43.3373],[145.7391,43.3396],[145.738,43.3352],[145.7315,43.3295],[145.7292,43.3293],[145.7292,43.332],[145.7239,43.3369],[145.7209,43.3369],[145.7085,43.3359],[145.7027,43.3289],[145.6881,43.3273],[145.6774,43.3204],[145.6807,43.3161],[145.6791,43.3126],[145.6739,43.3136],[145.6742,43.3155],[145.6639,43.3208],[145.6465,43.3223],[145.6218,43.3166],[145.6114,43.3113],[145.6083,43.3058],[145.6116,43.3024],[145.6097,43.2983],[145.6043,43.2947],[145.5984,43.2958],[145.5999,43.2919],[145.5987,43.2877],[145.5899,43.2783],[145.5822,43.2868],[145.5703,43.2842],[145.5668,43.2815],[145.5688,43.2786],[145.5651,43.277],[145.5666,43.2739],[145.5616,43.2649],[145.5573,43.2532],[145.5551,43.2389],[145.5496,43.2279],[145.5532,43.2218],[145.5576,43.2203],[145.5489,43.2144],[145.5356,43.2124],[145.5288,43.2047],[145.5306,43.1988],[145.5341,43.1991],[145.5355,43.1954],[145.5303,43.1869],[145.5254,43.1882],[145.5198,43.187],[145.5175,43.1903],[145.5123,43.1902],[145.5066,43.1843],[145.5106,43.1828],[145.5085,43.182],[145.509,43.1786],[145.5171,43.1779],[145.5242,43.1746],[145.5225,43.1699],[145.5242,43.1685],[145.5218,43.1661],[145.4968,43.1593],[145.4968,43.1655],[145.4945,43.1667],[145.5046,43.1699],[145.5041,43.1736],[145.4968,43.1825],[145.4869,43.1873],[145.4702,43.1894],[145.4061,43.1862],[145.3674,43.1824],[145.3533,43.1784],[145.3524,43.1797],[145.3431,43.1795],[145.3384,43.1747],[145.3268,43.1741],[145.319,43.1683],[145.3129,43.1683],[145.3075,43.1715],[145.298,43.1733],[145.2826,43.1699],[145.2468,43.1584],[145.2324,43.1499],[145.2264,43.1432],[145.203,43.1367],[145.185,43.1403],[145.185,43.1427],[145.1804,43.1442],[145.1793,43.1476],[145.1743,43.1497],[145.1729,43.1487],[145.1715,43.151],[145.1466,43.1453],[145.1323,43.1347],[145.1218,43.1319],[145.1151,43.1233],[145.1103,43.1036],[145.1182,43.0813],[145.0996,43.0778],[145.0887,43.0672],[145.0896,43.0593],[145.0857,43.0553],[145.0882,43.0518],[145.0877,43.0468],[145.0625,43.0408],[145.0512,43.0314],[145.0318,43.0297],[145.0306,43.0242],[145.0251,43.0222],[145.0259,43.0148],[145.031,43.0125],[145.0241,42.9997],[145.0026,42.9918],[144.9962,42.9944],[144.9857,42.988],[144.9833,42.9887],[144.9744,42.9822],[144.9619,42.9812],[144.9576,42.9852],[144.949,42.9843],[144.9282,42.9908],[144.9242,42.9815],[144.9204,42.986],[144.9106,42.9867],[144.9061,42.9899],[144.8845,42.9854],[144.8767,42.9868],[144.876,42.9915],[144.8718,42.9963],[144.8561,43.0019],[144.8597,43.0067],[144.8526,43.014],[144.8416,43.0165],[144.8337,43.0145],[144.8386,43.023],[144.8358,43.0323],[144.8431,43.0377],[144.8419,43.0389],[144.8471,43.0432],[144.8435,43.0455],[144.8471,43.0445],[144.8524,43.0461],[144.8542,43.0497],[144.8221,43.0596],[144.8001,43.0591],[144.7819,43.0542],[144.7468,43.0245],[144.7283,42.9973],[144.7227,42.9801],[144.7257,42.9741],[144.7397,42.9681],[144.7486,42.9564],[144.7555,42.9555],[144.7607,42.9505],[144.7854,42.939],[144.7862,42.9367],[144.7747,42.9336],[144.7126,42.936],[144.6761,42.9397],[144.661,42.9465],[144.642,42.9467],[144.6322,42.9515],[144.5851,42.9495],[144.5733,42.9509],[144.5534,42.9481],[144.5299,42.9519],[144.4865,42.9402],[144.4652,42.9449],[144.4515,42.9445],[144.4408,42.9521],[144.4267,42.953],[144.3975,42.9616],[144.3943,42.9675],[144.3867,42.97],[144.3712,42.969],[144.3654,42.9718],[144.3677,42.9755],[144.3719,42.9764],[144.3718,42.9867],[144.3682,42.9852],[144.3695,42.9885],[144.3665,42.9909],[144.3648,42.9874],[144.3624,42.9879],[144.3635,42.9907],[144.3609,42.9929],[144.3625,42.9918],[144.3646,42.9943],[144.3604,42.9963],[144.3578,42.994],[144.3608,42.9971],[144.3596,42.9997],[144.3486,42.9962],[144.3452,42.9973],[144.3413,42.9946],[144.338,42.9952],[144.3409,42.9999],[144.3377,43.0003],[144.3352,42.9963],[144.3295,42.9971],[144.3319,43.001],[144.3297,43.0013],[144.327,42.9975],[144.3238,42.9979],[144.3247,43.0015],[144.3212,43.0023],[144.3218,43.0049],[144.318,43.0063],[144.2701,43.0032],[144.2197,42.9967],[144.1689,42.9847],[144.1218,42.9676],[144.1098,42.9603],[144.0915,42.9532],[144.0824,42.9537],[144.049,42.9416],[143.9968,42.9164],[143.9196,42.8748],[143.8606,42.8365],[143.824,42.809],[143.8222,42.8053],[143.8205,42.8074],[143.7638,42.7639],[143.7468,42.7535],[143.6592,42.6904],[143.5977,42.6415],[143.5251,42.5739],[143.4576,42.5032],[143.4328,42.4757],[143.3891,42.4158],[143.3617,42.3736],[143.3521,42.3549],[143.3397,42.3365],[143.3287,42.314],[143.3247,42.3101],[143.3412,42.3026],[143.3247,42.3089],[143.3227,42.3043],[143.3263,42.3019],[143.3253,42.3],[143.3282,42.2983],[143.3279,42.2963],[143.3216,42.298],[143.3221,42.2925],[143.3201,42.2913],[143.3224,42.2876],[143.3261,42.2915],[143.3258,42.2889],[143.3223,42.2857],[143.3103,42.2615],[143.3107,42.2532],[143.3084,42.2457],[143.3148,42.2369],[143.3159,42.2296],[143.3204,42.2251],[143.3211,42.2099],[143.3357,42.2027],[143.3335,42.194],[143.3361,42.1906],[143.333,42.1749],[143.3233,42.1571],[143.3259,42.1527],[143.3234,42.1496],[143.317,42.1218],[143.3232,42.1177],[143.3089,42.0811],[143.309,42.0721],[143.3126,42.0637],[143.311,42.0603],[143.3124,42.0552],[143.3089,42.0514],[143.3106,42.0483],[143.3007,42.0439],[143.2968,42.0443],[143.2979,42.0431],[143.2948,42.0435],[143.2883,42.0338],[143.2908,42.0305],[143.2849,42.0245],[143.2754,42.0224],[143.2596,42.0032],[143.2468,41.9725],[143.2428,41.953],[143.2419,41.9446],[143.2468,41.9288],[143.2502,41.9255],[143.242,41.9264],[143.23,41.9392],[143.2243,41.9421],[143.2211,41.9475],[143.217,41.9486],[143.2161,41.9518],[143.1978,41.9578],[143.195,41.963],[143.1841,41.9675],[143.1757,41.9765],[143.1643,41.9831],[143.1576,42.0032],[143.147,42.0165],[143.1419,42.0186],[143.1364,42.0266],[143.097,42.0498],[143.0748,42.0571],[143.0667,42.0631],[143.0339,42.0761],[143.0113,42.0814],[143.0025,42.0865],[142.9993,42.0931],[142.99,42.0998],[142.9803,42.1021],[142.9649,42.1192],[142.9307,42.1265],[142.9224,42.1245],[142.9218,42.1214],[142.9195,42.122],[142.9184,42.1277],[142.9132,42.1281],[142.9141,42.1293],[142.9106,42.1326],[142.8786,42.1335],[142.8507,42.1399],[142.8178,42.1415],[142.7892,42.1564],[142.7735,42.1619],[142.771,42.1673],[142.7687,42.1659],[142.7621,42.1747],[142.736,42.1775],[142.7226,42.1854],[142.6998,42.1865],[142.6957,42.1901],[142.6857,42.1929],[142.6734,42.1919],[142.6604,42.1983],[142.6617,42.1999],[142.636,42.2189],[142.617,42.2259],[142.5856,42.2435],[142.5599,42.2479],[142.5408,42.2532],[142.5093,42.2672],[142.5009,42.2679],[142.4968,42.2662],[142.4846,42.2713],[142.478,42.2746],[142.4548,42.2939],[142.4523,42.2997],[142.4465,42.3041],[142.4284,42.3091],[142.4081,42.3095],[142.3718,42.3249],[142.3591,42.3365],[142.3349,42.3455],[142.321,42.3549],[142.3033,42.3619],[142.2778,42.3772],[142.2773,42.38],[142.2716,42.3859],[142.2452,42.407],[142.227,42.4173],[142.2216,42.4253],[142.2072,42.4324],[142.2088,42.4331],[142.2073,42.4382],[142.1958,42.4474],[142.1755,42.4567],[142.1535,42.4638],[142.1218,42.4689],[142.0758,42.4724],[142.0714,42.4783],[142.0293,42.4846],[142.0124,42.5014],[142.0086,42.5023],[142.0097,42.5055],[141.9859,42.5141],[141.9661,42.5285],[141.9557,42.5389],[141.941,42.5474],[141.9404,42.55],[141.9195,42.5573],[141.8996,42.5779],[141.8718,42.5903],[141.8233,42.6061],[141.8181,42.6016],[141.817,42.6021],[141.8197,42.6053],[141.8108,42.6112],[141.8015,42.6023],[141.7975,42.6034],[141.8009,42.6107],[141.7996,42.6131],[141.7468,42.6229],[141.7045,42.6288],[141.6742,42.6285],[141.6729,42.6309],[141.6313,42.6286],[141.6411,42.6327],[141.6388,42.6334],[141.6408,42.6347],[141.6661,42.6443],[141.6739,42.6452],[141.674,42.6469],[141.6872,42.6519],[141.6911,42.6507],[141.6986,42.6531],[141.696,42.6581],[141.6684,42.6489],[141.6661,42.6517],[141.6636,42.651],[141.6654,42.6479],[141.6308,42.6371],[141.6257,42.6449],[141.6218,42.6423],[141.6252,42.6361],[141.6248,42.6311],[141.6218,42.6306],[141.6231,42.6291],[141.6218,42.6277],[141.6187,42.6301],[141.6153,42.6299],[141.6172,42.6289],[141.6177,42.6243],[141.6144,42.6242],[141.6142,42.6265],[141.6114,42.6273],[141.6023,42.6269],[141.5373,42.6149],[141.4968,42.604],[141.4186,42.5751],[141.3508,42.543],[141.3223,42.5261],[141.3239,42.5247],[141.3226,42.5239],[141.3197,42.5252],[141.282,42.5032],[141.208,42.4554],[141.1898,42.4532],[141.1666,42.4404],[141.1593,42.4423],[141.125,42.4199],[141.0929,42.3965],[141.053,42.3581],[141.0548,42.3527],[141.0452,42.3511],[141.0332,42.3398],[141.0355,42.3365],[141.0328,42.3381],[141.0273,42.3365],[141.0186,42.3281],[141.008,42.3131],[141.0104,42.3105],[141.0097,42.3058],[141.0016,42.302],[140.9968,42.3017],[140.9823,42.3082],[140.9728,42.3066],[140.9758,42.3091],[140.9699,42.3081],[140.9679,42.3107],[140.9688,42.3137],[140.9651,42.3155],[140.9519,42.3187],[140.9483,42.3179],[140.9432,42.321],[140.9415,42.3257],[140.931,42.3365],[140.9358,42.3394],[140.9349,42.3413],[140.9423,42.3409],[140.9422,42.3472],[140.9512,42.3481],[140.9528,42.3439],[140.9557,42.3448],[140.957,42.3409],[140.9601,42.3432],[140.9617,42.3418],[140.9594,42.3405],[140.9614,42.3365],[140.9642,42.3394],[140.9661,42.3353],[140.967,42.3372],[140.9687,42.3365],[140.9674,42.3341],[140.9715,42.3347],[140.9708,42.3282],[140.9734,42.3277],[140.9729,42.3251],[140.9765,42.3243],[140.9766,42.3261],[140.9789,42.3266],[140.9797,42.3242],[140.9816,42.3244],[140.9797,42.3287],[140.9847,42.3275],[140.9826,42.3308],[140.9851,42.3293],[140.9873,42.3329],[140.9829,42.3339],[140.9808,42.3437],[141.0081,42.3483],[141.0037,42.3507],[140.977,42.3494],[140.9764,42.3533],[140.9872,42.3553],[140.9819,42.3571],[140.9826,42.3592],[140.9721,42.3563],[140.9711,42.3584],[140.9543,42.3608],[140.9395,42.3653],[140.9404,42.3674],[140.9372,42.3683],[140.9356,42.3653],[140.9175,42.3698],[140.9173,42.3722],[140.9101,42.3771],[140.9085,42.3802],[140.9001,42.4199],[140.8885,42.439],[140.8718,42.4609],[140.8639,42.4657],[140.8585,42.4655],[140.8389,42.4707],[140.8197,42.487],[140.8089,42.4917],[140.8019,42.4994],[140.7869,42.5023],[140.7808,42.5],[140.7824,42.5033],[140.7795,42.5141],[140.7805,42.5171],[140.7861,42.514],[140.7865,42.5186],[140.7816,42.5197],[140.7764,42.5179],[140.7785,42.5191],[140.7722,42.5224],[140.776,42.5273],[140.7732,42.5303],[140.7773,42.5289],[140.7744,42.5369],[140.7565,42.5537],[140.7468,42.5577],[140.7244,42.5742],[140.7166,42.5759],[140.7122,42.5746],[140.7096,42.5839],[140.7009,42.5865],[140.6791,42.5877],[140.6427,42.5865],[140.6078,42.5754],[140.6013,42.5765],[140.5921,42.5739],[140.5901,42.5708],[140.5836,42.5676],[140.5684,42.5711],[140.5612,42.5768],[140.5349,42.589],[140.5175,42.5901],[140.5104,42.5849],[140.4968,42.5866],[140.4939,42.5847],[140.4769,42.5891],[140.4685,42.5865],[140.4116,42.5435],[140.3718,42.5027],[140.349,42.4732],[140.3157,42.4199],[140.2932,42.3717],[140.2813,42.3365],[140.2765,42.3112],[140.2765,42.2818],[140.2869,42.2532],[140.2927,42.2475],[140.307,42.2389],[140.3405,42.2275],[140.3683,42.2238],[140.3836,42.2241],[140.3986,42.2165],[140.4084,42.204],[140.4304,42.1905],[140.4344,42.1905],[140.4417,42.182],[140.457,42.1775],[140.4631,42.1671],[140.4968,42.149],[140.516,42.1293],[140.5459,42.1154],[140.5792,42.1089],[140.5885,42.1093],[140.6218,42.1173],[140.6597,42.1294],[140.6841,42.1261],[140.6904,42.127],[140.7069,42.1391],[140.7133,42.138],[140.7371,42.1237],[140.7603,42.1171],[140.7739,42.0865],[140.7941,42.0759],[140.8019,42.0775],[140.8039,42.0574],[140.8107,42.0525],[140.8208,42.0363],[140.8494,42.0171],[140.868,42.008],[140.8789,42.0059],[140.8799,42.0032],[140.8922,41.9975],[140.9081,41.9846],[140.914,41.9712],[140.9262,41.9612],[140.9329,41.9527],[140.9337,41.944],[140.9414,41.9351],[140.9465,41.935],[140.9505,41.9374],[140.9496,41.9342],[140.9588,41.918],[141.0118,41.8943],[141.0237,41.8923],[141.0244,41.8941],[141.0313,41.8953],[141.0739,41.888],[141.0826,41.8833],[141.1094,41.8746],[141.116,41.8704],[141.1173,41.8664],[141.1203,41.8647],[141.1482,41.8554],[141.1505,41.8521],[141.1446,41.8485],[141.1451,41.8365],[141.1471,41.8322],[141.1706,41.8205],[141.1763,41.8215],[141.1825,41.8185],[141.1869,41.8081],[141.1864,41.8025],[141.1646,41.7932],[141.1579,41.7858],[141.1379,41.7839],[141.1332,41.7865],[141.1338,41.7885],[141.1218,41.7889],[141.1125,41.7869],[141.0921,41.7679],[141.0936,41.7637],[141.0865,41.76],[141.0834,41.7604],[141.0782,41.7526],[141.0781,41.7477],[141.0747,41.7427],[141.0678,41.7389],[141.0552,41.7361],[141.0513,41.7326],[141.0538,41.7272],[141.0485,41.7263],[141.0377,41.7283],[141.0321,41.7247],[141.0308,41.7195],[141.0263,41.719],[141.0222,41.7221],[141.0164,41.7229],[141.0074,41.7167],[140.9985,41.7148],[140.9954,41.7177],[140.9678,41.7109],[140.9534,41.7155],[140.9474,41.7261],[140.9307,41.7375],[140.8986,41.7485],[140.8718,41.7547],[140.8569,41.7605],[140.8374,41.7601],[140.7981,41.7725],[140.7747,41.7753],[140.7468,41.7715],[140.7337,41.7673],[140.7191,41.7532],[140.7229,41.7459],[140.7019,41.7414],[140.6944,41.754],[140.6929,41.7637],[140.7026,41.7763],[140.7023,41.7852],[140.7044,41.7854],[140.7052,41.7811],[140.7112,41.781],[140.7118,41.7795],[140.7074,41.7787],[140.7064,41.7747],[140.712,41.7745],[140.7121,41.7706],[140.715,41.7733],[140.7169,41.7723],[140.7145,41.7695],[140.7152,41.7673],[140.7242,41.7721],[140.7223,41.773],[140.7271,41.7811],[140.7225,41.7841],[140.7282,41.7871],[140.7243,41.7873],[140.7243,41.7889],[140.7275,41.7889],[140.724,41.7959],[140.7199,41.7947],[140.7197,41.7997],[140.7164,41.8003],[140.7183,41.8038],[140.7162,41.8058],[140.7172,41.8067],[140.707,41.8106],[140.7026,41.816],[140.69,41.8205],[140.6643,41.823],[140.6411,41.8175],[140.6263,41.8091],[140.6189,41.7982],[140.6206,41.7888],[140.6159,41.7817],[140.6134,41.7711],[140.6049,41.7633],[140.6059,41.7607],[140.603,41.7532],[140.6021,41.7432],[140.5955,41.7407],[140.5907,41.7421],[140.5879,41.739],[140.5824,41.7382],[140.5788,41.733],[140.5643,41.7292],[140.5506,41.7215],[140.5365,41.7111],[140.5269,41.701],[140.5192,41.7023],[140.4838,41.6987],[140.4807,41.7015],[140.4756,41.699],[140.4583,41.6964],[140.445,41.6855],[140.4368,41.6699],[140.4349,41.6597],[140.4293,41.5865],[140.4313,41.5627],[140.437,41.5593],[140.4391,41.5547],[140.4296,41.5359],[140.4257,41.5355],[140.4201,41.5307],[140.4174,41.5261],[140.4112,41.5224],[140.409,41.5173],[140.4059,41.5198],[140.4001,41.5197],[140.3944,41.5172],[140.3783,41.5153],[140.3646,41.516],[140.3551,41.5129],[140.3476,41.506],[140.3384,41.5079],[140.3096,41.4942],[140.2887,41.4909],[140.2593,41.4817],[140.2574,41.4787],[140.2579,41.4702],[140.2542,41.4658],[140.2468,41.4636],[140.2447,41.4549],[140.2392,41.4507],[140.2412,41.4491],[140.2378,41.4477],[140.2357,41.441],[140.2246,41.4307],[140.2185,41.4195],[140.2163,41.4113],[140.2052,41.4054],[140.1995,41.3986],[140.1845,41.4024],[140.1678,41.4167],[140.1453,41.4291],[140.138,41.4277],[140.1307,41.431],[140.1198,41.4305],[140.1135,41.4278],[140.094,41.4254],[140.0877,41.4217],[140.0906,41.4199],[140.0891,41.4184],[140.0855,41.4231],[140.0771,41.4246],[140.0491,41.4457],[140.0409,41.4478],[140.0409,41.4505],[140.0376,41.4513],[140.0285,41.4624],[140.0295,41.4707],[140.0225,41.4838],[140.0161,41.4898],[140.0172,41.4986],[140.0136,41.5032],[140.0133,41.5084],[140.0095,41.5117],[139.9968,41.5415],[139.9895,41.5453],[139.9919,41.5453],[139.9882,41.5513],[139.9861,41.5517],[139.9879,41.5524],[139.9833,41.5844],[139.9839,41.6065],[139.9938,41.6309],[139.9926,41.6363],[139.999,41.6429],[139.997,41.6497],[140.0019,41.6514],[140.0039,41.6712],[140.009,41.6916],[140.0251,41.7081],[140.0275,41.7152],[140.0346,41.7201],[140.062,41.7532],[140.0725,41.7735],[140.0735,41.7986],[140.0703,41.8029],[140.0718,41.8057],[140.0831,41.8097],[140.0901,41.8079],[140.0913,41.8099],[140.0953,41.8102],[140.1046,41.8045],[140.1126,41.8083],[140.1218,41.8218],[140.1253,41.8365],[140.1242,41.8493],[140.1265,41.8559],[140.1197,41.8668],[140.1164,41.8675],[140.1112,41.8637],[140.115,41.8716],[140.1157,41.8691],[140.1202,41.8674],[140.1264,41.8697],[140.126,41.8711],[140.13,41.8714],[140.1352,41.8899],[140.1392,41.8951],[140.1363,41.9011],[140.1365,41.9066],[140.1396,41.9106],[140.1405,41.9223],[140.1329,41.9531],[140.1284,41.9599],[140.1275,41.9666],[140.1322,41.9697],[140.1328,41.9759],[140.1277,41.9801],[140.1198,42.0043],[140.1104,42.0074],[140.1055,42.007],[140.1041,42.0109],[140.1056,42.0155],[140.1014,42.0193],[140.0999,42.029],[140.096,42.0303],[140.0961,42.0332],[140.0931,42.0363],[140.0834,42.0371],[140.0868,42.0419],[140.0732,42.055],[140.0687,42.0635],[140.0686,42.0674],[140.0568,42.0834],[140.026,42.1133],[140.0118,42.1211],[140.0015,42.1225],[139.9902,42.1289],[139.9753,42.1288],[139.9688,42.1311],[139.9378,42.1311],[139.9328,42.134],[139.9227,42.1335],[139.9072,42.1597],[139.9053,42.1658],[139.9017,42.1671],[139.9019,42.1699],[139.8979,42.1729],[139.8959,42.1841],[139.8932,42.1838],[139.8918,42.1869],[139.8884,42.1867],[139.8818,42.1932],[139.8812,42.2076],[139.8642,42.2195],[139.8543,42.2172],[139.8439,42.2215],[139.8354,42.221],[139.8341,42.2231],[139.8284,42.2247],[139.8151,42.2218],[139.8126,42.2297],[139.8045,42.229],[139.7969,42.2316],[139.7751,42.2601],[139.7811,42.2685],[139.7829,42.2683],[139.7857,42.2741],[139.784,42.2824],[139.7813,42.2836],[139.7764,42.2911],[139.7756,42.2968],[139.7674,42.3049],[139.7668,42.3112],[139.769,42.3123],[139.7705,42.3187],[139.7748,42.3253],[139.7727,42.3287],[139.7818,42.3539],[139.7871,42.3537],[139.8002,42.3605],[139.8026,42.3664],[139.8075,42.3691],[139.8171,42.3792],[139.8159,42.3821],[139.8183,42.3847],[139.8185,42.39],[139.8226,42.389],[139.8292,42.3935],[139.8445,42.4285],[139.8479,42.4476],[139.8462,42.4546],[139.8475,42.4545],[139.8445,42.4567],[139.843,42.4531],[139.8442,42.4573],[139.8468,42.4571],[139.8524,42.463],[139.8471,42.4834],[139.849,42.4931],[139.843,42.4995],[139.846,42.5032],[139.8432,42.5098],[139.8468,42.5274],[139.8386,42.5423],[139.8346,42.5615],[139.8363,42.5641],[139.8331,42.5702],[139.8328,42.5754],[139.8295,42.5767],[139.8236,42.5951],[139.8285,42.5965],[139.8265,42.5973],[139.8236,42.6056],[139.8234,42.6138],[139.8319,42.6227],[139.8421,42.6266],[139.8413,42.6303],[139.8458,42.6323],[139.8484,42.6374],[139.8529,42.64],[139.8565,42.6499],[139.8621,42.6543],[139.8691,42.6665],[139.8723,42.6663],[139.897,42.6797],[139.914,42.6838],[139.9257,42.689],[139.9538,42.6891],[139.9709,42.6918],[139.9831,42.6889],[139.9889,42.6927],[140.003,42.6873],[140.0167,42.6895],[140.0178,42.6917],[140.0295,42.6889],[140.046,42.6947],[140.0649,42.707],[140.0683,42.7209],[140.0743,42.7282],[140.0764,42.7263],[140.082,42.7313],[140.0841,42.7309],[140.0943,42.7367],[140.1071,42.7377],[140.1059,42.7403],[140.1073,42.7419],[140.1097,42.7407],[140.1156,42.7435],[140.1133,42.7463],[140.1293,42.7473],[140.142,42.7532],[140.1507,42.7667],[140.1475,42.7707],[140.1608,42.7945],[140.1647,42.7964],[140.1695,42.8043],[140.1736,42.8073],[140.1865,42.8257],[140.1863,42.8278],[140.2049,42.8104],[140.2258,42.8052],[140.2292,42.7985],[140.2349,42.7971],[140.2334,42.796],[140.2376,42.7939],[140.2404,42.7774],[140.2468,42.7688],[140.2809,42.7701],[140.3055,42.7787],[140.3094,42.7939],[140.3094,42.7987],[140.3045,42.8112],[140.3057,42.8288],[140.3218,42.8398],[140.3269,42.8457],[140.344,42.8562],[140.3575,42.8716],[140.3589,42.8784],[140.3631,42.8781],[140.3769,42.8961],[140.3776,42.9043],[140.3793,42.9043],[140.3915,42.9199],[140.3905,42.9232],[140.3996,42.9243],[140.4116,42.9337],[140.4154,42.941],[140.4304,42.9497],[140.4483,42.9553],[140.4509,42.9584],[140.5014,42.9813],[140.5068,42.9861],[140.5136,42.9847],[140.5153,42.9865],[140.5123,42.9878],[140.5154,42.9868],[140.5147,42.9894],[140.5224,42.9917],[140.529,43.0071],[140.529,43.0288],[140.5263,43.0321],[140.512,43.0342],[140.5087,43.0382],[140.5067,43.0373],[140.5087,43.043],[140.4947,43.0614],[140.4954,43.0642],[140.4868,43.0755],[140.4778,43.0816],[140.4711,43.0825],[140.4646,43.0865],[140.4596,43.1055],[140.4501,43.1097],[140.4507,43.1137],[140.4477,43.1145],[140.4426,43.1239],[140.442,43.1256],[140.4437,43.126],[140.4423,43.128],[140.438,43.1294],[140.4288,43.1371],[140.4302,43.143],[140.4248,43.1437],[140.4037,43.1579],[140.3765,43.1703],[140.3718,43.1757],[140.3607,43.1807],[140.3491,43.1921],[140.3479,43.1964],[140.3447,43.1976],[140.3467,43.1993],[140.3393,43.2106],[140.326,43.2217],[140.3264,43.2293],[140.3333,43.2445],[140.3333,43.2532],[140.3366,43.2552],[140.3319,43.2609],[140.3283,43.2595],[140.3305,43.2623],[140.3408,43.2661],[140.3395,43.2716],[140.3421,43.2715],[140.3442,43.2764],[140.3369,43.2827],[140.3454,43.2837],[140.3539,43.2993],[140.3573,43.3136],[140.36,43.3157],[140.3565,43.3259],[140.3466,43.3345],[140.3663,43.3315],[140.3738,43.3319],[140.3753,43.3335],[140.3792,43.3305],[140.3936,43.3339],[140.396,43.3313],[140.4002,43.3313],[140.4062,43.3361],[140.4085,43.3341],[140.4114,43.3346],[140.4248,43.3297],[140.4466,43.3365],[140.4604,43.346],[140.4596,43.3499],[140.4667,43.3629],[140.4711,43.3655],[140.4619,43.3688],[140.4628,43.3724],[140.4757,43.3741],[140.4809,43.3765],[140.4968,43.3735],[140.5068,43.3683],[140.5095,43.3602],[140.5144,43.3576],[140.5286,43.359],[140.5272,43.3557],[140.5316,43.3494],[140.5396,43.3449],[140.541,43.3403],[140.5482,43.3393],[140.5488,43.3365],[140.5641,43.3247],[140.5694,43.324],[140.5805,43.3113],[140.5866,43.3086],[140.5905,43.3099],[140.5958,43.3034],[140.6042,43.3033],[140.6023,43.3012],[140.6069,43.2967],[140.6177,43.2976],[140.6258,43.2956],[140.6301,43.2983],[140.6353,43.2869],[140.6455,43.2859],[140.6456,43.2833],[140.6367,43.2764],[140.6411,43.267],[140.6542,43.2624],[140.687,43.2558],[140.6961,43.2515],[140.7091,43.2532],[140.7106,43.2489],[140.7184,43.2505],[140.7276,43.2427],[140.7354,43.2431],[140.7355,43.2374],[140.7403,43.2344],[140.7468,43.2363],[140.7506,43.2307],[140.7542,43.2314],[140.7587,43.2271],[140.7711,43.2264],[140.7725,43.2281],[140.777,43.2258],[140.7783,43.214],[140.7762,43.2141],[140.7747,43.2105],[140.7763,43.2041],[140.7857,43.1995],[140.788,43.2005],[140.7921,43.1954],[140.8149,43.1947],[140.8445,43.1986],[140.8449,43.2013],[140.8487,43.1993],[140.8576,43.2037],[140.8538,43.2127],[140.8597,43.2101],[140.8597,43.2122],[140.8548,43.2172],[140.8606,43.2167],[140.8616,43.2186],[140.8655,43.2163],[140.8674,43.2095],[140.8729,43.2063],[140.892,43.2089],[140.8953,43.2117],[140.914,43.2117],[140.9219,43.2159],[140.9195,43.2246],[140.9218,43.2231],[140.9271,43.2279],[140.9362,43.2264],[140.939,43.2283],[140.95,43.2282],[140.9683,43.2365],[140.9825,43.2399],[141.0167,43.2396],[141.014,43.234],[141.0168,43.226],[141.02,43.2265],[141.0209,43.2247],[141.0145,43.2191],[141.0151,43.2142],[141.006,43.2111],[141.0025,43.2075],[141.0067,43.2059],[141.002,43.2047],[141.0022,43.2019],[141.0081,43.2037],[141.0053,43.201],[141.009,43.2013],[141.0065,43.199],[141.0102,43.1995],[141.0074,43.1975],[141.0105,43.1948],[141.0148,43.1962],[141.016,43.1944],[141.0112,43.1924],[141.0194,43.1922],[141.0266,43.1881],[141.0236,43.1856],[141.0307,43.183],[141.031,43.1844],[141.0352,43.184],[141.0397,43.1803],[141.0541,43.1805],[141.1007,43.1681],[141.1275,43.1553],[141.1388,43.1533],[141.1617,43.1449],[141.1818,43.1502],[141.2328,43.1699],[141.2748,43.1905],[141.2807,43.1979],[141.2832,43.1963],[141.2886,43.1981],[141.291,43.206],[141.2961,43.2111],[141.2943,43.2083],[141.296,43.2071],[141.3,43.2099],[141.3017,43.2086],[141.3072,43.2136],[141.305,43.2167],[141.3009,43.214],[141.2992,43.2153],[141.3053,43.2194],[141.3093,43.2152],[141.3156,43.2193],[141.3531,43.2532],[141.3718,43.2742],[141.4069,43.3085],[141.4239,43.3289],[141.4224,43.3408],[141.424,43.3497],[141.4288,43.36],[141.4268,43.3638],[141.4261,43.3739],[141.4317,43.3895],[141.4286,43.4199],[141.3978,43.4689],[141.3938,43.4724],[141.3918,43.4784],[141.3898,43.4785],[141.3731,43.495],[141.372,43.5032],[141.3586,43.5195],[141.3622,43.5404],[141.3756,43.5578],[141.3862,43.5865],[141.3835,43.6048],[141.3653,43.6193],[141.3621,43.6309],[141.3515,43.6449],[141.3525,43.6507],[141.3493,43.6699],[141.3388,43.6873],[141.3389,43.6925],[141.331,43.7092],[141.3299,43.7253],[141.3498,43.7532],[141.3544,43.7585],[141.3603,43.7607],[141.3645,43.7708],[141.3685,43.7753],[141.3662,43.7777],[141.371,43.7789],[141.3696,43.7835],[141.3712,43.7835],[141.3699,43.7855],[141.3719,43.7913],[141.3879,43.8072],[141.4104,43.8147],[141.44,43.8288],[141.4435,43.8287],[141.4574,43.8365],[141.4605,43.8345],[141.476,43.8345],[141.4968,43.8388],[141.509,43.8549],[141.5215,43.8599],[141.5307,43.8581],[141.5293,43.8553],[141.5331,43.8527],[141.5379,43.8527],[141.5434,43.8548],[141.546,43.86],[141.5494,43.8622],[141.5559,43.8591],[141.562,43.8601],[141.5643,43.8655],[141.5695,43.8694],[141.5793,43.8705],[141.588,43.8818],[141.5963,43.8845],[141.6084,43.9039],[141.6218,43.9191],[141.6255,43.9199],[141.6315,43.9299],[141.6343,43.9431],[141.6292,43.9459],[141.6321,43.9531],[141.6321,43.9601],[141.6327,43.9525],[141.6355,43.9523],[141.6379,43.9466],[141.6477,43.9448],[141.6469,43.9475],[141.6412,43.9482],[141.6412,43.9519],[141.6394,43.9507],[141.6383,43.9541],[141.643,43.9565],[141.6423,43.9608],[141.6464,43.9715],[141.6421,43.9721],[141.6424,43.9761],[141.6469,43.9766],[141.6513,43.9977],[141.6579,44.0032],[141.6619,44.0172],[141.6628,44.0376],[141.662,44.0865],[141.6558,44.1291],[141.654,44.1559],[141.658,44.1583],[141.6551,44.2209],[141.6578,44.2395],[141.6494,44.2911],[141.6486,44.315],[141.6603,44.3161],[141.6745,44.3273],[141.6947,44.3691],[141.7028,44.3697],[141.7011,44.3714],[141.7073,44.3783],[141.7102,44.3923],[141.7385,44.4199],[141.7468,44.4328],[141.7572,44.4575],[141.7644,44.5032],[141.7641,44.5342],[141.7679,44.5547],[141.7744,44.5663],[141.7799,44.5663],[141.7874,44.5865],[141.7925,44.6437],[141.7915,44.6699],[141.7783,44.7532],[141.7552,44.8365],[141.7234,44.9199],[141.6806,45.0032],[141.5852,45.1605],[141.5791,45.1769]]],[[[141.0317,45.2746],[141.0254,45.2755],[141.0163,45.285],[141.0254,45.291],[141.0266,45.2991],[141.0233,45.305],[141.0236,45.3101],[141.0067,45.3252],[141.0036,45.3303],[141.0045,45.3365],[140.9968,45.36],[140.9867,45.3753],[140.9835,45.3843],[140.9906,45.3867],[140.9864,45.3991],[140.9915,45.4073],[140.9905,45.4122],[140.9861,45.4115],[140.9873,45.4146],[140.9836,45.4159],[140.994,45.4199],[140.994,45.4275],[140.9832,45.4363],[140.9671,45.4394],[140.9773,45.4477],[140.9745,45.4529],[140.9695,45.4536],[140.967,45.4596],[140.9679,45.4646],[140.9799,45.4549],[140.9887,45.4424],[140.9968,45.4371],[141.0094,45.4343],[141.0236,45.4358],[141.0364,45.4417],[141.0381,45.4463],[141.0344,45.4539],[141.0335,45.4619],[141.0517,45.4494],[141.0677,45.424],[141.0636,45.4234],[141.0569,45.4075],[141.0585,45.3932],[141.0556,45.3911],[141.0591,45.3814],[141.0599,45.3549],[141.0554,45.3445],[141.0503,45.3421],[141.0572,45.3183],[141.0515,45.3057],[141.0483,45.3034],[141.0496,45.3021],[141.0457,45.3002],[141.0468,45.283],[141.044,45.2753],[141.0317,45.2746]]],[[[141.1497,45.2255],[141.1557,45.2346],[141.1643,45.2394],[141.1707,45.2395],[141.1771,45.2457],[141.1764,45.2482],[141.1788,45.2479],[141.1827,45.2532],[141.1874,45.2529],[141.1898,45.2571],[141.1989,45.2602],[141.2057,45.2553],[141.2156,45.2532],[141.2257,45.2459],[141.2327,45.2472],[141.2283,45.2453],[141.2296,45.2433],[141.2278,45.2385],[141.2351,45.2347],[141.2524,45.2363],[141.2651,45.2311],[141.2694,45.2367],[141.2736,45.2352],[141.2801,45.2323],[141.2815,45.2255],[141.2946,45.2217],[141.301,45.2173],[141.3081,45.2105],[141.312,45.2031],[141.3181,45.1985],[141.3249,45.1845],[141.3305,45.152],[141.3079,45.1352],[141.3097,45.1321],[141.2997,45.1257],[141.295,45.1254],[141.2914,45.1179],[141.2871,45.1163],[141.2878,45.1119],[141.281,45.1079],[141.2757,45.1117],[141.2731,45.1091],[141.252,45.1051],[141.2395,45.0986],[141.2291,45.1004],[141.2278,45.1056],[141.2104,45.1139],[141.2062,45.1142],[141.1949,45.1245],[141.1847,45.1275],[141.168,45.1373],[141.163,45.1462],[141.1539,45.1513],[141.1498,45.1592],[141.1418,45.1634],[141.1366,45.1789],[141.14,45.1832],[141.1285,45.1863],[141.1289,45.1885],[141.1346,45.1906],[141.1351,45.1881],[141.1405,45.1899],[141.1431,45.1949],[141.1373,45.2011],[141.1394,45.2055],[141.1335,45.2135],[141.1422,45.2239],[141.1497,45.2255]]],[[[146.9785,44.6495],[146.9757,44.6525],[146.9817,44.6534],[146.9785,44.6495]]],[[[145.7473,44.0647],[145.7453,44.0865],[145.743,44.0913],[145.7437,44.1038],[145.7526,44.1089],[145.7699,44.1295],[145.7869,44.1438],[145.7904,44.1507],[145.8126,44.1635],[145.832,44.1784],[145.8542,44.202],[145.8615,44.2218],[145.8845,44.2463],[145.9045,44.2608],[145.9358,44.2788],[145.9442,44.2791],[145.953,44.2908],[145.9642,44.2967],[145.9924,44.3247],[146.0007,44.3365],[146.0033,44.3508],[146.011,44.3715],[146.0073,44.3817],[146.0234,44.3905],[146.0279,44.3987],[146.0528,44.4199],[146.06,44.4339],[146.0697,44.4468],[146.0803,44.4723],[146.093,44.4835],[146.1062,44.4899],[146.129,44.5091],[146.1471,44.5133],[146.1493,44.5118],[146.1536,44.5136],[146.1583,44.5127],[146.1663,44.5181],[146.1743,44.5158],[146.1704,44.5105],[146.1797,44.5062],[146.1863,44.5069],[146.196,44.4945],[146.226,44.4831],[146.241,44.4606],[146.249,44.4559],[146.25,44.4467],[146.2797,44.4434],[146.2779,44.4397],[146.2809,44.4351],[146.3062,44.4311],[146.3077,44.4287],[146.3149,44.4293],[146.3171,44.4264],[146.329,44.4249],[146.3332,44.4189],[146.3718,44.4195],[146.4057,44.4229],[146.432,44.4198],[146.4619,44.4202],[146.4968,44.4255],[146.5294,44.4319],[146.5507,44.4403],[146.5515,44.4457],[146.5776,44.4558],[146.5679,44.4473],[146.5537,44.4302],[146.5471,44.4087],[146.5366,44.3952],[146.5348,44.3804],[146.5176,44.3706],[146.5178,44.3677],[146.5016,44.3656],[146.4998,44.3611],[146.4968,44.3621],[146.4908,44.3545],[146.4852,44.3542],[146.4864,44.357],[146.478,44.3635],[146.463,44.373],[146.4506,44.3783],[146.4345,44.3767],[146.3974,44.3621],[146.3811,44.3527],[146.3684,44.3365],[146.3667,44.3253],[146.3707,44.3224],[146.3678,44.3193],[146.3531,44.3206],[146.3469,44.3181],[146.342,44.3087],[146.3373,44.3091],[146.3281,44.3031],[146.3303,44.2975],[146.3217,44.2975],[146.3154,44.2919],[146.3063,44.2899],[146.2995,44.2778],[146.2468,44.2709],[146.2106,44.2728],[146.1826,44.2693],[146.1687,44.2723],[146.1467,44.2653],[146.1325,44.2667],[146.1156,44.2652],[146.0949,44.2532],[146.0693,44.2347],[146.0531,44.2129],[146.0534,44.2081],[146.0492,44.2017],[146.05,44.1973],[146.0542,44.1975],[146.0549,44.1948],[146.0471,44.1931],[146.0449,44.1909],[146.0472,44.1866],[146.0458,44.1839],[146.0419,44.1859],[146.0348,44.1857],[146.0287,44.1839],[146.0281,44.1793],[146.0237,44.1771],[146.0043,44.1726],[146.0014,44.1739],[145.9891,44.1728],[145.973,44.1623],[145.9708,44.1573],[145.966,44.1534],[145.9582,44.1565],[145.9478,44.1538],[145.9245,44.1373],[145.9095,44.1239],[145.9038,44.1155],[145.8995,44.105],[145.9043,44.1015],[145.9032,44.0957],[145.8977,44.0975],[145.8921,44.0962],[145.8902,44.0901],[145.8815,44.0865],[145.8806,44.0747],[145.8771,44.076],[145.8718,44.0707],[145.8637,44.0532],[145.8654,44.0303],[145.8785,44.0213],[145.8691,44.0229],[145.8556,44.0217],[145.8551,44.0306],[145.8422,44.0329],[145.8278,44.0294],[145.8144,44.0173],[145.8114,44.0139],[145.805,43.9975],[145.8064,43.9933],[145.8006,43.9925],[145.7981,43.9861],[145.7908,43.9791],[145.788,43.9623],[145.793,43.959],[145.7898,43.9577],[145.7881,43.9526],[145.7902,43.9489],[145.7834,43.9443],[145.7797,43.9361],[145.7811,43.9326],[145.7695,43.9326],[145.7576,43.9265],[145.7468,43.9241],[145.7184,43.9124],[145.6851,43.9095],[145.6762,43.9051],[145.6648,43.9109],[145.6538,43.9095],[145.6411,43.9036],[145.6259,43.8842],[145.619,43.8855],[145.6056,43.8689],[145.6013,43.8717],[145.5933,43.8707],[145.5818,43.8562],[145.5771,43.8455],[145.5714,43.8056],[145.5733,43.7774],[145.5693,43.7532],[145.5609,43.719],[145.5544,43.6699],[145.5448,43.6583],[145.538,43.6587],[145.5362,43.6759],[145.5498,43.7249],[145.5465,43.7317],[145.5258,43.7353],[145.4968,43.7337],[145.4762,43.7288],[145.4471,43.725],[145.439,43.719],[145.4349,43.7189],[145.4243,43.733],[145.4188,43.7532],[145.4269,43.7741],[145.4242,43.7862],[145.4111,43.8191],[145.3995,43.8291],[145.4028,43.8365],[145.4069,43.8421],[145.4384,43.8499],[145.4474,43.8562],[145.4525,43.8722],[145.4657,43.8909],[145.4841,43.9043],[145.5304,43.9205],[145.5348,43.9235],[145.5346,43.9287],[145.5374,43.932],[145.5496,43.9359],[145.561,43.9453],[145.5783,43.9473],[145.5901,43.9532],[145.5939,43.9677],[145.5977,43.9727],[145.6122,43.9769],[145.6287,43.9879],[145.6461,43.9936],[145.6528,43.9995],[145.6539,44.0032],[145.6512,44.0051],[145.655,44.0047],[145.6743,44.0116],[145.6805,44.0173],[145.6758,44.0273],[145.6814,44.0265],[145.6945,44.0309],[145.6972,44.0343],[145.7028,44.0339],[145.7312,44.0454],[145.7429,44.0537],[145.7446,44.0601],[145.7476,44.0599],[145.7473,44.0647]]],[[[141.4241,44.4289],[141.3868,44.4313],[141.382,44.4339],[141.3848,44.437],[141.3967,44.4425],[141.4026,44.4415],[141.4093,44.4445],[141.4259,44.4474],[141.4295,44.4439],[141.428,44.4423],[141.429,44.4365],[141.4277,44.4301],[141.4241,44.4289]]],[[[141.2948,44.4138],[141.293,44.4199],[141.2944,44.4219],[141.3008,44.4245],[141.3274,44.4435],[141.3282,44.4393],[141.3359,44.4319],[141.3208,44.417],[141.2948,44.4138]]],[[[146.6455,43.7027],[146.6414,43.7055],[146.6413,43.7091],[146.6477,43.7114],[146.6502,43.7145],[146.6462,43.7156],[146.6464,43.7138],[146.6391,43.7169],[146.6415,43.721],[146.6344,43.7195],[146.631,43.7219],[146.6288,43.7284],[146.6263,43.7285],[146.6218,43.7337],[146.6196,43.7409],[146.6218,43.7475],[146.6198,43.7495],[146.6261,43.7575],[146.6138,43.7581],[146.6077,43.7532],[146.6075,43.7509],[146.6162,43.7437],[146.613,43.7411],[146.6128,43.7354],[146.6063,43.7357],[146.6066,43.7394],[146.599,43.7366],[146.5988,43.7385],[146.5946,43.7356],[146.5935,43.7409],[146.5976,43.7453],[146.5962,43.7475],[146.5864,43.7443],[146.5912,43.7591],[146.5989,43.7626],[146.5979,43.7657],[146.6048,43.7645],[146.6079,43.7697],[146.6055,43.7696],[146.6043,43.7719],[146.6072,43.7768],[146.6053,43.7794],[146.5955,43.7837],[146.5952,43.7877],[146.5933,43.7882],[146.585,43.8021],[146.5863,43.8083],[146.5953,43.8085],[146.6098,43.8175],[146.6403,43.8198],[146.6397,43.8221],[146.6523,43.8242],[146.6663,43.8293],[146.6811,43.8267],[146.6811,43.8302],[146.6886,43.8294],[146.6995,43.8319],[146.7078,43.8298],[146.7089,43.8247],[146.7125,43.8254],[146.7123,43.8312],[146.7222,43.8333],[146.7272,43.8324],[146.7308,43.8296],[146.7422,43.8268],[146.7487,43.8191],[146.7501,43.8241],[146.7468,43.8303],[146.7421,43.8331],[146.7223,43.8365],[146.7221,43.8424],[146.7253,43.8473],[146.7484,43.8577],[146.7738,43.8759],[146.786,43.8747],[146.79,43.8687],[146.8006,43.86],[146.8034,43.8607],[146.8014,43.8643],[146.7952,43.8653],[146.7882,43.8785],[146.7944,43.8802],[146.8058,43.872],[146.8104,43.8721],[146.8104,43.8759],[146.814,43.8785],[146.8174,43.8763],[146.814,43.8702],[146.8187,43.8667],[146.826,43.8689],[146.8278,43.8737],[146.8217,43.8751],[146.82,43.8815],[146.821,43.8871],[146.8258,43.89],[146.833,43.8871],[146.845,43.8898],[146.8528,43.8843],[146.8511,43.8772],[146.8622,43.8773],[146.8652,43.8734],[146.8749,43.8679],[146.8817,43.8594],[146.8947,43.8484],[146.9013,43.8452],[146.9079,43.8451],[146.9093,43.8473],[146.9146,43.8484],[146.9093,43.8451],[146.9115,43.8413],[146.9212,43.8386],[146.9151,43.8319],[146.9119,43.8323],[146.903,43.8286],[146.9071,43.8249],[146.9048,43.821],[146.9081,43.8193],[146.9073,43.8117],[146.9028,43.8142],[146.8992,43.8067],[146.894,43.8106],[146.8821,43.815],[146.8646,43.8109],[146.8629,43.8097],[146.8641,43.8081],[146.8599,43.8069],[146.852,43.8073],[146.8515,43.8105],[146.8491,43.8118],[146.8478,43.8084],[146.8439,43.81],[146.8426,43.8079],[146.8406,43.8097],[146.8386,43.8069],[146.8269,43.8009],[146.8287,43.7961],[146.8342,43.7965],[146.8338,43.7941],[146.8385,43.7909],[146.8456,43.7917],[146.8459,43.7898],[146.8474,43.7907],[146.8514,43.7879],[146.8391,43.7831],[146.8275,43.7854],[146.8241,43.79],[146.8169,43.7894],[146.8115,43.7919],[146.8092,43.7877],[146.8112,43.7847],[146.808,43.7812],[146.8018,43.7825],[146.7995,43.7865],[146.7964,43.7851],[146.7951,43.7822],[146.7908,43.783],[146.7886,43.7809],[146.7911,43.7759],[146.7901,43.7721],[146.795,43.7722],[146.7922,43.7641],[146.7869,43.7621],[146.7884,43.7596],[146.783,43.7577],[146.7803,43.7589],[146.7772,43.7645],[146.7716,43.7669],[146.7703,43.762],[146.7737,43.7605],[146.7607,43.7498],[146.7569,43.7532],[146.7574,43.7556],[146.7512,43.7575],[146.7504,43.7542],[146.754,43.7517],[146.7468,43.7479],[146.7435,43.7508],[146.7367,43.7487],[146.7342,43.7443],[146.7291,43.7469],[146.7338,43.7417],[146.7331,43.7375],[146.7269,43.7347],[146.7263,43.7365],[146.7242,43.7353],[146.7126,43.7387],[146.7115,43.7423],[146.7064,43.745],[146.6974,43.7466],[146.6912,43.7431],[146.6918,43.7362],[146.6874,43.7355],[146.6818,43.7308],[146.6846,43.7278],[146.6821,43.7264],[146.6857,43.7262],[146.6873,43.7229],[146.6899,43.7229],[146.6777,43.7159],[146.6797,43.7135],[146.6774,43.7133],[146.6783,43.7115],[146.6762,43.7082],[146.6634,43.7089],[146.662,43.7067],[146.6572,43.7069],[146.6561,43.704],[146.6536,43.7051],[146.652,43.7033],[146.6455,43.7027]]],[[[146.7909,43.7455],[146.7889,43.7471],[146.7969,43.7517],[146.7911,43.7532],[146.7956,43.7613],[146.8032,43.7608],[146.8073,43.7583],[146.8065,43.7532],[146.8039,43.7506],[146.7909,43.7455]]],[[[146.7144,43.7335],[146.7117,43.7338],[146.712,43.7365],[146.7159,43.7362],[146.7144,43.7335]]],[[[146.6973,43.7214],[146.6939,43.7286],[146.6865,43.7278],[146.6854,43.7319],[146.6932,43.7346],[146.6985,43.7302],[146.7065,43.7299],[146.6973,43.7214]]],[[[146.3577,43.6187],[146.334,43.6191],[146.3216,43.6243],[146.3084,43.621],[146.2961,43.6238],[146.28,43.6232],[146.2736,43.6251],[146.2703,43.6289],[146.2834,43.6302],[146.288,43.6289],[146.2974,43.6311],[146.3121,43.6429],[146.3102,43.6513],[146.3158,43.6512],[146.3216,43.6448],[146.3254,43.6464],[146.3309,43.6437],[146.3292,43.6399],[146.3356,43.6385],[146.3508,43.6407],[146.3542,43.6357],[146.3515,43.6281],[146.3573,43.6247],[146.3577,43.6187]]],[[[145.2406,43.5706],[145.2343,43.5723],[145.2422,43.5717],[145.2511,43.5742],[145.2406,43.5706]]],[[[146.4048,43.5663],[146.4025,43.5667],[146.4014,43.5701],[146.4031,43.5712],[146.4048,43.5663]]],[[[145.3284,43.5667],[145.3176,43.5672],[145.3299,43.5689],[145.3284,43.5667]]],[[[146.1164,43.4587],[146.1188,43.4701],[146.1088,43.4781],[146.1067,43.4915],[146.0972,43.4995],[146.0918,43.5001],[146.0881,43.5032],[146.0793,43.5168],[146.0739,43.5218],[146.0607,43.5232],[146.0795,43.5331],[146.0874,43.533],[146.1066,43.5401],[146.1218,43.5419],[146.1314,43.5489],[146.1415,43.5491],[146.1577,43.5371],[146.1738,43.5338],[146.2082,43.5342],[146.186,43.5159],[146.1804,43.5049],[146.1804,43.5027],[146.1871,43.4964],[146.1971,43.4954],[146.1909,43.4909],[146.1945,43.4894],[146.1859,43.483],[146.1832,43.4832],[146.1769,43.4793],[146.1686,43.4776],[146.1643,43.4787],[146.1643,43.4751],[146.1496,43.4725],[146.1302,43.4637],[146.1218,43.4623],[146.1164,43.4587]]],[[[145.8982,43.4169],[145.8963,43.4183],[145.9019,43.4199],[145.8993,43.423],[145.8997,43.426],[145.8956,43.428],[145.8908,43.4236],[145.8887,43.4295],[145.8947,43.4307],[145.896,43.4354],[145.8966,43.4425],[145.8916,43.4481],[145.8856,43.4475],[145.8827,43.4513],[145.878,43.4518],[145.8698,43.4491],[145.8623,43.4523],[145.8606,43.4565],[145.8683,43.4578],[145.8737,43.4566],[145.8848,43.4597],[145.8849,43.4627],[145.888,43.4605],[145.8913,43.4519],[145.9004,43.4487],[145.9217,43.4489],[145.9255,43.455],[145.9319,43.4576],[145.9431,43.4581],[145.9452,43.4555],[145.9485,43.4559],[145.9461,43.4515],[145.9371,43.4504],[145.9342,43.4473],[145.9332,43.4381],[145.9423,43.4354],[145.9425,43.4332],[145.9536,43.4253],[145.9308,43.4229],[145.9247,43.4241],[145.9196,43.4275],[145.9086,43.4259],[145.9034,43.417],[145.8982,43.4169]]],[[[146.0437,43.4027],[146.0373,43.404],[146.0357,43.4072],[146.0258,43.409],[146.0294,43.4199],[146.0365,43.418],[146.0402,43.4199],[146.0446,43.4311],[146.0488,43.4299],[146.0569,43.4224],[146.0585,43.4251],[146.058,43.4325],[146.0597,43.4341],[146.0682,43.4344],[146.0652,43.4271],[146.07,43.4246],[146.0749,43.4289],[146.0867,43.4279],[146.0874,43.4367],[146.0838,43.4441],[146.0925,43.4456],[146.0986,43.4496],[146.1015,43.4471],[146.1034,43.4411],[146.1101,43.4387],[146.1089,43.4316],[146.1071,43.433],[146.0999,43.4321],[146.0899,43.4287],[146.0933,43.4259],[146.0895,43.4246],[146.0857,43.4199],[146.0876,43.4167],[146.0808,43.4135],[146.0799,43.4182],[146.078,43.4161],[146.0724,43.4193],[146.063,43.4176],[146.0564,43.4149],[146.0514,43.4061],[146.0437,43.4027]]],[[[146.1638,43.4136],[146.155,43.4159],[146.1683,43.4241],[146.1682,43.4199],[146.1638,43.4136]]],[[[146.1523,43.4078],[146.1498,43.4083],[146.1562,43.4133],[146.1587,43.4109],[146.1523,43.4078]]],[[[145.8909,43.3815],[145.8885,43.3853],[145.8936,43.3848],[145.8909,43.3815]]],[[[145.9984,43.3621],[145.9968,43.3657],[145.9927,43.3679],[145.9848,43.3661],[145.9878,43.3737],[145.995,43.3757],[146.0042,43.3727],[146.017,43.3769],[146.0155,43.3789],[146.0219,43.3793],[146.0222,43.3759],[146.0187,43.3759],[146.0085,43.3629],[145.9984,43.3621]]],[[[145.6086,43.225],[145.6028,43.2285],[145.6083,43.2312],[145.6144,43.2267],[145.6086,43.225]]],[[[141.2645,43.2025],[141.273,43.208],[141.2879,43.2241],[141.2898,43.2293],[141.2882,43.2241],[141.2733,43.2079],[141.2645,43.2025]]],[[[145.5999,43.2058],[145.589,43.2076],[145.5904,43.2123],[145.5883,43.2143],[145.5963,43.2221],[145.5985,43.2223],[145.5996,43.2183],[145.6045,43.2187],[145.6036,43.2158],[145.6088,43.2149],[145.6097,43.2119],[145.5999,43.2058]]],[[[145.1272,43.0683],[145.1297,43.0744],[145.1205,43.0798],[145.1205,43.0817],[145.1256,43.0807],[145.1273,43.0829],[145.1348,43.0832],[145.1377,43.0815],[145.1548,43.0847],[145.1638,43.0845],[145.1654,43.0799],[145.1736,43.0768],[145.1557,43.0778],[145.1499,43.0734],[145.1514,43.0709],[145.1272,43.0683]]],[[[145.0976,43.0457],[145.0962,43.0472],[145.0979,43.0529],[145.1169,43.0533],[145.1163,43.0513],[145.1037,43.0489],[145.0976,43.0457]]],[[[144.8658,42.9471],[144.8734,42.9649],[144.8805,42.9576],[144.8718,42.9493],[144.8658,42.9471]]],[[[139.4503,42.0521],[139.4444,42.0642],[139.4276,42.0715],[139.4221,42.0718],[139.4258,42.0905],[139.4237,42.0947],[139.4243,42.1059],[139.4189,42.1147],[139.4232,42.1364],[139.416,42.1491],[139.4109,42.154],[139.4132,42.1555],[139.4059,42.1647],[139.4113,42.1699],[139.407,42.1801],[139.4218,42.1966],[139.4253,42.1973],[139.424,42.2009],[139.4268,42.206],[139.4346,42.215],[139.439,42.2175],[139.4468,42.2173],[139.4482,42.2195],[139.4579,42.2169],[139.4675,42.2176],[139.4761,42.2235],[139.5218,42.2313],[139.5266,42.2341],[139.5355,42.2339],[139.5491,42.2386],[139.5591,42.2532],[139.5607,42.2289],[139.5496,42.2139],[139.5509,42.2117],[139.5459,42.2045],[139.526,42.1907],[139.5173,42.177],[139.5169,42.16],[139.522,42.1554],[139.5187,42.1445],[139.5197,42.139],[139.5036,42.0966],[139.4935,42.0817],[139.4817,42.0731],[139.4622,42.0705],[139.4521,42.0644],[139.4503,42.0521]]],[[[139.3408,41.4957],[139.3348,41.519],[139.3408,41.5258],[139.3532,41.5238],[139.3741,41.524],[139.3803,41.5177],[139.3838,41.5097],[139.3757,41.5032],[139.359,41.5012],[139.3483,41.4966],[139.3408,41.4957]]],[[[139.7997,41.3535],[139.8,41.3584],[139.7945,41.3583],[139.7981,41.3628],[139.8034,41.3663],[139.8116,41.3635],[139.8161,41.3646],[139.8158,41.3595],[139.8089,41.3551],[139.7997,41.3535]]],[[[140.9635,45.4806],[140.9673,45.4783],[140.9713,45.4803],[140.9718,45.4778],[140.9684,45.4747],[140.9636,45.4749],[140.9622,45.4782],[140.9635,45.4806]]],[[[139.4018,42.1783],[139.4072,42.1758],[139.406,42.1741],[139.4018,42.1783]]]]}},{"type":"Feature","properties":{"name":"兵庫県","id":28},"geometry":{"type":"MultiPolygon","coordinates":[[[[134.8671,35.6581],[134.8642,35.6511],[134.867,35.6487],[134.8664,35.6369],[134.8709,35.636],[134.8725,35.6197],[134.866,35.6125],[134.8656,35.6017],[134.8624,35.5969],[134.8554,35.5935],[134.8542,35.5881],[134.8622,35.5865],[134.8686,35.5782],[134.8681,35.5759],[134.8718,35.5763],[134.8807,35.5673],[134.8815,35.5636],[134.896,35.5581],[134.901,35.5546],[134.9035,35.5495],[134.9143,35.5448],[134.9187,35.5379],[134.9146,35.5277],[134.9228,35.5211],[134.9265,35.5125],[134.9548,35.5159],[134.9592,35.513],[134.9638,35.5161],[134.9669,35.5213],[134.9745,35.5252],[134.9796,35.5249],[134.9829,35.5289],[134.9959,35.5353],[135.0045,35.5356],[135.0083,35.5339],[135.0196,35.5383],[135.0352,35.5397],[135.0367,35.5373],[135.0362,35.5301],[135.0397,35.5265],[135.0447,35.5085],[135.0328,35.4973],[135.0417,35.4934],[135.0384,35.4807],[135.0353,35.4802],[135.0358,35.4753],[135.0405,35.4735],[135.0432,35.4623],[135.0475,35.4521],[135.0495,35.4511],[135.0504,35.4419],[135.0475,35.4269],[135.0499,35.4199],[135.0483,35.4074],[135.0291,35.4096],[135.028,35.405],[135.0192,35.3945],[135.0125,35.3936],[134.9997,35.3867],[134.9895,35.3863],[134.9868,35.3907],[134.9872,35.3945],[134.9789,35.3984],[134.9687,35.4003],[134.9586,35.4091],[134.9539,35.4088],[134.9448,35.4132],[134.9338,35.4074],[134.931,35.4017],[134.9245,35.3941],[134.923,35.3943],[134.9264,35.3775],[134.9185,35.3645],[134.9226,35.3527],[134.9185,35.3493],[134.917,35.3399],[134.9253,35.3365],[134.9272,35.3293],[134.9247,35.3257],[134.9254,35.3218],[134.9208,35.3163],[134.9256,35.3112],[134.9372,35.3076],[134.9429,35.3083],[134.9602,35.2979],[134.9916,35.29],[134.9988,35.2911],[135.0007,35.2873],[135.0095,35.2837],[135.0114,35.2774],[135.01,35.2698],[135.0168,35.269],[135.0382,35.2607],[135.0427,35.2635],[135.0513,35.2625],[135.0565,35.264],[135.0566,35.258],[135.0675,35.2372],[135.077,35.2445],[135.0808,35.245],[135.085,35.2532],[135.094,35.2601],[135.0987,35.259],[135.109,35.2663],[135.1155,35.2633],[135.1304,35.2611],[135.1361,35.265],[135.143,35.2624],[135.1481,35.2636],[135.1583,35.2599],[135.1613,35.2574],[135.1662,35.2402],[135.1594,35.23],[135.1557,35.2292],[135.1556,35.2262],[135.1651,35.2194],[135.1703,35.2203],[135.175,35.2146],[135.1819,35.2159],[135.1881,35.2082],[135.1967,35.2029],[135.199,35.194],[135.1925,35.1941],[135.1863,35.1898],[135.1891,35.1822],[135.1869,35.1718],[135.1944,35.1713],[135.2067,35.1609],[135.2245,35.1639],[135.2283,35.1674],[135.2327,35.1774],[135.2579,35.1771],[135.2658,35.1755],[135.2738,35.1771],[135.2847,35.1713],[135.2889,35.1723],[135.2898,35.1699],[135.2909,35.1597],[135.2828,35.1507],[135.278,35.1511],[135.2822,35.1449],[135.2946,35.1419],[135.323,35.1466],[135.3284,35.1491],[135.3405,35.1499],[135.3372,35.1438],[135.3393,35.1387],[135.3435,35.1357],[135.3561,35.136],[135.3607,35.1321],[135.3698,35.1322],[135.3729,35.1291],[135.3894,35.1288],[135.3861,35.119],[135.393,35.1109],[135.3887,35.1072],[135.3885,35.0971],[135.3913,35.0981],[135.4007,35.0931],[135.4031,35.0894],[135.3989,35.0811],[135.3992,35.0761],[135.3872,35.0724],[135.3762,35.0649],[135.3767,35.0607],[135.3718,35.0591],[135.3688,35.0536],[135.3708,35.0453],[135.3662,35.0445],[135.3577,35.0501],[135.349,35.0509],[135.3478,35.0455],[135.3376,35.0436],[135.3304,35.0345],[135.3337,35.0345],[135.3394,35.0259],[135.3491,35.0265],[135.3542,35.0241],[135.354,35.0078],[135.3523,35.0032],[135.3533,34.9881],[135.359,34.9823],[135.3498,34.9798],[135.3456,34.9653],[135.3548,34.9616],[135.3601,34.9545],[135.3649,34.956],[135.3718,34.9537],[135.3763,34.9558],[135.3827,34.9554],[135.3854,34.9537],[135.3872,34.9469],[135.3923,34.9414],[135.3964,34.9442],[135.4108,34.9432],[135.4116,34.9422],[135.4092,34.9411],[135.4121,34.9401],[135.4171,34.9411],[135.4182,34.9339],[135.4393,34.9375],[135.4417,34.9393],[135.4517,34.9309],[135.4614,34.9266],[135.4668,34.9287],[135.4671,34.9252],[135.4651,34.9199],[135.4598,34.9182],[135.438,34.9199],[135.4182,34.9088],[135.4202,34.9066],[135.4268,34.9061],[135.4317,34.8953],[135.4306,34.8923],[135.4446,34.8985],[135.4299,34.8555],[135.4203,34.8515],[135.4167,34.8521],[135.4239,34.8365],[135.4215,34.8263],[135.4157,34.8195],[135.4234,34.8019],[135.4292,34.8025],[135.4387,34.7918],[135.4414,34.7909],[135.4453,34.7748],[135.4444,34.7684],[135.4492,34.7674],[135.4511,34.7584],[135.4562,34.7598],[135.4558,34.7532],[135.457,34.7511],[135.4593,34.7514],[135.4599,34.7332],[135.4561,34.7347],[135.4469,34.7333],[135.4452,34.7293],[135.447,34.7197],[135.4275,34.7097],[135.4242,34.7059],[135.4103,34.7006],[135.3922,34.68],[135.3762,34.6766],[135.3738,34.6786],[135.382,34.6822],[135.3922,34.6817],[135.3942,34.6839],[135.3927,34.6882],[135.4013,34.6992],[135.3932,34.701],[135.394,34.6971],[135.3895,34.6919],[135.3834,34.6936],[135.381,34.6912],[135.3774,34.6921],[135.3753,34.6872],[135.3767,34.6856],[135.3712,34.6808],[135.3685,34.6832],[135.3738,34.6931],[135.3684,34.6964],[135.365,34.6936],[135.3686,34.6924],[135.3632,34.6883],[135.3539,34.6968],[135.3637,34.7049],[135.3632,34.7063],[135.3602,34.7062],[135.3359,34.7258],[135.332,34.7232],[135.3225,34.7259],[135.3238,34.718],[135.3064,34.7144],[135.3057,34.7187],[135.2945,34.7195],[135.2895,34.715],[135.2819,34.7124],[135.2868,34.712],[135.2881,34.704],[135.2721,34.7022],[135.2712,34.7059],[135.2681,34.707],[135.2682,34.7018],[135.2451,34.6993],[135.2397,34.7015],[135.228,34.7001],[135.2281,34.6988],[135.2347,34.6986],[135.238,34.6932],[135.2241,34.6916],[135.219,34.6956],[135.2144,34.6927],[135.2184,34.6901],[135.2075,34.6843],[135.2041,34.687],[135.2018,34.685],[135.2023,34.6787],[135.2007,34.6838],[135.199,34.6834],[135.1996,34.6801],[135.1978,34.6831],[135.1958,34.6796],[135.1952,34.6829],[135.1937,34.6827],[135.1931,34.6794],[135.1932,34.6857],[135.19,34.6855],[135.1896,34.6794],[135.1863,34.6826],[135.1843,34.6821],[135.186,34.678],[135.1823,34.677],[135.1868,34.6769],[135.1894,34.6723],[135.1886,34.6709],[135.1776,34.6701],[135.1779,34.6649],[135.1805,34.6679],[135.187,34.6669],[135.1858,34.6635],[135.1827,34.6617],[135.1774,34.6638],[135.1805,34.6556],[135.1869,34.6531],[135.1833,34.6494],[135.1496,34.6459],[135.1377,34.6419],[135.1111,34.6413],[135.0927,34.6346],[135.074,34.6309],[135.0743,34.6285],[135.0596,34.6255],[135.0588,34.627],[135.0404,34.6284],[135.0183,34.6433],[134.9925,34.6418],[134.9949,34.6443],[134.9898,34.6451],[134.9898,34.6424],[134.9815,34.6414],[134.9655,34.6465],[134.9282,34.6716],[134.9095,34.676],[134.9098,34.6745],[134.8975,34.6868],[134.8696,34.7031],[134.8581,34.7137],[134.8566,34.7123],[134.8497,34.7159],[134.8467,34.7153],[134.8477,34.7203],[134.8467,34.7188],[134.8429,34.7204],[134.8362,34.7072],[134.8282,34.7099],[134.8263,34.7063],[134.8091,34.7181],[134.8132,34.7306],[134.8107,34.7318],[134.8116,34.739],[134.8101,34.7423],[134.8083,34.7425],[134.8038,34.7346],[134.7993,34.7356],[134.7973,34.7331],[134.7871,34.74],[134.7915,34.7445],[134.7881,34.7471],[134.7853,34.7411],[134.7662,34.7527],[134.7632,34.7485],[134.7568,34.7517],[134.7617,34.7589],[134.7654,34.7599],[134.7468,34.7682],[134.7339,34.7694],[134.7331,34.7676],[134.7071,34.777],[134.703,34.7754],[134.7008,34.7775],[134.699,34.7762],[134.7016,34.7728],[134.6946,34.7703],[134.6873,34.7712],[134.6891,34.7774],[134.6851,34.7782],[134.683,34.7721],[134.6775,34.7732],[134.6733,34.7765],[134.6651,34.7679],[134.6608,34.7697],[134.6624,34.7725],[134.6592,34.7737],[134.6612,34.7769],[134.6651,34.7769],[134.6689,34.7795],[134.664,34.7843],[134.6614,34.7835],[134.6522,34.7706],[134.65,34.7705],[134.6496,34.7744],[134.6575,34.7871],[134.6554,34.7885],[134.6549,34.7854],[134.6498,34.7796],[134.6457,34.7795],[134.645,34.7673],[134.6329,34.7673],[134.6329,34.7725],[134.6315,34.7725],[134.6315,34.7775],[134.6338,34.7793],[134.6436,34.7803],[134.6435,34.7834],[134.6221,34.7837],[134.6221,34.7798],[134.6282,34.7777],[134.6282,34.7732],[134.6236,34.7731],[134.6235,34.7694],[134.6218,34.7715],[134.6111,34.7677],[134.6082,34.7749],[134.6127,34.7779],[134.6061,34.7772],[134.6049,34.7794],[134.6031,34.7787],[134.6043,34.7765],[134.6026,34.7744],[134.5948,34.7735],[134.5933,34.7707],[134.6009,34.7714],[134.6027,34.7663],[134.5953,34.764],[134.5932,34.7699],[134.5837,34.7709],[134.5859,34.7619],[134.5709,34.7581],[134.5707,34.7612],[134.5741,34.7617],[134.5743,34.7646],[134.5717,34.7647],[134.5704,34.7732],[134.5656,34.7678],[134.5648,34.7605],[134.5579,34.7642],[134.5589,34.7692],[134.5483,34.773],[134.5407,34.7704],[134.5331,34.7757],[134.528,34.7827],[134.5082,34.764],[134.5031,34.7613],[134.501,34.7662],[134.5043,34.7667],[134.5015,34.7683],[134.5029,34.7728],[134.5006,34.7745],[134.4961,34.7712],[134.4938,34.7716],[134.491,34.7661],[134.4864,34.769],[134.4809,34.7655],[134.4801,34.7607],[134.4739,34.7552],[134.4694,34.7683],[134.4718,34.7765],[134.4691,34.7783],[134.4692,34.7842],[134.478,34.7859],[134.4683,34.7916],[134.4698,34.7971],[134.4716,34.7971],[134.4647,34.8036],[134.4658,34.8085],[134.4649,34.8054],[134.4592,34.8037],[134.4674,34.7985],[134.4656,34.7917],[134.4631,34.7919],[134.4661,34.7908],[134.4643,34.7879],[134.4611,34.7884],[134.4581,34.7861],[134.4578,34.7807],[134.4562,34.7803],[134.4594,34.7675],[134.4633,34.7651],[134.457,34.7573],[134.4503,34.7537],[134.4506,34.7597],[134.4552,34.7675],[134.4338,34.7668],[134.4299,34.7641],[134.432,34.7565],[134.4281,34.7573],[134.4258,34.7532],[134.4333,34.7481],[134.4274,34.7454],[134.4248,34.7406],[134.4105,34.7278],[134.407,34.7265],[134.4056,34.7303],[134.3934,34.7287],[134.3916,34.7333],[134.3884,34.7343],[134.3847,34.7261],[134.3751,34.7313],[134.3793,34.737],[134.3738,34.7333],[134.3718,34.7349],[134.3735,34.7365],[134.3679,34.7447],[134.3583,34.7512],[134.3582,34.7457],[134.3626,34.7461],[134.3632,34.7407],[134.3443,34.7354],[134.3424,34.7363],[134.3431,34.7387],[134.3412,34.7367],[134.3393,34.7389],[134.3213,34.7218],[134.3207,34.7277],[134.323,34.7309],[134.3203,34.7353],[134.3168,34.7351],[134.3137,34.7377],[134.314,34.7405],[134.3198,34.7591],[134.3269,34.7659],[134.3321,34.7659],[134.3338,34.7682],[134.3292,34.7737],[134.3235,34.7746],[134.3154,34.7808],[134.3185,34.7851],[134.3165,34.8016],[134.3117,34.8027],[134.3025,34.814],[134.2978,34.8135],[134.295,34.8181],[134.2879,34.8214],[134.2874,34.8277],[134.2832,34.8295],[134.268,34.8261],[134.2632,34.8267],[134.2613,34.8314],[134.2625,34.8365],[134.265,34.8387],[134.2623,34.8453],[134.2531,34.8513],[134.2547,34.8597],[134.258,34.8627],[134.2586,34.8697],[134.2662,34.8748],[134.263,34.8795],[134.2629,34.8849],[134.2685,34.8837],[134.2682,34.8877],[134.2723,34.8913],[134.2793,34.8957],[134.2883,34.8976],[134.2877,34.8995],[134.2927,34.9027],[134.2944,34.9075],[134.2838,34.9168],[134.2842,34.9203],[134.2751,34.9239],[134.2755,34.9291],[134.2669,34.936],[134.2625,34.9373],[134.2589,34.9342],[134.2543,34.9377],[134.2536,34.9461],[134.2754,34.9629],[134.2736,34.966],[134.2765,34.9758],[134.2702,34.9783],[134.2702,34.9825],[134.2861,34.9959],[134.2823,34.9965],[134.2784,35.001],[134.2658,35.0051],[134.2638,35.0107],[134.2644,35.0127],[134.2666,35.0127],[134.2641,35.0157],[134.2677,35.018],[134.2671,35.0215],[134.2747,35.0234],[134.2829,35.038],[134.2904,35.0374],[134.2967,35.0431],[134.3038,35.0405],[134.3065,35.0423],[134.3072,35.0455],[134.3161,35.0433],[134.3144,35.0579],[134.3166,35.0657],[134.3205,35.0675],[134.3185,35.0829],[134.3299,35.087],[134.333,35.0865],[134.3367,35.0904],[134.3486,35.0903],[134.3534,35.098],[134.3525,35.1137],[134.3592,35.1194],[134.3599,35.122],[134.3564,35.1245],[134.3663,35.1454],[134.3742,35.1509],[134.3774,35.1491],[134.3812,35.1518],[134.3936,35.1527],[134.4082,35.1479],[134.412,35.1567],[134.407,35.1651],[134.4066,35.1699],[134.4112,35.1758],[134.4114,35.1861],[134.4008,35.1875],[134.3824,35.1945],[134.38,35.2081],[134.3805,35.2181],[134.3849,35.2236],[134.3964,35.2283],[134.4022,35.241],[134.4213,35.237],[134.4274,35.2317],[134.434,35.2295],[134.4483,35.2379],[134.4624,35.2367],[134.4624,35.2441],[134.4708,35.2492],[134.4754,35.2492],[134.4803,35.2532],[134.4855,35.2622],[134.4896,35.2618],[134.5146,35.2773],[134.5093,35.2956],[134.5103,35.3029],[134.514,35.3071],[134.5049,35.3159],[134.5022,35.3254],[134.504,35.3365],[134.5083,35.3417],[134.51,35.3493],[134.5133,35.3539],[134.5052,35.3591],[134.5024,35.366],[134.4888,35.368],[134.4722,35.378],[134.4719,35.383],[134.481,35.4102],[134.4769,35.4139],[134.4777,35.4199],[134.4756,35.4233],[134.4795,35.4253],[134.4769,35.4291],[134.4668,35.4329],[134.4628,35.4365],[134.4542,35.4367],[134.4398,35.4428],[134.4376,35.4585],[134.4334,35.4667],[134.4372,35.4756],[134.4271,35.4959],[134.4299,35.5032],[134.4279,35.5075],[134.4187,35.5137],[134.4123,35.5153],[134.425,35.5419],[134.4204,35.5449],[134.4243,35.5513],[134.4208,35.5629],[134.4105,35.5629],[134.4059,35.5685],[134.4055,35.583],[134.4078,35.5877],[134.403,35.5935],[134.394,35.5978],[134.3927,35.6009],[134.3718,35.6083],[134.3695,35.6146],[134.3731,35.6144],[134.3733,35.6116],[134.3779,35.6139],[134.3808,35.6125],[134.387,35.6138],[134.3861,35.6177],[134.3924,35.6198],[134.404,35.6162],[134.4101,35.6192],[134.4165,35.6195],[134.4159,35.6215],[134.4203,35.6244],[134.4233,35.6219],[134.4275,35.624],[134.4312,35.6202],[134.4349,35.6233],[134.4326,35.6249],[134.4336,35.6278],[134.432,35.6289],[134.4339,35.6328],[134.4389,35.6359],[134.4419,35.6283],[134.4416,35.6307],[134.4509,35.629],[134.4564,35.6352],[134.4584,35.6344],[134.4608,35.6399],[134.4725,35.6395],[134.4726,35.6419],[134.4758,35.6402],[134.4789,35.6455],[134.4853,35.6506],[134.4909,35.6541],[134.4934,35.6536],[134.495,35.6563],[134.498,35.6553],[134.4998,35.6575],[134.5014,35.656],[134.504,35.658],[134.5045,35.6614],[134.511,35.6585],[134.5172,35.6611],[134.5165,35.6666],[134.5207,35.6647],[134.5275,35.6676],[134.5312,35.6662],[134.5369,35.6699],[134.541,35.6689],[134.5549,35.6567],[134.5581,35.6511],[134.5617,35.6511],[134.5633,35.6565],[134.5675,35.6559],[134.5679,35.6575],[134.5762,35.6522],[134.5777,35.6607],[134.5852,35.6597],[134.5915,35.6555],[134.5978,35.6587],[134.607,35.6541],[134.605,35.6523],[134.6067,35.6515],[134.6064,35.6491],[134.6123,35.6485],[134.6135,35.6413],[134.6218,35.6393],[134.6278,35.6409],[134.6303,35.6475],[134.6271,35.6492],[134.633,35.6513],[134.6333,35.6474],[134.6395,35.6499],[134.6425,35.6517],[134.6484,35.6609],[134.657,35.6655],[134.6591,35.6641],[134.6636,35.6669],[134.6656,35.6634],[134.6634,35.6581],[134.6573,35.6581],[134.6605,35.6561],[134.6587,35.6517],[134.662,35.6484],[134.6687,35.6576],[134.6739,35.6611],[134.6783,35.6551],[134.6813,35.6577],[134.6853,35.6561],[134.6872,35.6651],[134.6922,35.6651],[134.6957,35.6627],[134.6919,35.6595],[134.6945,35.6546],[134.7016,35.6555],[134.7034,35.6532],[134.7069,35.6536],[134.7095,35.6655],[134.7173,35.6651],[134.7248,35.6671],[134.7339,35.6581],[134.7346,35.6606],[134.7432,35.6596],[134.7431,35.6652],[134.745,35.6657],[134.748,35.6603],[134.7512,35.6615],[134.7515,35.664],[134.7564,35.6617],[134.7639,35.6747],[134.7617,35.6625],[134.769,35.6594],[134.7729,35.6593],[134.7752,35.6615],[134.7825,35.6613],[134.7832,35.6655],[134.7992,35.6699],[134.7981,35.6685],[134.8032,35.6646],[134.8125,35.6637],[134.8159,35.6603],[134.8209,35.6596],[134.8206,35.657],[134.8376,35.6555],[134.8381,35.654],[134.8333,35.6489],[134.8406,35.6427],[134.8483,35.6528],[134.8479,35.656],[134.8521,35.6589],[134.8671,35.6581]]],[[[134.6976,34.7599],[134.6893,34.7601],[134.6922,34.7683],[134.7007,34.7707],[134.6976,34.7599]]],[[[135.33,34.7102],[135.3248,34.7103],[135.3249,34.717],[135.3302,34.7217],[135.3407,34.718],[135.3388,34.7109],[135.33,34.7102]]],[[[135.2941,34.7047],[135.2924,34.7119],[135.2952,34.7155],[135.2939,34.7182],[135.3033,34.7167],[135.3044,34.706],[135.2941,34.7047]]],[[[135.3212,34.7048],[135.312,34.7056],[135.3117,34.7084],[135.3068,34.7083],[135.3062,34.7131],[135.3221,34.7164],[135.3212,34.7048]]],[[[135.3472,34.7029],[135.3424,34.7137],[135.3432,34.7153],[135.3476,34.7141],[135.3531,34.7073],[135.3472,34.7029]]],[[[134.853,34.694],[134.8397,34.6964],[134.8456,34.7081],[134.8522,34.7058],[134.8539,34.7081],[134.8486,34.7099],[134.8476,34.7121],[134.8578,34.7105],[134.8617,34.7073],[134.853,34.694]]],[[[134.8676,34.6993],[134.8637,34.7006],[134.8642,34.7021],[134.8718,34.7006],[134.8837,34.692],[134.8774,34.6849],[134.857,34.692],[134.8614,34.6971],[134.8687,34.6958],[134.8701,34.6984],[134.8676,34.6993]]],[[[135.2548,34.6779],[135.2523,34.6932],[135.2641,34.6978],[135.2653,34.6958],[135.2724,34.6965],[135.2728,34.6987],[135.2881,34.6968],[135.2891,34.6908],[135.2785,34.6924],[135.2788,34.6896],[135.2894,34.6879],[135.2906,34.6819],[135.2548,34.6779]]],[[[134.5419,34.6588],[134.5352,34.659],[134.5263,34.6663],[134.524,34.6655],[134.5131,34.6707],[134.5136,34.6736],[134.5077,34.6771],[134.5154,34.681],[134.5209,34.6807],[134.5279,34.6855],[134.531,34.6839],[134.5348,34.6865],[134.5366,34.6853],[134.5308,34.6799],[134.5288,34.6812],[134.5276,34.677],[134.5312,34.6771],[134.5309,34.6728],[134.5353,34.6781],[134.5393,34.6775],[134.5446,34.6799],[134.5448,34.6745],[134.5425,34.6699],[134.5455,34.6629],[134.5419,34.6588]]],[[[135.2173,34.6502],[135.2023,34.6592],[135.2013,34.6735],[135.2108,34.6789],[135.2104,34.6812],[135.22,34.6827],[135.2255,34.6778],[135.2164,34.675],[135.2177,34.6726],[135.2279,34.6757],[135.2318,34.6734],[135.2196,34.6697],[135.2209,34.6672],[135.2333,34.6711],[135.2362,34.6649],[135.226,34.6616],[135.228,34.6578],[135.2388,34.6611],[135.245,34.6506],[135.2173,34.6502]]],[[[134.5727,34.6513],[134.5613,34.6681],[134.5681,34.6719],[134.5703,34.6768],[134.5735,34.6769],[134.582,34.6699],[134.5894,34.6689],[134.5906,34.6632],[134.5844,34.6555],[134.5788,34.6564],[134.5773,34.6519],[134.5727,34.6513]]],[[[134.4677,34.6408],[134.4583,34.6451],[134.4599,34.6463],[134.4607,34.6588],[134.4633,34.6569],[134.4626,34.6619],[134.4657,34.6657],[134.4696,34.6669],[134.4665,34.6628],[134.474,34.6581],[134.4787,34.6636],[134.4807,34.6588],[134.4842,34.6606],[134.4863,34.6646],[134.4837,34.6713],[134.4924,34.6698],[134.4924,34.6681],[134.495,34.6689],[134.4897,34.6587],[134.4941,34.6595],[134.4934,34.6525],[134.4968,34.6528],[134.5003,34.6454],[134.4968,34.6436],[134.4936,34.6452],[134.4835,34.6412],[134.4875,34.6441],[134.4897,34.6491],[134.4825,34.6463],[134.4821,34.649],[134.479,34.6492],[134.4677,34.6408]]],[[[134.5155,34.6359],[134.5012,34.6435],[134.5031,34.6509],[134.5126,34.6539],[134.5144,34.6594],[134.5178,34.6547],[134.5161,34.6504],[134.5092,34.6477],[134.5114,34.6475],[134.5112,34.6443],[134.5169,34.6447],[134.5149,34.6424],[134.5173,34.6411],[134.5153,34.6393],[134.5155,34.6359]]],[[[134.4336,34.6477],[134.4339,34.6509],[134.4395,34.6539],[134.4411,34.6495],[134.4336,34.6477]]],[[[134.531,34.6425],[134.5286,34.6433],[134.5323,34.6463],[134.5339,34.6432],[134.531,34.6425]]],[[[135.2123,34.6283],[135.209,34.6304],[135.2088,34.635],[135.2162,34.6414],[135.237,34.6433],[135.2392,34.6371],[135.2411,34.6372],[135.2411,34.6336],[135.2172,34.6309],[135.2123,34.6283]]],[[[134.4968,34.6295],[134.4968,34.6333],[134.4993,34.6367],[134.4996,34.6309],[134.4968,34.6295]]],[[[134.7871,34.4272],[134.7974,34.4487],[134.8006,34.4485],[134.808,34.4578],[134.813,34.4609],[134.818,34.4691],[134.8268,34.4677],[134.827,34.4658],[134.8281,34.4678],[134.8355,34.4669],[134.8445,34.4755],[134.8693,34.5135],[134.8798,34.5239],[134.886,34.5287],[134.8953,34.5289],[134.911,34.5349],[134.9194,34.5451],[134.9328,34.5486],[134.956,34.5719],[134.9657,34.5865],[134.9826,34.6027],[135.0024,34.609],[135.0179,34.5899],[135.0205,34.5907],[135.0254,34.5763],[135.0156,34.5624],[135.0014,34.5504],[134.9982,34.5511],[135.0005,34.5497],[134.9968,34.5454],[134.9945,34.5455],[134.9931,34.5255],[134.9791,34.5032],[134.9541,34.4839],[134.9431,34.4667],[134.9206,34.4485],[134.9085,34.4365],[134.9078,34.4333],[134.9038,34.4311],[134.9043,34.4295],[134.9082,34.4313],[134.911,34.43],[134.9026,34.4209],[134.8995,34.4225],[134.8947,34.4181],[134.8977,34.4103],[134.8943,34.3989],[134.8967,34.3761],[134.8936,34.3542],[134.8964,34.3477],[134.8952,34.3443],[134.898,34.3439],[134.9005,34.3469],[134.8996,34.3455],[134.9034,34.3409],[134.9102,34.3411],[134.9142,34.3365],[134.9133,34.3312],[134.915,34.3315],[134.9177,34.3181],[134.922,34.3103],[134.9417,34.2986],[134.9483,34.2842],[134.9488,34.2743],[134.9526,34.2737],[134.9545,34.2769],[134.9519,34.2671],[134.9023,34.2532],[134.8414,34.2283],[134.8281,34.2203],[134.8153,34.209],[134.7957,34.1993],[134.7734,34.2001],[134.74,34.1903],[134.7293,34.1889],[134.7304,34.2066],[134.7174,34.2153],[134.7014,34.217],[134.6997,34.2209],[134.7101,34.2393],[134.7143,34.2404],[134.7163,34.243],[134.721,34.2415],[134.7199,34.2532],[134.7214,34.2549],[134.7188,34.2565],[134.7094,34.2532],[134.703,34.2477],[134.7071,34.246],[134.7014,34.2416],[134.6952,34.2473],[134.6812,34.2483],[134.6577,34.2413],[134.6698,34.2489],[134.6747,34.2547],[134.6746,34.2571],[134.6714,34.267],[134.668,34.2713],[134.6602,34.2711],[134.6593,34.2748],[134.6625,34.2876],[134.6591,34.2923],[134.6554,34.2925],[134.6543,34.2943],[134.6595,34.2951],[134.6729,34.3168],[134.6773,34.318],[134.6841,34.3235],[134.6863,34.3305],[134.6927,34.3245],[134.7001,34.3245],[134.7065,34.3209],[134.7177,34.3245],[134.7169,34.3279],[134.7218,34.3301],[134.7232,34.3279],[134.7265,34.331],[134.7265,34.3296],[134.7292,34.3296],[134.7288,34.3323],[134.7494,34.3733],[134.7482,34.3751],[134.7506,34.375],[134.7557,34.3855],[134.7625,34.386],[134.7758,34.4135],[134.7791,34.4132],[134.7844,34.4199],[134.7871,34.4272]]],[[[134.4758,34.5931],[134.4788,34.5995],[134.4849,34.5989],[134.4811,34.5943],[134.4758,34.5931]]],[[[134.9566,34.2765],[134.9569,34.2802],[134.945,34.2975],[134.9469,34.298],[134.9505,34.2941],[134.958,34.28],[134.9566,34.2765]]],[[[134.8116,34.1565],[134.813,34.1674],[134.8171,34.1671],[134.8209,34.1701],[134.8196,34.1791],[134.8241,34.178],[134.8304,34.1699],[134.8303,34.1657],[134.8233,34.1575],[134.8116,34.1565]]]]}},{"type":"Feature","properties":{"name":"千葉県","id":12},"geometry":{"type":"MultiPolygon","coordinates":[[[[139.7762,36.0909],[139.7775,36.098],[139.7868,36.1041],[139.8012,36.0919],[139.8106,36.066],[139.846,36.0347],[139.8591,36.0275],[139.8718,36.0145],[139.8785,36.0072],[139.8842,35.9889],[139.9008,35.9769],[139.9171,35.9703],[139.9341,35.9684],[139.9382,35.9619],[139.9321,35.9497],[139.9392,35.9403],[139.9521,35.9357],[139.966,35.9265],[139.9785,35.922],[139.9931,35.9103],[140.017,35.9106],[140.0306,35.9009],[140.0486,35.8918],[140.0608,35.8883],[140.0705,35.8784],[140.0762,35.877],[140.089,35.8841],[140.1218,35.8736],[140.1272,35.8709],[140.1466,35.8456],[140.1548,35.8426],[140.1679,35.8455],[140.2064,35.8614],[140.2137,35.862],[140.2325,35.8541],[140.2436,35.8554],[140.2731,35.8723],[140.2812,35.8741],[140.3082,35.8645],[140.3176,35.8644],[140.3353,35.8726],[140.3502,35.8856],[140.3557,35.8945],[140.3665,35.9002],[140.3988,35.9093],[140.4205,35.9064],[140.4486,35.9152],[140.4585,35.9261],[140.471,35.9199],[140.4841,35.9099],[140.5028,35.9058],[140.4908,35.9151],[140.4872,35.9281],[140.4905,35.9319],[140.4953,35.9308],[140.5012,35.9466],[140.5113,35.9587],[140.5333,35.9413],[140.5769,35.9199],[140.5852,35.9093],[140.588,35.9106],[140.5884,35.9063],[140.5989,35.9032],[140.6125,35.8901],[140.6318,35.8589],[140.6821,35.8495],[140.7061,35.8365],[140.7175,35.8227],[140.7295,35.7962],[140.7468,35.7818],[140.8204,35.7396],[140.8467,35.74],[140.8519,35.7439],[140.861,35.7429],[140.8614,35.7447],[140.869,35.736],[140.8646,35.7341],[140.869,35.7313],[140.8675,35.7311],[140.8709,35.7183],[140.8661,35.7125],[140.8693,35.7069],[140.8663,35.7065],[140.8635,35.7031],[140.8655,35.6934],[140.8517,35.6978],[140.8492,35.6979],[140.8507,35.6958],[140.8472,35.6972],[140.838,35.711],[140.8308,35.7135],[140.811,35.7123],[140.7594,35.6961],[140.737,35.6916],[140.7361,35.6935],[140.7338,35.6915],[140.7252,35.6936],[140.7202,35.7005],[140.7072,35.7021],[140.6858,35.6982],[140.6554,35.6882],[140.6065,35.6606],[140.5255,35.6025],[140.4968,35.5779],[140.4689,35.5475],[140.4639,35.5377],[140.4603,35.5342],[140.4585,35.5351],[140.4499,35.5245],[140.4303,35.4983],[140.4113,35.4615],[140.3962,35.4144],[140.3916,35.377],[140.395,35.3365],[140.3979,35.3302],[140.404,35.3281],[140.4096,35.3199],[140.4148,35.3069],[140.4011,35.2749],[140.4008,35.2557],[140.4057,35.2532],[140.4021,35.255],[140.4025,35.2532],[140.4076,35.2499],[140.4058,35.25],[140.4048,35.2472],[140.4059,35.2405],[140.393,35.211],[140.3933,35.203],[140.385,35.1922],[140.3842,35.1872],[140.3775,35.181],[140.3718,35.1788],[140.3589,35.1822],[140.3514,35.1814],[140.3464,35.1749],[140.334,35.1649],[140.3322,35.1562],[140.3284,35.1513],[140.3262,35.1401],[140.3194,35.1373],[140.3164,35.1383],[140.3117,35.1343],[140.3126,35.1471],[140.3088,35.1499],[140.2989,35.1509],[140.2956,35.1464],[140.2913,35.1452],[140.2909,35.1382],[140.2924,35.1383],[140.2909,35.1369],[140.288,35.1372],[140.2868,35.1345],[140.2834,35.1334],[140.2793,35.1337],[140.2772,35.1309],[140.2739,35.1312],[140.2765,35.1337],[140.2749,35.1367],[140.2701,35.1368],[140.2683,35.1335],[140.2678,35.1355],[140.2635,35.1341],[140.2631,35.137],[140.2575,35.1376],[140.2577,35.1351],[140.249,35.1344],[140.2479,35.1307],[140.2495,35.1293],[140.2462,35.1259],[140.2345,35.1217],[140.2377,35.1183],[140.2336,35.1155],[140.2225,35.1163],[140.2096,35.1139],[140.2019,35.1097],[140.1955,35.1178],[140.197,35.1199],[140.1956,35.1211],[140.1976,35.1215],[140.1925,35.1268],[140.1867,35.1256],[140.1837,35.1186],[140.1796,35.1189],[140.1785,35.1207],[140.1741,35.1202],[140.1685,35.1235],[140.1537,35.1213],[140.1505,35.1167],[140.1362,35.1215],[140.1218,35.1155],[140.1104,35.1077],[140.1044,35.0984],[140.1074,35.0939],[140.1063,35.092],[140.1087,35.0913],[140.1007,35.0898],[140.0997,35.0822],[140.1019,35.0772],[140.0993,35.0767],[140.0991,35.0748],[140.0962,35.0758],[140.0899,35.073],[140.0864,35.0737],[140.0844,35.0699],[140.0796,35.0682],[140.0794,35.0666],[140.0842,35.0631],[140.0812,35.0618],[140.0761,35.0632],[140.074,35.0563],[140.0586,35.0585],[140.0381,35.0514],[140.0172,35.0359],[140.0125,35.0359],[139.9968,35.0259],[139.9815,35.0113],[139.9738,34.9976],[139.9721,34.9868],[139.9676,34.9817],[139.9686,34.9771],[139.961,34.9681],[139.9642,34.9528],[139.9659,34.9541],[139.9642,34.9429],[139.954,34.9316],[139.9561,34.9312],[139.948,34.9273],[139.9464,34.9243],[139.9419,34.924],[139.9426,34.919],[139.939,34.9162],[139.924,34.9113],[139.9283,34.9101],[139.9201,34.9097],[139.9202,34.9077],[139.9177,34.9067],[139.91,34.9071],[139.9086,34.905],[139.9036,34.9037],[139.894,34.9056],[139.8901,34.9036],[139.8879,34.8995],[139.8868,34.9027],[139.8718,34.9027],[139.8672,34.9063],[139.8457,34.9027],[139.8371,34.9032],[139.8345,34.9069],[139.8244,34.9111],[139.8254,34.9199],[139.8239,34.9212],[139.8269,34.9253],[139.8241,34.9327],[139.8116,34.9431],[139.7809,34.9552],[139.7694,34.9548],[139.7665,34.9578],[139.759,34.9586],[139.7585,34.9619],[139.7547,34.9636],[139.7536,34.9669],[139.7549,34.9689],[139.7529,34.9745],[139.7539,34.9777],[139.7579,34.9777],[139.7595,34.9751],[139.7726,34.9774],[139.7762,34.9757],[139.7817,34.9763],[139.7844,34.9734],[139.7939,34.9737],[139.8167,34.979],[139.8182,34.9777],[139.8242,34.9821],[139.8276,34.9887],[139.8238,34.9896],[139.8248,34.9915],[139.8267,34.9898],[139.8416,34.9917],[139.843,34.9893],[139.8418,34.9859],[139.8482,34.9852],[139.8552,34.9897],[139.8582,35.0032],[139.8567,35.0147],[139.8506,35.0248],[139.8448,35.0255],[139.8441,35.0238],[139.8331,35.0321],[139.8259,35.0315],[139.819,35.0336],[139.8119,35.0367],[139.8107,35.0392],[139.8149,35.0428],[139.8238,35.0371],[139.8321,35.0439],[139.8321,35.0507],[139.8287,35.0521],[139.8266,35.0585],[139.8201,35.0662],[139.8212,35.072],[139.8372,35.0783],[139.8423,35.0865],[139.8361,35.0997],[139.8244,35.1008],[139.8272,35.1046],[139.8243,35.1077],[139.8281,35.1093],[139.8248,35.1133],[139.8314,35.1225],[139.8354,35.1245],[139.8348,35.13],[139.8391,35.1293],[139.8375,35.1353],[139.8299,35.1458],[139.8286,35.1507],[139.8172,35.1545],[139.8221,35.1648],[139.8171,35.1683],[139.8169,35.1773],[139.8184,35.1867],[139.8237,35.1967],[139.8304,35.2025],[139.8466,35.2113],[139.8665,35.2195],[139.87,35.2279],[139.8698,35.2349],[139.8624,35.2565],[139.8468,35.2716],[139.8528,35.2839],[139.8419,35.2941],[139.8187,35.3037],[139.7805,35.315],[139.7944,35.3137],[139.8193,35.3163],[139.8164,35.3237],[139.8219,35.3269],[139.8204,35.3249],[139.8217,35.3243],[139.8391,35.3337],[139.8374,35.3377],[139.8289,35.3368],[139.8231,35.3443],[139.8381,35.3589],[139.8472,35.3469],[139.8564,35.3514],[139.8519,35.3582],[139.8392,35.3673],[139.8454,35.3747],[139.8825,35.3613],[139.8914,35.3615],[139.8941,35.3572],[139.8969,35.3583],[139.8883,35.37],[139.8932,35.3723],[139.8947,35.37],[139.8999,35.3722],[139.9024,35.3683],[139.9074,35.3704],[139.9045,35.3749],[139.8992,35.3727],[139.8976,35.3751],[139.911,35.3806],[139.9131,35.3793],[139.9133,35.3831],[139.9168,35.3818],[139.9189,35.3884],[139.9135,35.3905],[139.9067,35.3894],[139.9023,35.3998],[139.9039,35.4005],[139.8978,35.4091],[139.8992,35.4178],[139.8969,35.4199],[139.897,35.4225],[139.9019,35.4251],[139.901,35.4275],[139.903,35.4273],[139.9052,35.432],[139.9165,35.4371],[139.9176,35.4405],[139.918,35.4375],[139.9242,35.4408],[139.9245,35.4395],[139.9401,35.4439],[139.9486,35.4422],[139.9511,35.4559],[139.9621,35.4585],[139.965,35.4507],[139.9566,35.4481],[139.9542,35.4533],[139.9522,35.4529],[139.9547,35.4441],[139.9744,35.4484],[139.9657,35.4685],[139.9822,35.4747],[139.9923,35.4573],[139.9891,35.4541],[139.9904,35.452],[139.9983,35.4579],[139.9946,35.4593],[139.989,35.4698],[139.9936,35.4722],[139.9991,35.4658],[140.0032,35.4681],[139.9977,35.4745],[140.0065,35.4791],[140.0098,35.4774],[140.0101,35.4787],[140.0214,35.4667],[140.0228,35.4675],[140.0183,35.4726],[140.0178,35.4804],[140.0112,35.484],[140.0218,35.4968],[140.0258,35.4945],[140.0286,35.4963],[140.028,35.4945],[140.0329,35.4917],[140.036,35.4953],[140.0251,35.5015],[140.0341,35.5118],[140.0423,35.5073],[140.0461,35.5115],[140.0377,35.5163],[140.0501,35.5309],[140.0575,35.5269],[140.0606,35.5299],[140.0539,35.535],[140.0614,35.5437],[140.0647,35.5427],[140.0723,35.55],[140.0962,35.5353],[140.1011,35.5383],[140.0982,35.5413],[140.096,35.5401],[140.091,35.5422],[140.0943,35.5454],[140.0918,35.5483],[140.0881,35.5459],[140.0865,35.5487],[140.0883,35.5519],[140.0981,35.5549],[140.1129,35.5485],[140.1156,35.5505],[140.1153,35.552],[140.0913,35.5611],[140.091,35.5645],[140.097,35.5665],[140.1271,35.5675],[140.1269,35.5693],[140.1139,35.5705],[140.0862,35.5693],[140.0817,35.5883],[140.1032,35.5865],[140.1053,35.5777],[140.1096,35.5766],[140.1109,35.5723],[140.114,35.5723],[140.1106,35.5895],[140.1153,35.5918],[140.1146,35.5928],[140.1175,35.5915],[140.1182,35.5957],[140.1153,35.5968],[140.1135,35.5937],[140.1077,35.592],[140.1055,35.5934],[140.1088,35.5999],[140.1059,35.6027],[140.104,35.6013],[140.1059,35.5993],[140.1016,35.594],[140.089,35.5945],[140.1005,35.6045],[140.0986,35.6063],[140.0942,35.6037],[140.083,35.6139],[140.078,35.6105],[140.0866,35.6019],[140.0839,35.5967],[140.0137,35.6575],[140.0081,35.6588],[140.0051,35.6567],[139.9877,35.6546],[139.9867,35.6601],[140.003,35.6598],[140.002,35.6657],[139.986,35.6639],[139.9849,35.6699],[139.9922,35.6724],[139.9918,35.6749],[139.9839,35.6772],[139.9879,35.6905],[139.9848,35.6919],[139.987,35.6905],[139.9846,35.6909],[139.9834,35.6886],[139.9856,35.6875],[139.9831,35.6817],[139.9684,35.6833],[139.96,35.6794],[139.9549,35.6893],[139.9531,35.6883],[139.9581,35.6774],[139.9532,35.6717],[139.9474,35.68],[139.9368,35.6734],[139.933,35.6757],[139.9314,35.6745],[139.9331,35.6731],[139.93,35.6694],[139.945,35.6729],[139.9475,35.6699],[139.9329,35.6667],[139.9211,35.6607],[139.9183,35.6555],[139.9396,35.6411],[139.9099,35.6244],[139.9048,35.6285],[139.9071,35.6313],[139.9053,35.6329],[139.9017,35.6299],[139.9009,35.6311],[139.8975,35.6294],[139.907,35.6231],[139.8977,35.6167],[139.8928,35.6255],[139.8883,35.6219],[139.8726,35.6255],[139.8724,35.633],[139.8748,35.6373],[139.8729,35.6385],[139.8821,35.644],[139.887,35.6539],[139.8858,35.6768],[139.8891,35.6806],[139.9059,35.6837],[139.9187,35.6978],[139.9161,35.7077],[139.8971,35.7267],[139.9001,35.7356],[139.8998,35.7437],[139.89,35.7508],[139.8808,35.7647],[139.8805,35.7712],[139.8933,35.7782],[139.8938,35.7827],[139.8886,35.7964],[139.8906,35.8019],[139.8893,35.8087],[139.8911,35.82],[139.8882,35.825],[139.8885,35.8302],[139.8916,35.8467],[139.8969,35.8554],[139.9,35.8653],[139.8873,35.8965],[139.8718,35.9158],[139.8617,35.9321],[139.8494,35.9383],[139.8355,35.959],[139.8334,35.9689],[139.8256,35.9729],[139.8259,35.9848],[139.8142,35.9979],[139.8169,36.0032],[139.8142,36.0253],[139.8174,36.0325],[139.8121,36.0395],[139.7907,36.0592],[139.7825,36.0711],[139.7762,36.0909]]],[[[139.9638,35.6723],[139.9589,35.6731],[139.9627,35.6807],[139.9673,35.6789],[139.9711,35.6806],[139.9778,35.6795],[139.9783,35.676],[139.9712,35.6773],[139.9717,35.6745],[139.9787,35.6733],[139.9792,35.6699],[139.9638,35.6723]]]]}},{"type":"Feature","properties":{"name":"富山県","id":16},"geometry":{"type":"MultiPolygon","coordinates":[[[[137.6349,36.9803],[137.6531,36.9671],[137.6675,36.9503],[137.6739,36.9507],[137.6857,36.9444],[137.6998,36.9427],[137.711,36.9446],[137.7151,36.933],[137.7197,36.9263],[137.7168,36.9208],[137.7172,36.9073],[137.7136,36.9053],[137.7136,36.8915],[137.7332,36.8701],[137.733,36.8589],[137.7348,36.8563],[137.7328,36.8445],[137.7335,36.8301],[137.7299,36.8269],[137.745,36.8149],[137.7492,36.808],[137.7538,36.7948],[137.751,36.7905],[137.7499,36.7795],[137.7621,36.7702],[137.7625,36.7664],[137.7591,36.7603],[137.7518,36.7527],[137.758,36.7412],[137.7549,36.7297],[137.7507,36.7269],[137.7518,36.7209],[137.7499,36.7044],[137.7556,36.6967],[137.7539,36.6878],[137.7592,36.6862],[137.7587,36.6791],[137.7615,36.6651],[137.7541,36.6581],[137.7559,36.6531],[137.7515,36.6277],[137.7466,36.6246],[137.7443,36.6176],[137.7468,36.606],[137.7524,36.5954],[137.7509,36.5896],[137.7468,36.5868],[137.7353,36.5879],[137.7244,36.5865],[137.7132,36.5775],[137.6952,36.5689],[137.6887,36.5628],[137.6846,36.5399],[137.6861,36.5372],[137.7098,36.5361],[137.7035,36.5259],[137.7053,36.5185],[137.6943,36.5107],[137.6914,36.5131],[137.6774,36.5143],[137.6763,36.5121],[137.6696,36.5103],[137.667,36.5032],[137.6667,36.4943],[137.6538,36.4908],[137.6511,36.4815],[137.6554,36.4723],[137.6553,36.4609],[137.6464,36.4547],[137.6401,36.4465],[137.6378,36.4326],[137.6334,36.4257],[137.6218,36.4231],[137.6184,36.4194],[137.608,36.4196],[137.6069,36.4141],[137.6043,36.4123],[137.605,36.4039],[137.5925,36.3905],[137.5873,36.3899],[137.5748,36.393],[137.5717,36.3899],[137.5606,36.3881],[137.5398,36.3926],[137.5318,36.401],[137.5172,36.4094],[137.5116,36.4233],[137.5052,36.4248],[137.4968,36.4262],[137.4912,36.4236],[137.4748,36.4254],[137.47,36.4192],[137.461,36.4125],[137.4497,36.4165],[137.4456,36.4135],[137.4348,36.4208],[137.428,36.4205],[137.4177,36.4251],[137.4058,36.4263],[137.3962,36.4359],[137.3949,36.4548],[137.3902,36.4597],[137.3778,36.4529],[137.3718,36.4536],[137.3626,36.4503],[137.3582,36.4451],[137.3587,36.4375],[137.3515,36.4339],[137.3391,36.4337],[137.32,36.4253],[137.3135,36.4251],[137.305,36.4356],[137.3127,36.4417],[137.3133,36.4484],[137.3165,36.4505],[137.317,36.4596],[137.3085,36.4639],[137.3025,36.4621],[137.2992,36.4587],[137.2789,36.4651],[137.2669,36.4602],[137.2567,36.4517],[137.2468,36.4618],[137.2323,36.4452],[137.2237,36.4442],[137.2193,36.4394],[137.214,36.4391],[137.2135,36.4307],[137.2092,36.4317],[137.2065,36.4279],[137.2051,36.4343],[137.198,36.4453],[137.1939,36.4473],[137.1915,36.4553],[137.1822,36.4526],[137.1781,36.4534],[137.1754,36.4504],[137.1695,36.4552],[137.1607,36.4567],[137.1548,36.4494],[137.1428,36.4441],[137.1433,36.4392],[137.1335,36.4349],[137.1218,36.4173],[137.1183,36.4185],[137.1111,36.4152],[137.1087,36.4083],[137.1018,36.3995],[137.0919,36.3969],[137.0943,36.3934],[137.0946,36.3841],[137.0787,36.3845],[137.0582,36.3721],[137.0584,36.369],[137.0614,36.3672],[137.0488,36.3458],[137.0585,36.3427],[137.0517,36.3365],[137.0519,36.3302],[137.0363,36.3177],[137.0244,36.3169],[137.0203,36.3185],[137.018,36.3132],[137.021,36.3095],[137.0119,36.2987],[137.0112,36.2932],[137.0051,36.2881],[136.9865,36.2863],[136.9858,36.2825],[136.9751,36.2745],[136.9705,36.2778],[136.9684,36.2755],[136.9578,36.2791],[136.9721,36.3092],[136.9713,36.3149],[136.9646,36.3185],[136.9553,36.3383],[136.952,36.3395],[136.9467,36.3461],[136.9401,36.3491],[136.9341,36.3486],[136.9072,36.361],[136.8931,36.3484],[136.8828,36.3423],[136.8791,36.3448],[136.8749,36.3429],[136.8756,36.3501],[136.8703,36.3491],[136.8705,36.3535],[136.8734,36.3537],[136.8761,36.3594],[136.8713,36.3675],[136.865,36.3566],[136.8651,36.3498],[136.8564,36.3497],[136.8544,36.3475],[136.8442,36.3511],[136.8371,36.3475],[136.842,36.3339],[136.8306,36.3093],[136.8315,36.3065],[136.8252,36.3031],[136.8,36.3052],[136.7921,36.2991],[136.789,36.3138],[136.79,36.3218],[136.7836,36.329],[136.7857,36.3365],[136.7841,36.3422],[136.7873,36.3489],[136.7904,36.3482],[136.8073,36.3585],[136.8062,36.3634],[136.8013,36.3685],[136.7953,36.3999],[136.7787,36.4145],[136.7703,36.4145],[136.7711,36.4225],[136.7688,36.4234],[136.7689,36.4297],[136.7734,36.4328],[136.7774,36.4313],[136.7964,36.4445],[136.7905,36.4471],[136.788,36.4529],[136.7975,36.4612],[136.7957,36.4637],[136.7978,36.4681],[136.7955,36.4731],[136.8012,36.4839],[136.8023,36.4903],[136.7976,36.4925],[136.7945,36.4975],[136.796,36.5032],[136.7947,36.5081],[136.7996,36.5212],[136.8011,36.5208],[136.8095,36.5331],[136.8169,36.5521],[136.8011,36.5696],[136.7918,36.569],[136.7944,36.5865],[136.7938,36.5891],[136.7892,36.5926],[136.7899,36.6027],[136.7836,36.6147],[136.7842,36.623],[136.7858,36.6297],[136.793,36.6311],[136.7988,36.6358],[136.7997,36.6437],[136.8023,36.6475],[136.8057,36.6473],[136.809,36.6519],[136.8072,36.6541],[136.8235,36.6699],[136.8214,36.6741],[136.821,36.6827],[136.8161,36.6856],[136.8108,36.6852],[136.8116,36.6927],[136.8151,36.6999],[136.7891,36.7185],[136.7919,36.7203],[136.7961,36.7299],[136.8056,36.7287],[136.8193,36.7307],[136.8218,36.7396],[136.825,36.7422],[136.8377,36.7449],[136.8473,36.7578],[136.8522,36.7697],[136.843,36.7819],[136.8506,36.7869],[136.8537,36.7943],[136.8504,36.8015],[136.8487,36.8124],[136.8592,36.8284],[136.8562,36.8401],[136.8626,36.8425],[136.8617,36.8476],[136.8668,36.8509],[136.8614,36.8545],[136.8621,36.8605],[136.8695,36.8621],[136.8813,36.8752],[136.8818,36.8811],[136.8851,36.885],[136.8815,36.8881],[136.8785,36.8964],[136.8793,36.9068],[136.8872,36.9167],[136.8928,36.9199],[136.8954,36.9249],[136.9142,36.9305],[136.9307,36.9506],[136.9534,36.9563],[136.9637,36.9487],[136.9694,36.9479],[136.9725,36.9446],[136.9801,36.9507],[136.9858,36.9667],[136.9968,36.9665],[137.004,36.9617],[137.0255,36.963],[137.0373,36.9673],[137.0516,36.9595],[137.0266,36.939],[137.0321,36.9242],[137.0262,36.9199],[137.0253,36.915],[137.0195,36.9125],[137.0039,36.8909],[136.9955,36.8854],[136.9926,36.88],[136.9873,36.8799],[136.9837,36.8728],[136.9896,36.8589],[136.9905,36.8621],[136.9912,36.86],[136.9927,36.8601],[136.9923,36.8618],[136.9933,36.8596],[136.9892,36.8575],[136.9968,36.8461],[137.0165,36.8296],[137.0391,36.8167],[137.051,36.8084],[137.0556,36.8027],[137.0579,36.8028],[137.0677,36.7941],[137.0796,36.7889],[137.0825,36.7851],[137.0892,36.7822],[137.0956,36.782],[137.0969,36.7829],[137.0934,36.7841],[137.0991,36.7825],[137.1002,36.7851],[137.1133,36.7816],[137.1104,36.7772],[137.1136,36.7748],[137.0962,36.7747],[137.0971,36.7717],[137.0932,36.7729],[137.092,36.7706],[137.1119,36.7679],[137.109,36.7635],[137.1112,36.7621],[137.1126,36.7651],[137.1305,36.7572],[137.1341,36.7601],[137.1218,36.7649],[137.1185,36.7692],[137.1192,36.7723],[137.1171,36.7752],[137.1193,36.7751],[137.1218,36.7797],[137.1365,36.7755],[137.1358,36.7739],[137.1363,36.7753],[137.132,36.7766],[137.1301,36.772],[137.1846,36.7572],[137.1892,36.7573],[137.1927,36.7611],[137.2043,36.7595],[137.228,36.7617],[137.2291,36.7646],[137.2338,36.7655],[137.2309,36.7663],[137.2919,36.7579],[137.317,36.7587],[137.3348,36.7645],[137.3424,36.7717],[137.344,36.7773],[137.357,36.787],[137.3922,36.8066],[137.3926,36.8211],[137.394,36.8209],[137.3928,36.8221],[137.3997,36.8365],[137.4111,36.8481],[137.4094,36.8612],[137.4158,36.8669],[137.4187,36.8768],[137.4145,36.8915],[137.4095,36.8967],[137.4225,36.9199],[137.4351,36.9305],[137.4968,36.9561],[137.5722,36.9639],[137.5857,36.9741],[137.6349,36.9803]]]]}},{"type":"Feature","properties":{"name":"東京都","id":13},"geometry":{"type":"MultiPolygon","coordinates":[[[[138.944,35.8547],[138.9463,35.8687],[138.9569,35.8757],[138.966,35.8784],[138.9682,35.8821],[138.9799,35.8846],[138.9867,35.8813],[139.0015,35.8844],[139.0103,35.8971],[139.0239,35.8974],[139.0517,35.8782],[139.0581,35.8773],[139.0624,35.8734],[139.0726,35.8718],[139.0786,35.8754],[139.0924,35.869],[139.0992,35.8685],[139.1018,35.8662],[139.1384,35.8643],[139.1511,35.8609],[139.1601,35.8557],[139.1634,35.8509],[139.1964,35.8401],[139.2039,35.8423],[139.2091,35.8464],[139.2155,35.8453],[139.2295,35.8373],[139.2333,35.8371],[139.2394,35.8405],[139.2441,35.8368],[139.2614,35.8365],[139.2808,35.8405],[139.2834,35.8365],[139.2912,35.8378],[139.296,35.8341],[139.3015,35.8341],[139.3054,35.8226],[139.3136,35.8252],[139.316,35.823],[139.316,35.8134],[139.3257,35.795],[139.3333,35.7922],[139.3476,35.7959],[139.3518,35.7935],[139.3702,35.7912],[139.3681,35.7839],[139.3718,35.7803],[139.3714,35.7783],[139.3769,35.7801],[139.3815,35.7743],[139.3792,35.7711],[139.3812,35.766],[139.3917,35.7669],[139.3919,35.7633],[139.404,35.7693],[139.4165,35.7662],[139.4358,35.7673],[139.438,35.7694],[139.4427,35.7668],[139.4573,35.7695],[139.4645,35.7737],[139.4748,35.7756],[139.4816,35.7807],[139.4896,35.7796],[139.4951,35.7815],[139.497,35.7787],[139.4978,35.7811],[139.5116,35.7851],[139.5137,35.788],[139.522,35.789],[139.5416,35.8074],[139.5464,35.8039],[139.5463,35.7995],[139.5372,35.7916],[139.5425,35.7891],[139.5436,35.7817],[139.5361,35.7753],[139.5239,35.7719],[139.5161,35.7655],[139.5478,35.7738],[139.5446,35.7548],[139.5479,35.7537],[139.5578,35.7597],[139.5617,35.7597],[139.5628,35.7617],[139.571,35.7642],[139.5887,35.7786],[139.5969,35.7784],[139.5971,35.7766],[139.6042,35.7743],[139.5974,35.7711],[139.5994,35.7695],[139.603,35.7711],[139.609,35.7695],[139.6173,35.7705],[139.6178,35.7667],[139.6218,35.7667],[139.6249,35.7732],[139.6247,35.7795],[139.6416,35.7981],[139.6472,35.7975],[139.6571,35.8005],[139.6759,35.7989],[139.6917,35.8007],[139.7095,35.7921],[139.7223,35.7907],[139.725,35.7873],[139.7353,35.7897],[139.7384,35.7866],[139.7378,35.7805],[139.7464,35.7841],[139.7468,35.7869],[139.7535,35.7865],[139.7605,35.7979],[139.7508,35.8077],[139.7505,35.8093],[139.7556,35.8127],[139.7612,35.8128],[139.7677,35.8175],[139.7728,35.8157],[139.7824,35.8072],[139.7961,35.8056],[139.8046,35.8088],[139.8156,35.8091],[139.821,35.8115],[139.8211,35.8151],[139.8251,35.8115],[139.8202,35.8021],[139.8216,35.7965],[139.8272,35.7936],[139.8388,35.8008],[139.8564,35.7909],[139.8588,35.7945],[139.8718,35.7971],[139.8774,35.7938],[139.8718,35.7883],[139.8718,35.7845],[139.8767,35.7809],[139.8891,35.7837],[139.8938,35.7827],[139.8933,35.7782],[139.8805,35.7712],[139.8808,35.7647],[139.89,35.7508],[139.8998,35.7437],[139.9001,35.7356],[139.8971,35.7267],[139.9161,35.7077],[139.9187,35.6978],[139.9059,35.6837],[139.8891,35.6806],[139.8858,35.6768],[139.887,35.6539],[139.8821,35.644],[139.8729,35.6385],[139.8635,35.6384],[139.8497,35.6427],[139.8411,35.6433],[139.8404,35.6339],[139.8214,35.632],[139.8213,35.6335],[139.8337,35.6347],[139.8346,35.6441],[139.8065,35.6406],[139.807,35.6369],[139.8002,35.6362],[139.8022,35.6263],[139.7986,35.6219],[139.7913,35.6295],[139.7873,35.6274],[139.7788,35.6375],[139.7815,35.6387],[139.7835,35.6361],[139.7981,35.6448],[139.7956,35.6498],[139.7932,35.6507],[139.7944,35.6475],[139.7792,35.6397],[139.7767,35.6422],[139.7925,35.6529],[139.7895,35.6569],[139.7727,35.646],[139.7696,35.6493],[139.7736,35.6527],[139.7723,35.6541],[139.7684,35.6504],[139.7673,35.6553],[139.7707,35.6549],[139.7673,35.6581],[139.7616,35.6526],[139.759,35.6449],[139.7604,35.6449],[139.7595,35.6375],[139.7548,35.6388],[139.7526,35.6345],[139.7521,35.6262],[139.7504,35.6249],[139.7517,35.6247],[139.7507,35.6059],[139.7479,35.6007],[139.7472,35.5921],[139.7441,35.5894],[139.7468,35.5898],[139.7562,35.5695],[139.7502,35.5673],[139.7543,35.5616],[139.7587,35.5643],[139.7632,35.5607],[139.7711,35.5689],[139.7855,35.5705],[139.8087,35.5384],[139.7946,35.5319],[139.7898,35.5267],[139.7575,35.5442],[139.7468,35.5437],[139.7409,35.5455],[139.735,35.5413],[139.7274,35.5435],[139.7179,35.5381],[139.7018,35.5372],[139.6978,35.5435],[139.7036,35.5493],[139.7025,35.5539],[139.6783,35.5634],[139.6653,35.5889],[139.6551,35.5901],[139.6192,35.6135],[139.5785,35.6219],[139.5659,35.6272],[139.562,35.6325],[139.5518,35.6341],[139.5254,35.6427],[139.5207,35.6378],[139.5235,35.6331],[139.5184,35.6306],[139.5146,35.6248],[139.5043,35.6231],[139.4951,35.6175],[139.4998,35.6063],[139.4968,35.6048],[139.4904,35.6045],[139.488,35.6075],[139.4834,35.6085],[139.48,35.613],[139.4771,35.613],[139.4762,35.6189],[139.469,35.6203],[139.463,35.6249],[139.4542,35.6182],[139.4493,35.6118],[139.4532,35.6049],[139.4653,35.6091],[139.4709,35.6017],[139.4759,35.5997],[139.4802,35.5949],[139.4827,35.5949],[139.4873,35.5902],[139.4928,35.5891],[139.4943,35.5865],[139.4931,35.5842],[139.5051,35.5751],[139.5072,35.5757],[139.5065,35.5715],[139.5024,35.5711],[139.4896,35.5615],[139.4829,35.5713],[139.49,35.5841],[139.4867,35.5847],[139.4771,35.5816],[139.4732,35.5763],[139.4697,35.5697],[139.4702,35.5607],[139.4738,35.5599],[139.4759,35.5619],[139.4804,35.5577],[139.482,35.5502],[139.4802,35.5441],[139.4867,35.5355],[139.4862,35.5208],[139.4777,35.5121],[139.4788,35.5088],[139.485,35.5039],[139.477,35.5016],[139.4678,35.5022],[139.4686,35.5049],[139.4616,35.5197],[139.4553,35.5199],[139.458,35.5281],[139.4433,35.5427],[139.4408,35.5426],[139.4272,35.5523],[139.4236,35.5583],[139.4173,35.5618],[139.4076,35.5758],[139.4029,35.5753],[139.3986,35.5844],[139.3907,35.5854],[139.3895,35.5876],[139.3795,35.5899],[139.3753,35.5941],[139.3718,35.5942],[139.3632,35.5989],[139.356,35.5991],[139.3414,35.6048],[139.3307,35.6035],[139.3215,35.6058],[139.3046,35.6052],[139.2925,35.6112],[139.2822,35.613],[139.2689,35.6093],[139.2648,35.6023],[139.2587,35.6035],[139.2529,35.6019],[139.2406,35.6063],[139.2329,35.6127],[139.2262,35.6225],[139.2204,35.6257],[139.2214,35.6285],[139.2158,35.6368],[139.2157,35.6461],[139.2009,35.6525],[139.1948,35.6515],[139.1924,35.6485],[139.1842,35.6449],[139.1799,35.6455],[139.1757,35.649],[139.168,35.6511],[139.1674,35.6617],[139.1617,35.6679],[139.1486,35.6667],[139.1369,35.6721],[139.131,35.6718],[139.1085,35.6896],[139.1,35.6921],[139.0924,35.6907],[139.0829,35.6947],[139.0661,35.6982],[139.0256,35.7193],[139.0053,35.7495],[138.9945,35.7543],[138.9837,35.7695],[138.986,35.779],[138.9846,35.7846],[138.9788,35.7879],[138.9709,35.8038],[138.9719,35.8107],[138.9697,35.8157],[138.9697,35.8313],[138.9638,35.8293],[138.9533,35.8365],[138.9481,35.8417],[138.9483,35.8493],[138.944,35.8547]]],[[[139.8212,35.6341],[139.8204,35.6391],[139.823,35.6418],[139.8261,35.6427],[139.8248,35.6397],[139.8329,35.6405],[139.8328,35.6383],[139.8252,35.6375],[139.8256,35.6345],[139.8212,35.6341]]],[[[139.8578,35.6358],[139.8503,35.6377],[139.8499,35.6393],[139.8584,35.6381],[139.8578,35.6358]]],[[[139.867,35.6336],[139.861,35.636],[139.8637,35.6371],[139.867,35.6336]]],[[[139.7687,35.6265],[139.7775,35.6316],[139.7749,35.6349],[139.7727,35.6325],[139.7708,35.6331],[139.777,35.636],[139.7849,35.6264],[139.7811,35.6239],[139.7926,35.6095],[139.787,35.6021],[139.7733,35.6185],[139.7736,35.6203],[139.7708,35.6185],[139.7677,35.6221],[139.7687,35.6265]]],[[[139.7535,35.6241],[139.7552,35.6336],[139.7592,35.6336],[139.7594,35.6193],[139.7532,35.6189],[139.7535,35.6241]]],[[[139.8355,35.6125],[139.8323,35.6163],[139.8316,35.6211],[139.8274,35.6198],[139.8266,35.6302],[139.8393,35.6313],[139.8386,35.6142],[139.8355,35.6125]]],[[[139.7949,35.6138],[139.7852,35.6251],[139.7899,35.6276],[139.7979,35.6178],[139.7949,35.6138]]],[[[139.7495,35.5889],[139.7491,35.6007],[139.7518,35.6047],[139.753,35.6177],[139.7575,35.617],[139.761,35.6151],[139.7635,35.6099],[139.7619,35.6091],[139.7764,35.5907],[139.7691,35.5833],[139.7704,35.5812],[139.7786,35.5864],[139.787,35.5804],[139.7833,35.5772],[139.7667,35.5771],[139.7692,35.5799],[139.7675,35.5813],[139.7625,35.5771],[139.7559,35.5772],[139.7495,35.5889]]],[[[139.7915,35.5939],[139.791,35.5972],[139.799,35.6068],[139.8106,35.6132],[139.8192,35.6087],[139.7915,35.5939]]],[[[139.8132,35.5895],[139.8056,35.5995],[139.8202,35.6073],[139.8268,35.5969],[139.8132,35.5895]]],[[[139.806,35.5856],[139.7935,35.5928],[139.8038,35.5985],[139.8118,35.5887],[139.806,35.5856]]],[[[139.7656,35.5649],[139.7585,35.5685],[139.7577,35.5743],[139.7737,35.5745],[139.7656,35.5649]]],[[[139.4388,34.6786],[139.4313,34.6786],[139.426,34.6819],[139.4109,34.6807],[139.3967,34.6833],[139.3948,34.6861],[139.3718,34.6991],[139.3595,34.7017],[139.3611,34.7089],[139.3529,34.718],[139.3529,34.7274],[139.3564,34.7408],[139.3532,34.7498],[139.3499,34.7518],[139.352,34.7516],[139.3519,34.7532],[139.3488,34.7646],[139.3512,34.7671],[139.3507,34.7839],[139.3575,34.7922],[139.3603,34.7988],[139.3661,34.7967],[139.3718,34.7983],[139.3889,34.7887],[139.4119,34.787],[139.4217,34.7814],[139.4345,34.7703],[139.4407,34.7532],[139.4441,34.7471],[139.4471,34.7456],[139.4484,34.7385],[139.4449,34.7347],[139.4455,34.7275],[139.4496,34.7153],[139.4435,34.7039],[139.4492,34.6985],[139.4486,34.6947],[139.445,34.6847],[139.4399,34.6852],[139.4367,34.6882],[139.4402,34.6828],[139.4388,34.6786]]],[[[139.2753,34.5111],[139.2685,34.5165],[139.2685,34.5271],[139.2753,34.5321],[139.2797,34.5321],[139.2808,34.5344],[139.2806,34.5321],[139.2882,34.5305],[139.2931,34.5242],[139.282,34.5125],[139.2753,34.5111]]],[[[139.2932,34.4697],[139.2874,34.4774],[139.2965,34.4733],[139.2989,34.4705],[139.2932,34.4697]]],[[[139.2725,34.3299],[139.2541,34.3386],[139.2447,34.3476],[139.2451,34.3537],[139.2426,34.3623],[139.2438,34.368],[139.2468,34.3687],[139.2553,34.3835],[139.2554,34.3999],[139.2656,34.4073],[139.268,34.4146],[139.2719,34.4167],[139.2748,34.4153],[139.2806,34.4199],[139.2813,34.4231],[139.2785,34.4309],[139.2852,34.4288],[139.2902,34.4244],[139.2912,34.4193],[139.2864,34.4131],[139.291,34.4083],[139.2899,34.4027],[139.2852,34.3999],[139.2777,34.3888],[139.2765,34.3495],[139.2725,34.3299]]],[[[139.227,34.3672],[139.2275,34.3696],[139.2234,34.3751],[139.2285,34.3731],[139.2287,34.3677],[139.227,34.3672]]],[[[139.2134,34.3163],[139.2085,34.3173],[139.2072,34.3205],[139.2048,34.3212],[139.2015,34.3163],[139.1971,34.317],[139.1949,34.3211],[139.2006,34.3253],[139.2004,34.3289],[139.2042,34.3269],[139.2078,34.3297],[139.2073,34.3357],[139.2104,34.3364],[139.2128,34.3365],[139.2144,34.3329],[139.2258,34.3304],[139.2265,34.3269],[139.2175,34.3173],[139.2134,34.3163]]],[[[139.129,34.1851],[139.1251,34.1891],[139.1218,34.1885],[139.12,34.1921],[139.1218,34.1991],[139.1314,34.2013],[139.1331,34.2035],[139.1304,34.2153],[139.1338,34.2169],[139.1284,34.222],[139.1363,34.2249],[139.1349,34.2338],[139.1369,34.2407],[139.1416,34.2435],[139.155,34.2395],[139.1694,34.232],[139.1723,34.2205],[139.175,34.2169],[139.1754,34.205],[139.1716,34.2046],[139.1689,34.2083],[139.1614,34.206],[139.1539,34.2018],[139.156,34.1955],[139.1525,34.1931],[139.148,34.1966],[139.146,34.188],[139.1386,34.1855],[139.129,34.1851]]],[[[139.5021,34.0454],[139.4887,34.0517],[139.4826,34.0512],[139.4779,34.0631],[139.4799,34.0684],[139.4731,34.0765],[139.4819,34.0831],[139.4811,34.0865],[139.4897,34.1003],[139.4939,34.1031],[139.49,34.1113],[139.4914,34.1172],[139.4982,34.1214],[139.5056,34.1221],[139.5119,34.1201],[139.5203,34.1245],[139.5388,34.1237],[139.5585,34.1113],[139.5649,34.1021],[139.5656,34.0925],[139.5618,34.0865],[139.5615,34.0826],[139.5648,34.0799],[139.5624,34.0685],[139.5538,34.0605],[139.5356,34.0528],[139.5322,34.0475],[139.5294,34.0463],[139.5257,34.049],[139.5223,34.0471],[139.5147,34.0481],[139.5021,34.0454]]],[[[139.6208,33.852],[139.5942,33.8543],[139.5822,33.8579],[139.5778,33.8625],[139.5773,33.8805],[139.5905,33.8968],[139.6002,33.9007],[139.6056,33.9007],[139.6218,33.8876],[139.6321,33.8698],[139.6208,33.852]]],[[[139.8322,33.0461],[139.8175,33.0588],[139.8102,33.0582],[139.8027,33.063],[139.7979,33.0621],[139.7865,33.0683],[139.7811,33.0725],[139.7775,33.0995],[139.7734,33.0979],[139.7548,33.1044],[139.7523,33.1119],[139.7401,33.1305],[139.7391,33.1455],[139.7468,33.1559],[139.7576,33.1588],[139.7714,33.158],[139.7951,33.1419],[139.7982,33.1339],[139.8046,33.1318],[139.8052,33.1305],[139.8026,33.1319],[139.8056,33.1293],[139.8064,33.1313],[139.8133,33.1279],[139.8175,33.1225],[139.8196,33.1227],[139.8177,33.1196],[139.8276,33.1171],[139.8464,33.1164],[139.8567,33.0994],[139.8545,33.0935],[139.8588,33.0853],[139.8581,33.0785],[139.8404,33.0753],[139.8335,33.0656],[139.8339,33.0569],[139.8368,33.0506],[139.8322,33.0461]]],[[[139.6994,33.1157],[139.686,33.1167],[139.6767,33.1293],[139.6761,33.1356],[139.6783,33.1345],[139.6854,33.1362],[139.696,33.1285],[139.6994,33.1157]]],[[[139.7692,32.442],[139.7557,32.4485],[139.7546,32.4689],[139.7577,32.4723],[139.7697,32.4679],[139.7798,32.4576],[139.7805,32.4481],[139.7692,32.442]]],[[[140.2986,30.4723],[140.2865,30.4827],[140.292,30.4916],[140.3045,30.4955],[140.3115,30.4904],[140.3142,30.4855],[140.31,30.4751],[140.2986,30.4723]]],[[[142.1461,27.6699],[142.1402,27.6715],[142.1387,27.6768],[142.1351,27.6802],[142.1315,27.678],[142.1268,27.6827],[142.1246,27.6825],[142.1251,27.6851],[142.1297,27.6877],[142.1319,27.6877],[142.1325,27.6853],[142.1384,27.6849],[142.14,27.6876],[142.1425,27.6871],[142.1472,27.6837],[142.1484,27.6739],[142.1461,27.6699]]],[[[142.159,27.6545],[142.1566,27.6587],[142.1568,27.6627],[142.1587,27.6622],[142.159,27.6545]]],[[[142.1857,27.619],[142.1784,27.625],[142.176,27.6215],[142.1697,27.6333],[142.172,27.6326],[142.174,27.6345],[142.1832,27.6293],[142.1868,27.6217],[142.1857,27.619]]],[[[142.2128,27.4889],[142.2119,27.4929],[142.2061,27.4952],[142.205,27.4992],[142.2108,27.501],[142.2161,27.4902],[142.2128,27.4889]]],[[[140.8767,27.2435],[140.8726,27.2447],[140.8746,27.2489],[140.8791,27.2463],[140.8767,27.2435]]],[[[142.1888,27.144],[142.1803,27.1461],[142.1812,27.1491],[142.1841,27.1488],[142.1863,27.154],[142.1816,27.1562],[142.1842,27.161],[142.1839,27.1706],[142.1877,27.1711],[142.1853,27.1787],[142.1873,27.1834],[142.1847,27.1865],[142.1884,27.1883],[142.1947,27.1839],[142.1947,27.1821],[142.2,27.1819],[142.1963,27.1785],[142.1955,27.1739],[142.198,27.1683],[142.2008,27.1683],[142.2015,27.1652],[142.1924,27.15],[142.1884,27.1495],[142.1888,27.144]]],[[[142.22,27.1081],[142.2016,27.1089],[142.2052,27.1176],[142.1956,27.1223],[142.1876,27.1203],[142.19,27.1247],[142.1874,27.1299],[142.1923,27.1321],[142.1897,27.1379],[142.1904,27.1427],[142.1928,27.1425],[142.2003,27.1324],[142.2058,27.1334],[142.205,27.1277],[142.2184,27.1321],[142.2205,27.126],[142.2239,27.1227],[142.2258,27.1232],[142.2266,27.1161],[142.229,27.1134],[142.2349,27.1133],[142.234,27.1085],[142.2212,27.1097],[142.22,27.1081]]],[[[142.1638,27.1121],[142.1617,27.1131],[142.165,27.1146],[142.1633,27.1202],[142.1676,27.1203],[142.1722,27.1157],[142.1638,27.1121]]],[[[142.2207,27.0353],[142.2189,27.0406],[142.2103,27.0379],[142.2071,27.0419],[142.1992,27.0445],[142.1946,27.0407],[142.1879,27.0437],[142.1862,27.0402],[142.1847,27.042],[142.1894,27.0533],[142.1875,27.0551],[142.1882,27.0605],[142.1939,27.0583],[142.1941,27.061],[142.1922,27.0635],[142.1931,27.0659],[142.1876,27.0698],[142.183,27.0696],[142.1829,27.074],[142.1868,27.0718],[142.1918,27.0743],[142.204,27.0726],[142.2073,27.0847],[142.2036,27.0841],[142.202,27.0865],[142.2035,27.0979],[142.2009,27.0983],[142.1923,27.0923],[142.1923,27.0895],[142.188,27.0871],[142.1862,27.088],[142.182,27.0944],[142.1817,27.099],[142.1862,27.1043],[142.2036,27.1045],[142.2146,27.0997],[142.2179,27.0999],[142.2226,27.0923],[142.225,27.0803],[142.228,27.0805],[142.2323,27.0773],[142.2309,27.0601],[142.2316,27.0575],[142.2373,27.053],[142.237,27.0485],[142.2335,27.0494],[142.2292,27.0555],[142.2224,27.0529],[142.2261,27.0449],[142.2235,27.0451],[142.2263,27.0405],[142.2253,27.0383],[142.2299,27.0355],[142.2207,27.0353]]],[[[142.2468,27.0895],[142.2408,27.0941],[142.2468,27.0941],[142.2468,27.0895]]],[[[142.1764,27.0307],[142.1733,27.0443],[142.1776,27.0339],[142.1763,27.0359],[142.1764,27.0307]]],[[[142.1789,26.6069],[142.1766,26.6083],[142.1738,26.607],[142.1777,26.6143],[142.1754,26.6235],[142.17,26.6308],[142.1622,26.629],[142.1612,26.6383],[142.1552,26.6346],[142.151,26.6465],[142.147,26.6505],[142.1473,26.6551],[142.1449,26.6551],[142.1489,26.6612],[142.1475,26.6665],[142.1425,26.6651],[142.1448,26.6737],[142.132,26.6866],[142.1218,26.7099],[142.1245,26.7134],[142.1284,26.7097],[142.1337,26.6988],[142.1426,26.6981],[142.1413,26.7073],[142.1501,26.7048],[142.1543,26.7075],[142.1587,26.7027],[142.1637,26.7019],[142.164,26.6994],[142.1612,26.7001],[142.1531,26.6974],[142.151,26.6939],[142.1464,26.6931],[142.1465,26.6853],[142.1494,26.6827],[142.1636,26.6859],[142.1676,26.6888],[142.1666,26.6815],[142.162,26.6739],[142.1635,26.662],[142.1668,26.6573],[142.1731,26.6552],[142.1878,26.6586],[142.1883,26.655],[142.1841,26.653],[142.1757,26.6541],[142.1721,26.6429],[142.173,26.6361],[142.1808,26.627],[142.1821,26.6213],[142.1824,26.611],[142.1789,26.6069]]],[[[142.1287,26.5943],[142.1281,26.5969],[142.1252,26.5945],[142.1264,26.5992],[142.1226,26.6027],[142.1257,26.6082],[142.132,26.6094],[142.1351,26.5991],[142.1287,26.5943]]],[[[142.1479,26.5811],[142.1491,26.5847],[142.1619,26.5865],[142.1589,26.5829],[142.1479,26.5811]]],[[[142.228,26.5627],[142.2269,26.5691],[142.2301,26.5739],[142.2382,26.5693],[142.2394,26.5669],[142.228,26.5627]]],[[[142.1563,26.5423],[142.1509,26.5473],[142.1539,26.5479],[142.1542,26.5546],[142.1519,26.5609],[142.1548,26.5638],[142.1603,26.5604],[142.1594,26.5534],[142.161,26.5481],[142.1563,26.5423]]],[[[142.2019,26.552],[142.203,26.5609],[142.2091,26.5628],[142.2178,26.5623],[142.2138,26.5553],[142.2019,26.552]]],[[[141.2782,25.4177],[141.2747,25.4199],[141.2728,25.4249],[141.2728,25.4397],[141.2816,25.4477],[141.287,25.4466],[141.2913,25.4387],[141.2931,25.4262],[141.2872,25.4199],[141.2782,25.4177]]],[[[141.2862,24.7452],[141.2855,24.75],[141.2921,24.7652],[141.2937,24.7802],[141.2895,24.7869],[141.2859,24.7864],[141.2869,24.7895],[141.3203,24.8071],[141.3222,24.8116],[141.3289,24.8117],[141.3385,24.8027],[141.3475,24.7822],[141.3437,24.7754],[141.3375,24.771],[141.3259,24.7702],[141.3194,24.767],[141.2862,24.7452]]],[[[153.9855,24.2809],[153.9706,24.2847],[153.9841,24.2977],[153.9869,24.2823],[153.9855,24.2809]]],[[[141.4601,24.2252],[141.4543,24.2262],[141.4535,24.2291],[141.4553,24.2423],[141.4619,24.2451],[141.4715,24.2418],[141.4728,24.238],[141.4694,24.2279],[141.4601,24.2252]]],[[[141.2854,24.8073],[141.2874,24.8066],[141.2858,24.7972],[141.2842,24.7976],[141.2854,24.8073]]]]}},{"type":"Feature","properties":{"name":"埼玉県","id":11},"geometry":{"type":"MultiPolygon","coordinates":[[[[139.1293,36.2834],[139.136,36.2785],[139.1639,36.279],[139.1714,36.2739],[139.198,36.2623],[139.2086,36.2623],[139.2119,36.2603],[139.2116,36.2563],[139.2239,36.2585],[139.2381,36.2461],[139.2437,36.2445],[139.2567,36.2455],[139.2648,36.2427],[139.267,36.2437],[139.268,36.2504],[139.297,36.2434],[139.3037,36.2455],[139.31,36.2333],[139.3235,36.2297],[139.3291,36.2335],[139.3278,36.2399],[139.3399,36.2446],[139.346,36.2492],[139.3471,36.2532],[139.351,36.2544],[139.3546,36.2519],[139.3595,36.2532],[139.3702,36.2461],[139.3771,36.2441],[139.3899,36.2297],[139.4079,36.2231],[139.4191,36.2167],[139.4208,36.2109],[139.4251,36.2105],[139.4442,36.1969],[139.4572,36.1906],[139.4733,36.1893],[139.4968,36.1928],[139.5258,36.1913],[139.5747,36.2048],[139.5879,36.2104],[139.601,36.2055],[139.6099,36.1969],[139.6249,36.1866],[139.6281,36.1946],[139.6406,36.1974],[139.6503,36.1969],[139.65,36.2113],[139.6606,36.2147],[139.6637,36.2112],[139.662,36.2079],[139.6743,36.2091],[139.6777,36.2014],[139.6828,36.2015],[139.6861,36.2037],[139.6896,36.1945],[139.6944,36.1903],[139.6912,36.1726],[139.6986,36.1521],[139.7101,36.1359],[139.7154,36.1243],[139.7268,36.1114],[139.7298,36.0879],[139.7319,36.0865],[139.7468,36.0871],[139.761,36.0813],[139.7703,36.0812],[139.772,36.0865],[139.7762,36.0909],[139.7825,36.0711],[139.7907,36.0592],[139.8121,36.0395],[139.8174,36.0325],[139.8142,36.0253],[139.8169,36.0039],[139.8142,35.9979],[139.8259,35.9848],[139.8256,35.9729],[139.8334,35.9689],[139.8355,35.959],[139.8494,35.9383],[139.8617,35.9321],[139.8718,35.9158],[139.8873,35.8965],[139.9,35.8653],[139.8969,35.8554],[139.8916,35.8467],[139.8885,35.8302],[139.8882,35.825],[139.8911,35.82],[139.8893,35.8087],[139.8906,35.8019],[139.8886,35.7964],[139.8938,35.7827],[139.8891,35.7837],[139.8767,35.7809],[139.8718,35.7845],[139.8718,35.7883],[139.8774,35.7938],[139.8718,35.7971],[139.8588,35.7945],[139.8564,35.7909],[139.8388,35.8008],[139.8272,35.7936],[139.8216,35.7965],[139.8202,35.8021],[139.8251,35.8115],[139.8211,35.8151],[139.821,35.8115],[139.8156,35.8091],[139.8046,35.8088],[139.7961,35.8056],[139.7824,35.8072],[139.7728,35.8157],[139.7677,35.8175],[139.7612,35.8128],[139.7556,35.8127],[139.7505,35.8093],[139.7605,35.7979],[139.7535,35.7865],[139.7468,35.7869],[139.7464,35.7841],[139.7378,35.7805],[139.7384,35.7866],[139.7353,35.7897],[139.725,35.7873],[139.7223,35.7907],[139.7095,35.7921],[139.6917,35.8007],[139.6759,35.7989],[139.6571,35.8005],[139.6472,35.7975],[139.6416,35.7981],[139.6247,35.7795],[139.6249,35.7732],[139.6218,35.7667],[139.6178,35.7667],[139.6173,35.7705],[139.609,35.7695],[139.603,35.7711],[139.5994,35.7695],[139.5974,35.7711],[139.6042,35.7743],[139.5971,35.7766],[139.5969,35.7784],[139.5887,35.7786],[139.571,35.7642],[139.5628,35.7617],[139.5617,35.7597],[139.5578,35.7597],[139.5479,35.7537],[139.5446,35.7548],[139.5478,35.7738],[139.5161,35.7655],[139.5239,35.7719],[139.5361,35.7753],[139.5436,35.7817],[139.5425,35.7891],[139.5372,35.7916],[139.5463,35.7995],[139.5464,35.8039],[139.5416,35.8074],[139.522,35.789],[139.5137,35.788],[139.5116,35.7851],[139.4978,35.7811],[139.497,35.7787],[139.4951,35.7815],[139.4896,35.7796],[139.4816,35.7807],[139.4748,35.7756],[139.4645,35.7737],[139.4573,35.7695],[139.4427,35.7668],[139.438,35.7694],[139.4358,35.7673],[139.4165,35.7662],[139.404,35.7693],[139.3919,35.7633],[139.3917,35.7669],[139.3812,35.766],[139.3792,35.7711],[139.3815,35.7743],[139.3769,35.7801],[139.3714,35.7783],[139.3718,35.7803],[139.3681,35.7839],[139.3702,35.7912],[139.3518,35.7935],[139.3476,35.7959],[139.3333,35.7922],[139.3257,35.795],[139.316,35.8134],[139.316,35.823],[139.3136,35.8252],[139.3054,35.8226],[139.3015,35.8341],[139.296,35.8341],[139.2912,35.8378],[139.2834,35.8365],[139.2808,35.8405],[139.2614,35.8365],[139.2441,35.8368],[139.2394,35.8405],[139.2333,35.8371],[139.2295,35.8373],[139.2155,35.8453],[139.2091,35.8464],[139.2039,35.8423],[139.1964,35.8401],[139.1634,35.8509],[139.1601,35.8557],[139.1511,35.8609],[139.1384,35.8643],[139.1018,35.8662],[139.0992,35.8685],[139.0924,35.869],[139.0786,35.8754],[139.0726,35.8718],[139.0624,35.8734],[139.0581,35.8773],[139.0517,35.8782],[139.0239,35.8974],[139.0103,35.8971],[139.0015,35.8844],[138.9867,35.8813],[138.9799,35.8846],[138.9682,35.8821],[138.966,35.8784],[138.9569,35.8757],[138.9463,35.8687],[138.944,35.8547],[138.9282,35.8493],[138.915,35.8525],[138.9099,35.8519],[138.8997,35.8469],[138.8929,35.8399],[138.8865,35.8464],[138.88,35.8468],[138.8659,35.8585],[138.859,35.8575],[138.8567,35.8641],[138.8463,35.8672],[138.8325,35.8624],[138.8299,35.8652],[138.8204,35.8653],[138.8136,35.8623],[138.8086,35.8696],[138.8029,35.8703],[138.793,35.8751],[138.7911,35.8913],[138.7782,35.9001],[138.7675,35.8993],[138.7582,35.9023],[138.7503,35.9017],[138.7397,35.9056],[138.7348,35.9039],[138.7288,35.9093],[138.7299,35.9139],[138.7283,35.9175],[138.7326,35.9199],[138.7371,35.9269],[138.7387,35.9384],[138.7324,35.9445],[138.7281,35.9547],[138.7123,35.9697],[138.7127,35.9853],[138.7173,35.9932],[138.7277,35.9959],[138.7439,36.0111],[138.755,36.0346],[138.7704,36.0383],[138.7754,36.0378],[138.7806,36.0368],[138.7908,36.0295],[138.8285,36.0373],[138.829,36.0413],[138.835,36.0501],[138.838,36.0504],[138.8474,36.0671],[138.859,36.0699],[138.8661,36.0777],[138.904,36.0918],[138.9097,36.0912],[138.9171,36.0935],[138.9312,36.0883],[138.9458,36.0963],[138.9578,36.1079],[138.9567,36.1161],[138.9584,36.1243],[138.9651,36.1258],[138.9733,36.1219],[138.9764,36.1173],[138.986,36.116],[138.9952,36.1256],[139.0022,36.1256],[139.0062,36.1306],[139.0043,36.1331],[139.016,36.1338],[139.0204,36.1312],[139.025,36.1342],[139.0266,36.1301],[139.037,36.1263],[139.0428,36.1296],[139.0413,36.1409],[139.0431,36.1485],[139.0474,36.1499],[139.0485,36.1524],[139.0621,36.1531],[139.0637,36.159],[139.0574,36.1699],[139.0576,36.1837],[139.0645,36.1879],[139.0632,36.1959],[139.0827,36.2169],[139.1078,36.2532],[139.1102,36.2589],[139.1075,36.2615],[139.1218,36.2731],[139.1293,36.2834]]]]}},{"type":"Feature","properties":{"name":"山口県","id":35},"geometry":{"type":"MultiPolygon","coordinates":[[[[131.1375,34.7585],[131.1317,34.7669],[131.1295,34.7751],[131.1269,34.7925],[131.1298,34.7983],[131.1413,34.7882],[131.1472,34.7894],[131.1497,34.7861],[131.1471,34.7859],[131.143,34.7815],[131.1449,34.7798],[131.1567,34.775],[131.1628,34.7783],[131.1603,34.7641],[131.1531,34.7634],[131.1485,34.7593],[131.1375,34.7585]]],[[[131.6899,34.681],[131.6901,34.6759],[131.6837,34.6681],[131.6889,34.6623],[131.6883,34.6567],[131.6945,34.6555],[131.6947,34.6485],[131.6994,34.6485],[131.6968,34.6417],[131.697,34.6329],[131.6941,34.6281],[131.6942,34.621],[131.7027,34.6147],[131.7089,34.6126],[131.7104,34.6143],[131.7162,34.6137],[131.7181,34.6121],[131.7171,34.6038],[131.7193,34.5865],[131.7207,34.5819],[131.726,34.5783],[131.7236,34.5721],[131.7192,34.5723],[131.7112,34.5628],[131.7021,34.5652],[131.7043,34.559],[131.7007,34.5507],[131.7032,34.5483],[131.7042,34.5415],[131.7003,34.5368],[131.7047,34.5342],[131.7048,34.5317],[131.6859,34.5197],[131.6845,34.5171],[131.6808,34.5185],[131.6685,34.5106],[131.6672,34.5041],[131.6749,34.5009],[131.6814,34.4921],[131.6825,34.4785],[131.6945,34.4811],[131.6992,34.4743],[131.6935,34.4638],[131.6979,34.4497],[131.6933,34.4432],[131.6976,34.4351],[131.7022,34.4355],[131.7141,34.4288],[131.7221,34.4289],[131.729,34.4325],[131.7376,34.4288],[131.7454,34.4354],[131.7553,34.44],[131.7585,34.4341],[131.7717,34.4365],[131.7842,34.4347],[131.7931,34.4362],[131.7942,34.4298],[131.7833,34.3995],[131.7776,34.3979],[131.7709,34.3871],[131.7637,34.3816],[131.7642,34.3761],[131.7664,34.3735],[131.7654,34.3649],[131.7702,34.3562],[131.7772,34.3536],[131.7783,34.3433],[131.774,34.3373],[131.7762,34.3335],[131.7945,34.3272],[131.7953,34.3213],[131.7982,34.3168],[131.809,34.3119],[131.8135,34.3117],[131.8192,34.3026],[131.8217,34.3049],[131.8301,34.3025],[131.8333,34.3111],[131.8389,34.3087],[131.8449,34.3106],[131.8507,34.3065],[131.8605,34.3053],[131.8804,34.3087],[131.8851,34.3119],[131.8843,34.3217],[131.8873,34.3271],[131.8991,34.3191],[131.919,34.3377],[131.9295,34.3331],[131.9326,34.3279],[131.9442,34.3236],[131.9578,34.3064],[131.9626,34.3129],[131.9613,34.3213],[131.9699,34.3243],[131.9745,34.3339],[131.9747,34.342],[131.9805,34.3441],[131.9819,34.3502],[131.9891,34.3533],[131.9968,34.3643],[132.0072,34.3651],[132.0116,34.3685],[132.0126,34.3717],[132.0125,34.3827],[132.0064,34.3869],[132.0049,34.3919],[131.9985,34.4005],[131.9968,34.4071],[131.9895,34.4142],[131.9968,34.4279],[132.0058,34.4323],[132.0094,34.4317],[132.0135,34.4367],[132.0167,34.4409],[132.0158,34.4533],[132.0245,34.4623],[132.0302,34.4625],[132.0385,34.4689],[132.0471,34.4694],[132.0508,34.4661],[132.066,34.4683],[132.0679,34.4675],[132.0802,34.4423],[132.0742,34.4319],[132.0767,34.4259],[132.0681,34.4151],[132.0733,34.4017],[132.0699,34.3908],[132.0767,34.3888],[132.0725,34.3761],[132.0738,34.3733],[132.0694,34.3695],[132.071,34.3625],[132.0692,34.3563],[132.077,34.3559],[132.0844,34.3579],[132.0881,34.3515],[132.095,34.3501],[132.1004,34.3443],[132.1003,34.3365],[132.1071,34.3279],[132.1128,34.3305],[132.1184,34.3305],[132.1218,34.3336],[132.1267,34.3326],[132.1276,34.3217],[132.1233,34.319],[132.1225,34.3087],[132.1288,34.3038],[132.1239,34.2961],[132.1279,34.296],[132.1247,34.2913],[132.1292,34.2943],[132.1394,34.2847],[132.1335,34.2708],[132.138,34.2629],[132.1449,34.2581],[132.1465,34.2532],[132.1436,34.2412],[132.1447,34.2364],[132.1496,34.2366],[132.157,34.2292],[132.159,34.2295],[132.1586,34.2335],[132.1692,34.2337],[132.1702,34.2295],[132.1668,34.2286],[132.1703,34.2253],[132.179,34.2297],[132.1926,34.2265],[132.1927,34.2307],[132.1973,34.2305],[132.1985,34.2253],[132.204,34.2287],[132.2035,34.2245],[132.1926,34.2069],[132.1958,34.2043],[132.2015,34.2078],[132.2088,34.2025],[132.2213,34.2083],[132.2449,34.2107],[132.246,34.2048],[132.2398,34.1974],[132.2325,34.1958],[132.2307,34.1873],[132.2368,34.1899],[132.2386,34.1874],[132.2336,34.185],[132.2301,34.1855],[132.2329,34.1814],[132.238,34.1842],[132.2403,34.1769],[132.2425,34.179],[132.244,34.1778],[132.2422,34.1746],[132.2435,34.1749],[132.2446,34.1718],[132.2433,34.1715],[132.2468,34.1717],[132.2446,34.1699],[132.2455,34.1659],[132.2468,34.1697],[132.2485,34.1699],[132.2503,34.1651],[132.2468,34.1641],[132.246,34.1481],[132.243,34.1462],[132.2413,34.1474],[132.241,34.142],[132.2328,34.1269],[132.2216,34.1308],[132.2193,34.1271],[132.2014,34.1251],[132.1998,34.1203],[132.2019,34.1205],[132.2037,34.1161],[132.1995,34.1157],[132.2006,34.1126],[132.1993,34.1111],[132.2101,34.0827],[132.2106,34.0725],[132.2081,34.0623],[132.213,34.0523],[132.2112,34.0517],[132.2198,34.0488],[132.2186,34.0437],[132.2153,34.0437],[132.2184,34.0416],[132.2174,34.0221],[132.2128,34.0032],[132.2025,33.9912],[132.1981,33.9804],[132.1841,33.9613],[132.176,33.9623],[132.1601,33.9573],[132.1342,33.9566],[132.1341,33.9552],[132.1303,33.9575],[132.1275,33.9567],[132.1287,33.9529],[132.1238,33.947],[132.1199,33.9531],[132.1172,33.9511],[132.1218,33.9417],[132.1243,33.9411],[132.1268,33.9178],[132.1303,33.9106],[132.1309,33.9052],[132.1267,33.8981],[132.1315,33.8943],[132.128,33.8901],[132.1299,33.8845],[132.1322,33.8819],[132.1343,33.8835],[132.1353,33.8799],[132.1467,33.8751],[132.1471,33.8652],[132.156,33.8611],[132.1579,33.856],[132.1572,33.8453],[132.1441,33.8365],[132.1439,33.8335],[132.1393,33.8319],[132.1218,33.8346],[132.1169,33.8318],[132.1156,33.8365],[132.117,33.8506],[132.1149,33.859],[132.1123,33.86],[132.1185,33.8679],[132.1193,33.8754],[132.1156,33.8783],[132.1114,33.8777],[132.1094,33.8805],[132.099,33.8827],[132.0893,33.8889],[132.0769,33.8931],[132.0756,33.9031],[132.0718,33.905],[132.0607,33.9092],[132.0441,33.9091],[132.0554,33.9131],[132.0545,33.9163],[132.0597,33.9206],[132.0577,33.9241],[132.0559,33.925],[132.0532,33.9219],[132.0522,33.9165],[132.0334,33.9081],[132.0244,33.9019],[132.0207,33.9051],[132.0086,33.9097],[132.0041,33.9145],[132.0002,33.9151],[131.9815,33.9291],[131.9753,33.9288],[131.9692,33.9228],[131.9708,33.9199],[131.9752,33.9199],[131.9751,33.9217],[131.9757,33.9199],[131.9699,33.9167],[131.9622,33.9207],[131.9618,33.927],[131.9682,33.9295],[131.9628,33.9438],[131.9552,33.9499],[131.9473,33.95],[131.9455,33.947],[131.9355,33.9473],[131.9296,33.9506],[131.9267,33.9571],[131.9295,33.9617],[131.9238,33.9534],[131.9224,33.9559],[131.9253,33.9594],[131.917,33.9677],[131.9058,33.9725],[131.9022,33.9722],[131.898,33.9769],[131.8916,33.9781],[131.8935,33.9807],[131.8903,33.9786],[131.8819,33.9809],[131.8744,33.9882],[131.8744,33.9903],[131.8628,33.9884],[131.8659,33.9904],[131.8678,33.9976],[131.8663,34.0007],[131.8639,33.9999],[131.862,34.0032],[131.8633,34.0066],[131.8582,34.0038],[131.8586,34.0065],[131.8557,34.0079],[131.8533,34.005],[131.8523,34.008],[131.8429,34.0099],[131.8359,34.0088],[131.8318,34.0109],[131.8296,34.0091],[131.8323,34.0061],[131.8186,33.994],[131.7935,33.9873],[131.7967,33.9833],[131.8029,33.9808],[131.8064,33.9834],[131.8148,33.9821],[131.8145,33.976],[131.8205,33.9765],[131.8165,33.9701],[131.8098,33.9677],[131.8014,33.9751],[131.7956,33.977],[131.7887,33.9737],[131.7827,33.9754],[131.7781,33.9739],[131.7778,33.9769],[131.7728,33.9775],[131.7697,33.9805],[131.7612,33.9751],[131.7586,33.9829],[131.7659,33.9801],[131.7751,33.9845],[131.7844,33.9858],[131.7867,33.9896],[131.782,33.994],[131.8042,34.0164],[131.8105,34.016],[131.814,34.0181],[131.8139,34.0227],[131.825,34.0235],[131.8267,34.0294],[131.8213,34.0277],[131.8177,34.0349],[131.808,34.0403],[131.8059,34.0387],[131.8036,34.0429],[131.802,34.0407],[131.8022,34.0428],[131.7965,34.0403],[131.7964,34.0369],[131.7853,34.0276],[131.7821,34.0303],[131.7945,34.0477],[131.7968,34.0469],[131.7997,34.0491],[131.7979,34.0488],[131.7982,34.0511],[131.7955,34.0497],[131.7921,34.0507],[131.7952,34.0549],[131.797,34.0533],[131.7969,34.0601],[131.7888,34.0535],[131.7819,34.0543],[131.7834,34.0606],[131.7806,34.0604],[131.7794,34.0543],[131.7657,34.0533],[131.7635,34.0588],[131.7628,34.0567],[131.7588,34.0564],[131.7588,34.0538],[131.7604,34.0539],[131.7577,34.0489],[131.7468,34.0463],[131.7438,34.0497],[131.7424,34.0487],[131.7383,34.0547],[131.7485,34.0626],[131.7533,34.0625],[131.7574,34.0652],[131.7567,34.0676],[131.7543,34.0649],[131.7509,34.0656],[131.7525,34.0706],[131.7468,34.0657],[131.7445,34.0657],[131.7418,34.0711],[131.7422,34.0673],[131.7344,34.0609],[131.7291,34.0628],[131.7183,34.0577],[131.7142,34.0603],[131.7089,34.0605],[131.7071,34.0544],[131.6992,34.0555],[131.6973,34.0473],[131.688,34.0474],[131.6911,34.0503],[131.6897,34.0541],[131.6836,34.0521],[131.679,34.0545],[131.6752,34.0501],[131.6777,34.0463],[131.6768,34.0432],[131.6721,34.0431],[131.6695,34.0451],[131.6615,34.0412],[131.6454,34.0379],[131.6465,34.0403],[131.6427,34.0459],[131.6442,34.0468],[131.635,34.0469],[131.6218,34.0381],[131.6096,34.0212],[131.6016,34.0272],[131.6031,34.0369],[131.5952,34.0431],[131.5987,34.0385],[131.5926,34.0348],[131.5897,34.0379],[131.5912,34.0391],[131.5901,34.0401],[131.5822,34.0381],[131.5889,34.0325],[131.587,34.0319],[131.5845,34.0255],[131.5813,34.0243],[131.5786,34.0203],[131.5615,34.0131],[131.5605,34.0075],[131.5485,34.0013],[131.5426,34.0071],[131.5386,34.0075],[131.5444,33.999],[131.539,33.9973],[131.5344,34.0017],[131.5259,33.9991],[131.5251,34.0052],[131.5221,34.0078],[131.5162,34.0024],[131.5147,34.0041],[131.5092,34.0035],[131.5095,34.0103],[131.514,34.014],[131.5128,34.0181],[131.5033,34.0255],[131.5013,34.0235],[131.4836,34.0281],[131.4744,34.0377],[131.467,34.0335],[131.4657,34.0253],[131.4671,34.0253],[131.4692,34.0186],[131.4707,34.0203],[131.4773,34.0172],[131.4793,34.0117],[131.4613,34.0035],[131.4495,34.0095],[131.4522,34.0041],[131.4547,34.0042],[131.4567,33.9989],[131.4621,33.9943],[131.4602,33.9878],[131.4555,33.9877],[131.4545,33.9934],[131.4495,33.9954],[131.442,33.9919],[131.4414,33.9835],[131.4365,33.9826],[131.4353,33.9867],[131.4301,33.9907],[131.4232,33.9892],[131.4312,34.0063],[131.4283,34.0067],[131.4305,34.0078],[131.4273,34.0137],[131.4184,34.0155],[131.4168,34.0135],[131.418,34.0112],[131.4135,34.0084],[131.4114,34.0099],[131.4125,34.0084],[131.4073,34.0005],[131.4081,33.9964],[131.4054,33.9969],[131.3989,33.9931],[131.3989,33.9862],[131.3953,33.9845],[131.3957,33.9907],[131.3934,33.9975],[131.3996,33.9977],[131.4041,34.0135],[131.407,34.0133],[131.4114,34.0203],[131.4151,34.0207],[131.4162,34.0228],[131.4148,34.0217],[131.4016,34.0259],[131.395,34.0251],[131.3938,34.035],[131.3992,34.0408],[131.4033,34.0425],[131.3971,34.0431],[131.3981,34.0498],[131.394,34.0509],[131.3842,34.0493],[131.3854,34.0472],[131.3821,34.0361],[131.3856,34.0323],[131.3821,34.0306],[131.3801,34.0323],[131.369,34.0283],[131.3718,34.0256],[131.3818,34.0227],[131.3772,34.0079],[131.3713,34.0017],[131.3624,33.9969],[131.3593,33.9859],[131.3524,33.9871],[131.3473,33.9817],[131.3508,33.9759],[131.3503,33.9716],[131.3525,33.9719],[131.3503,33.9684],[131.355,33.9679],[131.3538,33.9655],[131.3469,33.9649],[131.3375,33.9561],[131.3305,33.9528],[131.325,33.9525],[131.3194,33.9549],[131.3112,33.9517],[131.3115,33.9493],[131.3094,33.9507],[131.3057,33.9493],[131.2996,33.941],[131.2965,33.942],[131.2897,33.9373],[131.2797,33.9341],[131.2873,33.9347],[131.2882,33.9333],[131.2658,33.9228],[131.2613,33.927],[131.2486,33.9274],[131.2468,33.9319],[131.2481,33.9311],[131.251,33.9339],[131.2539,33.9311],[131.2552,33.9319],[131.2518,33.9368],[131.2318,33.9271],[131.2296,33.93],[131.2341,33.9341],[131.2332,33.9364],[131.2425,33.9382],[131.2468,33.9423],[131.2418,33.942],[131.2453,33.9459],[131.2401,33.9461],[131.2413,33.9485],[131.2384,33.9513],[131.2327,33.9479],[131.2328,33.9416],[131.2292,33.9399],[131.2304,33.9378],[131.2218,33.9337],[131.2144,33.9366],[131.2153,33.9392],[131.2091,33.9441],[131.1849,33.9391],[131.1844,33.9321],[131.1777,33.9315],[131.1606,33.9513],[131.157,33.9531],[131.1578,33.9611],[131.1688,33.9634],[131.1657,33.9642],[131.1658,33.9661],[131.1599,33.9647],[131.1622,33.9705],[131.1722,33.9691],[131.1671,33.9713],[131.1738,33.9747],[131.169,33.9749],[131.1684,33.9775],[131.1613,33.9735],[131.1605,33.9775],[131.1661,33.9783],[131.1601,33.9858],[131.1617,33.9894],[131.1691,33.9925],[131.169,33.996],[131.1656,33.9968],[131.1664,33.9957],[131.1568,33.9889],[131.1464,33.9944],[131.1497,34.0032],[131.1329,34.0032],[131.1387,33.9917],[131.1347,33.9913],[131.1313,33.9959],[131.1207,34.0032],[131.1037,34.0287],[131.0916,34.0373],[131.0876,34.0354],[131.0841,34.0374],[131.0825,34.034],[131.0608,34.0403],[131.0467,34.0423],[131.0454,34.0435],[131.0475,34.0475],[131.0455,34.0523],[131.0426,34.0529],[131.0426,34.0574],[131.0369,34.057],[131.0274,34.0457],[131.0308,34.0427],[131.0297,34.0392],[131.0228,34.0361],[131.012,34.0273],[131.0175,34.0242],[131.0203,34.02],[131.0126,34.0116],[131.0043,34.0168],[131.0075,34.0203],[131.0059,34.0215],[131.0021,34.0174],[131.0031,34.0148],[131.0006,34.0055],[131.005,34.0032],[131.0029,33.9993],[130.9963,33.9992],[130.9993,33.9974],[130.9913,33.9865],[130.9415,33.9555],[130.9371,33.9493],[130.9258,33.9466],[130.9247,33.9429],[130.9283,33.9415],[130.9275,33.9383],[130.9213,33.9382],[130.9275,33.9262],[130.9226,33.9145],[130.9118,33.9113],[130.904,33.9137],[130.9,33.9179],[130.9059,33.9204],[130.9094,33.9257],[130.8984,33.9217],[130.8974,33.9306],[130.8944,33.9295],[130.8927,33.9322],[130.8959,33.9336],[130.8927,33.9391],[130.8907,33.9391],[130.8908,33.9369],[130.8734,33.9464],[130.8759,33.9462],[130.8728,33.9487],[130.8758,33.9541],[130.8778,33.9546],[130.8776,33.9483],[130.8814,33.9509],[130.8904,33.9467],[130.8931,33.9433],[130.899,33.9446],[130.9036,33.9524],[130.909,33.9499],[130.9107,33.9541],[130.9157,33.9509],[130.9127,33.9411],[130.917,33.9467],[130.9189,33.9522],[130.9095,33.9553],[130.9077,33.9531],[130.9052,33.9539],[130.9124,33.964],[130.9126,33.9709],[130.9161,33.9793],[130.9079,33.9925],[130.9084,34.0005],[130.9122,34.0032],[130.9155,34.0118],[130.9141,34.0228],[130.9084,34.0255],[130.9031,34.0251],[130.9134,34.0431],[130.9111,34.0591],[130.9067,34.0639],[130.9007,34.0627],[130.9018,34.0674],[130.8984,34.0692],[130.8933,34.0693],[130.8948,34.0675],[130.8906,34.0644],[130.8872,34.0662],[130.8879,34.071],[130.8825,34.0738],[130.8814,34.0779],[130.8755,34.081],[130.8797,34.0831],[130.8792,34.0865],[130.8745,34.0894],[130.8716,34.0883],[130.8718,34.0986],[130.8616,34.104],[130.8597,34.1098],[130.863,34.1131],[130.8645,34.1187],[130.8654,34.1356],[130.8697,34.1384],[130.8767,34.1363],[130.8804,34.142],[130.8848,34.1419],[130.8831,34.1379],[130.8882,34.1347],[130.8926,34.135],[130.9015,34.1402],[130.9036,34.1469],[130.8988,34.1485],[130.899,34.1523],[130.8961,34.1523],[130.8964,34.1541],[130.9023,34.1527],[130.9092,34.1591],[130.9124,34.1579],[130.9253,34.1699],[130.9271,34.1773],[130.9251,34.1799],[130.9295,34.1823],[130.9316,34.1875],[130.9294,34.2106],[130.9259,34.2133],[130.9175,34.2134],[130.9158,34.2164],[130.9212,34.2247],[130.9209,34.2391],[130.9003,34.254],[130.8964,34.2643],[130.8872,34.273],[130.8857,34.2723],[130.8664,34.2873],[130.8718,34.2952],[130.8802,34.2947],[130.8852,34.3023],[130.8835,34.3051],[130.8861,34.3126],[130.8894,34.3097],[130.893,34.3105],[130.8894,34.3173],[130.8967,34.3173],[130.8917,34.319],[130.897,34.3255],[130.8922,34.3227],[130.8916,34.3313],[130.8929,34.3323],[130.8893,34.3321],[130.8893,34.3435],[130.8899,34.3465],[130.9005,34.3533],[130.9,34.3623],[130.9049,34.3627],[130.9129,34.3541],[130.9131,34.3518],[130.9198,34.3538],[130.9242,34.3479],[130.9255,34.3417],[130.9301,34.342],[130.9298,34.346],[130.9331,34.3478],[130.9339,34.3518],[130.9407,34.3518],[130.9428,34.3543],[130.9459,34.3523],[130.9619,34.3581],[130.9664,34.3581],[130.9797,34.3636],[130.9854,34.3679],[130.9899,34.3677],[130.9938,34.3719],[130.9998,34.3739],[131.0038,34.3707],[131.0152,34.3732],[131.034,34.3703],[131.0356,34.3779],[131.0337,34.3833],[131.0246,34.3905],[131.0207,34.391],[131.0166,34.4037],[131.0129,34.4048],[131.0018,34.399],[130.9797,34.3999],[130.9733,34.4036],[130.9718,34.4075],[130.9671,34.4055],[130.9584,34.4072],[130.9505,34.4049],[130.9497,34.4011],[130.9539,34.3991],[130.955,34.3958],[130.9546,34.3892],[130.9467,34.3873],[130.9314,34.3927],[130.934,34.3926],[130.9368,34.4039],[130.9454,34.4033],[130.9578,34.4117],[130.9562,34.4199],[130.9611,34.4278],[130.9711,34.4299],[130.9715,34.4419],[130.9794,34.4363],[131.0022,34.4281],[131.002,34.4199],[131.0042,34.4152],[131.019,34.4112],[131.0466,34.4114],[131.0518,34.4153],[131.0562,34.4153],[131.0617,34.4208],[131.0668,34.4185],[131.0727,34.4239],[131.0856,34.4197],[131.0971,34.4199],[131.1109,34.4093],[131.1167,34.4115],[131.1269,34.412],[131.1308,34.4177],[131.1307,34.4124],[131.1383,34.4007],[131.1368,34.3911],[131.1427,34.3803],[131.1463,34.3808],[131.1544,34.3725],[131.1683,34.3729],[131.1759,34.3773],[131.1764,34.3757],[131.1775,34.3776],[131.1874,34.3805],[131.1972,34.3973],[131.1997,34.3963],[131.2008,34.3897],[131.2069,34.3821],[131.2072,34.3791],[131.2045,34.3757],[131.2081,34.3727],[131.215,34.3708],[131.2236,34.379],[131.2214,34.3863],[131.2243,34.3928],[131.2287,34.3887],[131.2337,34.3911],[131.2472,34.3816],[131.2544,34.3836],[131.2551,34.3894],[131.2604,34.3843],[131.271,34.39],[131.277,34.3896],[131.2801,34.3836],[131.2857,34.3865],[131.2897,34.3849],[131.2901,34.3814],[131.2924,34.3803],[131.2946,34.3831],[131.3052,34.3829],[131.3061,34.3871],[131.311,34.3869],[131.3159,34.3909],[131.3226,34.3919],[131.3285,34.3991],[131.3265,34.4047],[131.3321,34.4153],[131.3367,34.4183],[131.3379,34.4159],[131.3434,34.4151],[131.3469,34.4169],[131.3529,34.4111],[131.3577,34.4111],[131.3677,34.415],[131.3744,34.4149],[131.378,34.4199],[131.3764,34.4221],[131.3801,34.4231],[131.3868,34.4171],[131.3957,34.4199],[131.3981,34.4234],[131.4011,34.4219],[131.3988,34.4254],[131.402,34.4287],[131.4148,34.4261],[131.4135,34.4313],[131.4092,34.4315],[131.4104,34.4355],[131.4172,34.4358],[131.4126,34.4383],[131.4142,34.4409],[131.4173,34.4372],[131.4217,34.441],[131.4135,34.4466],[131.409,34.4473],[131.4084,34.4447],[131.3967,34.4477],[131.3941,34.4562],[131.3964,34.4603],[131.3997,34.4599],[131.4059,34.4537],[131.4114,34.4516],[131.4096,34.4514],[131.4126,34.4487],[131.415,34.4487],[131.4169,34.4521],[131.4229,34.4539],[131.4348,34.4671],[131.4311,34.4715],[131.4342,34.4726],[131.4356,34.4711],[131.4406,34.4712],[131.4443,34.4756],[131.445,34.4785],[131.4398,34.4825],[131.4461,34.4855],[131.4525,34.4804],[131.4613,34.4862],[131.4661,34.5014],[131.4603,34.5002],[131.4558,34.5085],[131.4495,34.5068],[131.4539,34.5112],[131.4494,34.5167],[131.4513,34.5166],[131.4538,34.5203],[131.4555,34.526],[131.4613,34.5296],[131.4661,34.5385],[131.4694,34.5336],[131.4795,34.5321],[131.4879,34.5336],[131.4917,34.5314],[131.4968,34.5315],[131.5033,34.5339],[131.5147,34.5519],[131.5194,34.554],[131.5194,34.5564],[131.5214,34.5558],[131.5369,34.5625],[131.5406,34.5687],[131.5458,34.5711],[131.5541,34.5806],[131.5551,34.5883],[131.5504,34.5929],[131.5571,34.6033],[131.5547,34.6064],[131.5563,34.6151],[131.5652,34.6212],[131.5788,34.6204],[131.5773,34.625],[131.5861,34.6241],[131.5864,34.6215],[131.5839,34.6223],[131.5873,34.6198],[131.5902,34.6199],[131.5901,34.6222],[131.5973,34.6218],[131.6028,34.6242],[131.5998,34.6249],[131.6015,34.6275],[131.6051,34.6284],[131.6021,34.6338],[131.6024,34.6297],[131.5951,34.6341],[131.5918,34.6288],[131.589,34.6326],[131.5925,34.6371],[131.5931,34.6414],[131.5909,34.6428],[131.5908,34.646],[131.5939,34.6461],[131.6029,34.6619],[131.606,34.6618],[131.6117,34.6665],[131.6144,34.6646],[131.6264,34.6655],[131.6339,34.6639],[131.6406,34.6599],[131.6407,34.6561],[131.6424,34.6563],[131.6377,34.6469],[131.6447,34.6409],[131.6488,34.6409],[131.6505,34.6461],[131.6445,34.6471],[131.6453,34.6523],[131.6542,34.6534],[131.6547,34.6572],[131.6595,34.6549],[131.664,34.657],[131.6651,34.6599],[131.669,34.6599],[131.6709,34.6644],[131.6739,34.6643],[131.6688,34.6701],[131.667,34.6753],[131.6711,34.6769],[131.6717,34.6735],[131.6756,34.6735],[131.6778,34.6761],[131.6831,34.6747],[131.6844,34.6776],[131.6899,34.681]]],[[[131.3855,34.5126],[131.3835,34.5201],[131.3864,34.5232],[131.3908,34.5231],[131.3905,34.5146],[131.3855,34.5126]]],[[[131.2768,34.497],[131.2709,34.5067],[131.2768,34.5182],[131.283,34.5117],[131.2922,34.5115],[131.2921,34.5061],[131.2806,34.5025],[131.2768,34.497]]],[[[131.4073,34.4897],[131.4008,34.4953],[131.4017,34.5032],[131.4084,34.5125],[131.4114,34.5129],[131.4145,34.5121],[131.4179,34.4965],[131.4159,34.4915],[131.4129,34.4927],[131.4073,34.4897]]],[[[131.3448,34.4988],[131.3387,34.4988],[131.3382,34.5032],[131.3441,34.5031],[131.3448,34.4988]]],[[[131.3763,34.4817],[131.3751,34.4839],[131.38,34.4879],[131.3804,34.4838],[131.3763,34.4817]]],[[[131.3769,34.4617],[131.3731,34.4647],[131.3754,34.4672],[131.3795,34.4641],[131.3769,34.4617]]],[[[131.1965,34.3983],[131.1974,34.4006],[131.1956,34.4025],[131.1955,34.3997],[131.1888,34.3989],[131.1864,34.4016],[131.1729,34.4075],[131.1713,34.423],[131.1677,34.427],[131.1709,34.4313],[131.1745,34.4269],[131.1768,34.4285],[131.1818,34.4241],[131.1907,34.4241],[131.194,34.428],[131.1988,34.4258],[131.2184,34.4261],[131.2442,34.438],[131.2484,34.4361],[131.2517,34.4382],[131.2534,34.4337],[131.2606,34.4276],[131.2569,34.4234],[131.2572,34.4199],[131.2603,34.4176],[131.254,34.4175],[131.2506,34.4199],[131.2535,34.4236],[131.2468,34.4257],[131.2434,34.4233],[131.2325,34.4233],[131.2223,34.4167],[131.2265,34.4283],[131.2116,34.4169],[131.2129,34.4136],[131.2071,34.4119],[131.2142,34.4008],[131.1965,34.3983]]],[[[131.3192,34.4262],[131.3165,34.4271],[131.3173,34.4325],[131.319,34.4325],[131.321,34.4288],[131.3192,34.4262]]],[[[131.2681,34.4103],[131.2654,34.4147],[131.2663,34.4185],[131.2729,34.4122],[131.2681,34.4103]]],[[[130.8464,34.341],[130.8458,34.3435],[130.8396,34.3454],[130.8376,34.351],[130.839,34.355],[130.8571,34.3555],[130.8632,34.3589],[130.8694,34.3643],[130.8657,34.3735],[130.8693,34.374],[130.8718,34.3666],[130.8757,34.3677],[130.8794,34.3648],[130.8775,34.3539],[130.8718,34.3553],[130.867,34.3525],[130.8583,34.3532],[130.8514,34.3485],[130.8464,34.341]]],[[[130.9653,34.3583],[130.9638,34.359],[130.9648,34.3611],[130.9696,34.3642],[130.9735,34.3639],[130.9653,34.3583]]],[[[130.8974,34.1705],[130.9,34.1765],[130.9051,34.1725],[130.8974,34.1705]]],[[[132.3127,34.1221],[132.3186,34.1189],[132.3122,34.1189],[132.3127,34.1221]]],[[[130.7956,34.0925],[130.7892,34.1006],[130.7825,34.0976],[130.7769,34.1024],[130.7742,34.1088],[130.7758,34.1153],[130.7806,34.1133],[130.7824,34.1067],[130.788,34.1086],[130.7983,34.1004],[130.7973,34.0979],[130.7991,34.0934],[130.7956,34.0925]]],[[[132.3977,34.054],[132.391,34.0561],[132.3948,34.06],[132.3994,34.0579],[132.3977,34.054]]],[[[131.731,34.021],[131.7267,34.0251],[131.7268,34.0336],[131.7335,34.0379],[131.7468,34.0372],[131.7511,34.0326],[131.7615,34.0473],[131.7675,34.0466],[131.7705,34.0499],[131.7792,34.0488],[131.7592,34.0347],[131.754,34.0285],[131.7519,34.0314],[131.7468,34.0248],[131.7394,34.0211],[131.731,34.021]]],[[[132.3836,34.0267],[132.3827,34.0338],[132.376,34.0361],[132.3822,34.0415],[132.3868,34.0391],[132.3919,34.0424],[132.3852,34.0354],[132.388,34.0331],[132.3836,34.0267]]],[[[132.4234,34.0325],[132.4167,34.0341],[132.4177,34.037],[132.4268,34.0345],[132.4234,34.0325]]],[[[131.7181,33.9794],[131.7187,33.9894],[131.7135,33.9897],[131.709,33.9967],[131.7015,34.0032],[131.6945,34.0039],[131.6908,34.0079],[131.6966,34.0095],[131.7032,34.0073],[131.7032,34.0181],[131.7058,34.0334],[131.7078,34.0347],[131.7141,34.032],[131.7085,34.0227],[131.7119,34.0207],[131.7097,34.0159],[131.713,34.0135],[131.71,34.0009],[131.718,33.9918],[131.7281,33.9875],[131.732,33.9825],[131.7181,33.9794]]],[[[132.4205,34.0113],[132.4061,34.0145],[132.4025,34.0194],[132.4021,34.0269],[132.4141,34.0303],[132.4231,34.0191],[132.4301,34.0151],[132.4272,34.0154],[132.4265,34.0114],[132.4205,34.0113]]],[[[131.5668,33.9867],[131.5628,33.9938],[131.5563,33.9899],[131.5552,33.9941],[131.567,34.0032],[131.5668,34.0115],[131.5803,34.0199],[131.5828,34.0239],[131.6005,34.015],[131.5958,34.0116],[131.5909,33.9994],[131.5668,33.9867]]],[[[132.2676,33.994],[132.2641,33.9955],[132.2652,33.9998],[132.2579,34.0032],[132.2578,34.007],[132.2629,34.0097],[132.2696,34.0032],[132.2676,34.0001],[132.27,34.0005],[132.2712,33.9965],[132.2676,33.994]]],[[[132.3312,33.991],[132.3292,33.9938],[132.3303,34.0036],[132.3356,33.9987],[132.3341,33.9927],[132.3312,33.991]]],[[[131.8202,33.9307],[131.8183,33.9353],[131.8058,33.939],[131.8068,33.9518],[131.8195,33.9583],[131.8168,33.9545],[131.8198,33.9448],[131.8233,33.9449],[131.8251,33.9485],[131.8305,33.9477],[131.8325,33.9557],[131.8401,33.9565],[131.8451,33.9511],[131.8461,33.9537],[131.8475,33.9523],[131.8492,33.9541],[131.8477,33.9579],[131.8501,33.9611],[131.8464,33.9617],[131.8482,33.9671],[131.8417,33.9665],[131.8427,33.9703],[131.8483,33.9706],[131.8548,33.9769],[131.8515,33.9801],[131.8554,33.9803],[131.8568,33.9897],[131.8584,33.9845],[131.8639,33.9796],[131.8663,33.9781],[131.8677,33.9816],[131.8718,33.9756],[131.8726,33.9705],[131.8768,33.9705],[131.8718,33.9675],[131.8708,33.9689],[131.8648,33.9683],[131.8577,33.9637],[131.861,33.9509],[131.8574,33.9527],[131.8544,33.9487],[131.8466,33.9457],[131.8353,33.9344],[131.8202,33.9307]]],[[[130.86,33.9701],[130.8601,33.9787],[130.8649,33.981],[130.8675,33.9763],[130.8659,33.9761],[130.8663,33.9711],[130.86,33.9701]]],[[[132.3508,33.9622],[132.3481,33.9627],[132.348,33.9689],[132.3434,33.9711],[132.3478,33.974],[132.3536,33.9677],[132.3538,33.9653],[132.3508,33.9622]]],[[[132.2068,33.8569],[132.1996,33.8698],[132.2042,33.8747],[132.2014,33.8802],[132.1908,33.8855],[132.186,33.8931],[132.1765,33.894],[132.1789,33.8994],[132.1754,33.9019],[132.1758,33.9199],[132.1728,33.9225],[132.1751,33.9299],[132.1812,33.9295],[132.1874,33.9346],[132.188,33.9375],[132.1827,33.9505],[132.1855,33.9545],[132.1933,33.9544],[132.2029,33.9487],[132.2115,33.9538],[132.2103,33.9597],[132.2135,33.9651],[132.2157,33.965],[132.2167,33.9616],[132.2216,33.9593],[132.2282,33.9594],[132.2322,33.9671],[132.2442,33.9629],[132.2468,33.9547],[132.2655,33.9483],[132.2753,33.9507],[132.2842,33.9557],[132.287,33.9504],[132.2867,33.9423],[132.3009,33.9299],[132.3007,33.9199],[132.311,33.9147],[132.3152,33.9167],[132.3187,33.9215],[132.3219,33.9145],[132.3161,33.9065],[132.3197,33.9029],[132.3224,33.9029],[132.3226,33.9065],[132.3273,33.9045],[132.3289,33.9017],[132.3488,33.9051],[132.3567,33.9099],[132.3533,33.9132],[132.3526,33.9175],[132.3588,33.9173],[132.3701,33.9283],[132.3751,33.9248],[132.3837,33.927],[132.3876,33.9251],[132.4024,33.9293],[132.4052,33.935],[132.4012,33.9407],[132.4064,33.9429],[132.4152,33.952],[132.4227,33.9539],[132.4295,33.9504],[132.4368,33.9515],[132.437,33.9453],[132.4429,33.9422],[132.4637,33.9459],[132.4683,33.9477],[132.4702,33.9505],[132.4711,33.9466],[132.4563,33.9405],[132.4501,33.9325],[132.444,33.9318],[132.4408,33.9275],[132.4396,33.9308],[132.4346,33.9322],[132.4323,33.9269],[132.4214,33.9256],[132.4193,33.9197],[132.4112,33.9173],[132.4064,33.9099],[132.4043,33.9155],[132.3957,33.9176],[132.3895,33.9158],[132.3902,33.9121],[132.3871,33.9117],[132.3856,33.9143],[132.3765,33.9143],[132.3718,33.9111],[132.3713,33.9035],[132.3656,33.9024],[132.3613,33.8961],[132.3664,33.8925],[132.3632,33.8878],[132.3632,33.8804],[132.3673,33.8773],[132.3676,33.8696],[132.3716,33.8624],[132.3689,33.8638],[132.3601,33.8611],[132.355,33.8667],[132.3511,33.8659],[132.346,33.8696],[132.3427,33.8651],[132.3268,33.8576],[132.3252,33.8636],[132.3264,33.8701],[132.3368,33.8779],[132.3363,33.8832],[132.3308,33.8862],[132.3267,33.8821],[132.3255,33.8839],[132.3276,33.8877],[132.3227,33.8918],[132.3089,33.8921],[132.3079,33.8941],[132.2959,33.8967],[132.2909,33.8903],[132.2883,33.8925],[132.2906,33.8961],[132.2904,33.9012],[132.2851,33.9016],[132.2789,33.9003],[132.2781,33.8954],[132.268,33.8901],[132.2674,33.8769],[132.2784,33.8712],[132.2682,33.8725],[132.2649,33.869],[132.2593,33.8769],[132.253,33.8775],[132.2413,33.8745],[132.2385,33.8771],[132.2211,33.8744],[132.2145,33.8712],[132.2147,33.8654],[132.2068,33.8569]]],[[[132.4736,33.9538],[132.4701,33.9585],[132.4585,33.9634],[132.4673,33.9633],[132.47,33.9661],[132.4729,33.9631],[132.4759,33.9633],[132.4802,33.9592],[132.4776,33.9553],[132.4736,33.9538]]],[[[132.3523,33.9394],[132.3478,33.946],[132.3375,33.947],[132.3358,33.9488],[132.3378,33.952],[132.3367,33.9547],[132.3497,33.9603],[132.3537,33.9539],[132.3536,33.9455],[132.3554,33.9418],[132.3523,33.9394]]],[[[132.4885,33.9529],[132.4858,33.9559],[132.4905,33.9586],[132.4885,33.9529]]],[[[131.6953,33.9354],[131.6887,33.9416],[131.6907,33.9445],[131.6932,33.9427],[131.6956,33.9497],[131.7001,33.9396],[131.6953,33.9354]]],[[[132.1577,33.9378],[132.1536,33.94],[132.1558,33.9455],[132.1656,33.9475],[132.1672,33.9457],[132.1642,33.9412],[132.1577,33.9378]]],[[[131.9307,33.9359],[131.9277,33.9371],[131.9257,33.9424],[131.9307,33.9359]]],[[[132.4654,33.9148],[132.4619,33.9187],[132.455,33.9199],[132.4534,33.9269],[132.4606,33.9239],[132.4624,33.9199],[132.4658,33.9184],[132.4654,33.9148]]],[[[132.0493,33.8867],[132.0503,33.8897],[132.0416,33.8954],[132.0431,33.9002],[132.0468,33.8997],[132.0533,33.8901],[132.0493,33.8867]]],[[[132.0608,33.867],[132.0604,33.873],[132.0562,33.8763],[132.0607,33.8838],[132.0646,33.8837],[132.066,33.8749],[132.069,33.8691],[132.0608,33.867]]],[[[132.0221,33.8523],[132.0074,33.853],[132.0002,33.8561],[131.9969,33.86],[132.0039,33.8613],[132.0077,33.8587],[132.0147,33.8597],[132.0154,33.8649],[132.0136,33.8681],[132.0157,33.8712],[132.0221,33.8623],[132.0208,33.8601],[132.0231,33.8537],[132.0221,33.8523]]],[[[132.3102,33.8625],[132.3082,33.8645],[132.313,33.8682],[132.3127,33.863],[132.3102,33.8625]]],[[[132.3677,33.847],[132.3533,33.8543],[132.3591,33.8582],[132.364,33.8543],[132.3642,33.8519],[132.3718,33.8521],[132.3718,33.8479],[132.3677,33.847]]],[[[132.0493,33.7847],[132.0415,33.79],[132.0371,33.7874],[132.0329,33.788],[132.0333,33.7917],[132.0274,33.7933],[132.0296,33.7955],[132.0426,33.7955],[132.0463,33.7983],[132.0528,33.7983],[132.0582,33.8058],[132.0569,33.8075],[132.0597,33.819],[132.0657,33.8189],[132.0666,33.8223],[132.0705,33.8225],[132.0771,33.8272],[132.0796,33.8365],[132.0722,33.8434],[132.0695,33.8431],[132.0676,33.8514],[132.07,33.8539],[132.0703,33.8581],[132.0762,33.8541],[132.0763,33.8506],[132.0824,33.8446],[132.0859,33.8446],[132.0903,33.848],[132.0949,33.8435],[132.1015,33.8436],[132.1042,33.8348],[132.1082,33.8365],[132.1104,33.8321],[132.1172,33.8306],[132.1151,33.8283],[132.1079,33.8284],[132.106,33.8254],[132.0905,33.8262],[132.086,33.8239],[132.0845,33.8161],[132.0752,33.814],[132.0722,33.8033],[132.0598,33.8023],[132.0549,33.7938],[132.0573,33.7901],[132.0493,33.7847]]],[[[132.1834,33.8441],[132.1789,33.8457],[132.1783,33.8492],[132.1844,33.8484],[132.1834,33.8441]]],[[[132.1184,33.8114],[132.1192,33.8177],[132.1167,33.8188],[132.1185,33.8238],[132.1216,33.8161],[132.1184,33.8114]]],[[[132.2564,33.7665],[132.2568,33.7695],[132.2343,33.7835],[132.2293,33.7815],[132.2232,33.7831],[132.2158,33.781],[132.213,33.7864],[132.2027,33.7916],[132.1985,33.803],[132.1905,33.8042],[132.1731,33.7951],[132.1725,33.8049],[132.1843,33.8104],[132.1872,33.8075],[132.1937,33.8077],[132.1941,33.8102],[132.199,33.8138],[132.2085,33.8177],[132.2117,33.8153],[132.2211,33.8152],[132.2248,33.8067],[132.2316,33.8069],[132.236,33.7975],[132.2382,33.7981],[132.2414,33.7949],[132.2468,33.7964],[132.2548,33.7889],[132.2563,33.7823],[132.2634,33.7781],[132.2731,33.7818],[132.2564,33.7665]]],[[[132.252,33.8064],[132.2487,33.8137],[132.2543,33.8169],[132.2585,33.8166],[132.2552,33.8087],[132.252,33.8064]]],[[[132.3942,33.8017],[132.3912,33.8056],[132.3942,33.8103],[132.4006,33.8145],[132.3989,33.8041],[132.3942,33.8017]]],[[[131.9635,33.7686],[131.9516,33.7713],[131.9467,33.7799],[131.9497,33.7821],[131.9557,33.7809],[131.961,33.7825],[131.9607,33.7927],[131.9665,33.798],[131.9727,33.7978],[131.9886,33.7873],[131.9926,33.7803],[131.9635,33.7686]]],[[[131.9384,33.7877],[131.9313,33.7886],[131.9302,33.7926],[131.9323,33.7949],[131.9379,33.7924],[131.9384,33.7877]]],[[[132.3927,33.7777],[132.3889,33.7791],[132.3873,33.7829],[132.3895,33.7825],[132.3927,33.7777]]],[[[132.0513,33.7721],[132.0466,33.7751],[132.049,33.7749],[132.0523,33.7791],[132.0536,33.7766],[132.0513,33.7721]]],[[[132.1338,33.7131],[132.1267,33.7177],[132.1276,33.7205],[132.1328,33.7269],[132.1429,33.7293],[132.1446,33.7371],[132.1407,33.7386],[132.139,33.7455],[132.1502,33.7638],[132.1462,33.7532],[132.151,33.7497],[132.146,33.737],[132.152,33.7289],[132.1487,33.7211],[132.1338,33.7131]]],[[[132.0229,33.7352],[132.0305,33.7401],[132.0292,33.7365],[132.0229,33.7352]]]]}},{"type":"Feature","properties":{"name":"福島県","id":7},"geometry":{"type":"MultiPolygon","coordinates":[[[[140.2801,37.9769],[140.2918,37.9712],[140.3025,37.9691],[140.3086,37.9642],[140.3149,37.9643],[140.3162,37.9586],[140.3287,37.9586],[140.3346,37.9519],[140.3362,37.9554],[140.3513,37.9505],[140.356,37.9528],[140.3543,37.9555],[140.3567,37.9583],[140.3652,37.9587],[140.3855,37.9531],[140.387,37.9675],[140.3968,37.9741],[140.4078,37.9735],[140.4096,37.9639],[140.4321,37.9544],[140.4449,37.9571],[140.4495,37.9511],[140.462,37.9525],[140.475,37.947],[140.4681,37.9377],[140.4696,37.9199],[140.4771,37.9071],[140.4882,37.8999],[140.4968,37.9003],[140.5046,37.9058],[140.5159,37.9037],[140.5176,37.9078],[140.5272,37.9077],[140.5321,37.9055],[140.5624,37.9114],[140.5637,37.9199],[140.5672,37.9228],[140.5847,37.9093],[140.5875,37.9097],[140.5921,37.9063],[140.6058,37.912],[140.6106,37.9119],[140.6122,37.9156],[140.6188,37.9127],[140.6251,37.9003],[140.6449,37.8958],[140.6485,37.8991],[140.6613,37.9007],[140.6671,37.8954],[140.6904,37.8883],[140.6906,37.8837],[140.6832,37.8798],[140.6831,37.8743],[140.6877,37.8713],[140.6866,37.8665],[140.6926,37.8589],[140.6919,37.8517],[140.6858,37.8469],[140.6871,37.8424],[140.6794,37.8365],[140.6846,37.8304],[140.6864,37.8149],[140.6914,37.8113],[140.6945,37.8035],[140.7071,37.8023],[140.7135,37.7995],[140.724,37.7909],[140.728,37.7817],[140.7414,37.788],[140.7459,37.7884],[140.7497,37.7855],[140.7623,37.7848],[140.7771,37.7813],[140.7929,37.7734],[140.7995,37.7765],[140.8026,37.7804],[140.7946,37.7819],[140.7863,37.7894],[140.7748,37.7942],[140.7718,37.7977],[140.7651,37.7964],[140.7663,37.7991],[140.7737,37.802],[140.7751,37.8065],[140.8114,37.7961],[140.8204,37.7989],[140.8318,37.7953],[140.8526,37.7958],[140.8574,37.8041],[140.8541,37.808],[140.8561,37.8139],[140.8585,37.8147],[140.854,37.8235],[140.8552,37.8295],[140.8527,37.8316],[140.8546,37.8346],[140.8545,37.8421],[140.8509,37.8513],[140.8564,37.8543],[140.862,37.8627],[140.8551,37.8749],[140.8606,37.8799],[140.8567,37.8848],[140.8591,37.8877],[140.8567,37.8913],[140.8991,37.9039],[140.9006,37.9037],[140.9013,37.8978],[140.916,37.8975],[140.92,37.8927],[140.9238,37.8927],[140.9257,37.8957],[140.9312,37.8963],[140.9364,37.8727],[140.9386,37.8737],[140.9395,37.8661],[140.9468,37.8537],[140.9499,37.8583],[140.9559,37.8597],[140.9568,37.857],[140.9495,37.8554],[140.9552,37.8435],[140.9536,37.8431],[140.9543,37.8409],[140.9593,37.8416],[140.9598,37.8401],[140.9553,37.8387],[140.9597,37.8316],[140.9618,37.8307],[140.9628,37.8323],[140.969,37.828],[140.9721,37.8309],[140.9759,37.8263],[140.9778,37.8292],[140.981,37.8253],[140.9866,37.8241],[140.987,37.7958],[140.9905,37.7694],[141.0005,37.7625],[141.0041,37.7532],[141.01,37.7448],[141.0124,37.7261],[141.0124,37.6872],[141.0175,37.6863],[141.0134,37.6848],[141.0162,37.6715],[141.0195,37.6711],[141.0225,37.6647],[141.0279,37.6671],[141.0276,37.6643],[141.0185,37.6625],[141.0243,37.6461],[141.023,37.6239],[141.0268,37.6051],[141.0256,37.5865],[141.0291,37.5482],[141.035,37.5139],[141.0388,37.5032],[141.0391,37.4913],[141.0433,37.4812],[141.0419,37.4811],[141.0369,37.4666],[141.0375,37.4472],[141.0354,37.4306],[141.0394,37.4249],[141.0349,37.4271],[141.0368,37.42],[141.0404,37.4218],[141.0351,37.4194],[141.0346,37.3858],[141.0373,37.3823],[141.0358,37.3683],[141.0391,37.3639],[141.0271,37.3365],[141.0258,37.3237],[141.0364,37.3192],[141.0277,37.3223],[141.0284,37.3148],[141.0298,37.3197],[141.0297,37.3147],[141.0368,37.3175],[141.0318,37.3135],[141.0256,37.3137],[141.0259,37.3048],[141.0129,37.2532],[141.0124,37.241],[141.0199,37.2404],[141.0211,37.2349],[141.0167,37.2343],[141.0166,37.23],[141.0225,37.2291],[141.0284,37.2377],[141.0227,37.2289],[141.0125,37.2289],[141.0063,37.2125],[140.9998,37.1699],[141.0013,37.1675],[141.0008,37.1558],[141.0035,37.1515],[141.0004,37.1507],[141.0053,37.1458],[141.0,37.1399],[140.9994,37.1109],[140.9909,37.1037],[140.9825,37.0865],[140.9731,37.0383],[140.9749,37.0132],[140.9788,37.0106],[140.9818,36.9949],[140.9736,36.9915],[140.9672,36.9793],[140.9695,36.9742],[140.9672,36.9709],[140.9602,36.9707],[140.9601,36.9677],[140.9531,36.9617],[140.9505,36.9615],[140.9512,36.9552],[140.9406,36.9549],[140.9264,36.9408],[140.9253,36.9365],[140.9207,36.9343],[140.9138,36.9369],[140.9137,36.9403],[140.9157,36.9401],[140.9078,36.9455],[140.9062,36.9414],[140.8963,36.9433],[140.8949,36.9391],[140.8896,36.937],[140.8866,36.9406],[140.8691,36.9316],[140.8746,36.928],[140.8715,36.9258],[140.8741,36.9238],[140.8718,36.9227],[140.867,36.9251],[140.8598,36.9204],[140.8541,36.9199],[140.841,36.9091],[140.8366,36.9113],[140.832,36.9103],[140.8292,36.9126],[140.8178,36.9087],[140.8014,36.894],[140.7909,36.8759],[140.7902,36.8601],[140.7936,36.8596],[140.7863,36.8563],[140.7861,36.8615],[140.7794,36.8666],[140.7728,36.8672],[140.7729,36.8659],[140.7693,36.8659],[140.7708,36.8627],[140.7652,36.8623],[140.7659,36.8673],[140.7647,36.8633],[140.7649,36.8667],[140.7637,36.8649],[140.7617,36.8659],[140.7603,36.8684],[140.7621,36.8703],[140.7586,36.8725],[140.759,36.8677],[140.7468,36.8715],[140.7415,36.8755],[140.7349,36.8725],[140.7258,36.8747],[140.7236,36.8715],[140.7182,36.8724],[140.7062,36.8785],[140.7057,36.8808],[140.6992,36.8837],[140.6955,36.8883],[140.6882,36.8888],[140.6811,36.8928],[140.657,36.8974],[140.6552,36.9007],[140.6478,36.901],[140.6374,36.8977],[140.6271,36.9025],[140.6164,36.9035],[140.6144,36.9084],[140.5934,36.9279],[140.594,36.9389],[140.5918,36.9383],[140.5863,36.9455],[140.5834,36.9433],[140.5763,36.9428],[140.574,36.9397],[140.5676,36.9369],[140.57,36.9324],[140.565,36.9129],[140.5716,36.9127],[140.5807,36.9046],[140.5814,36.8933],[140.5926,36.8813],[140.5919,36.8731],[140.589,36.8747],[140.5808,36.8673],[140.5758,36.8691],[140.5729,36.8652],[140.5619,36.8633],[140.5574,36.8603],[140.5394,36.8592],[140.5354,36.8525],[140.5293,36.8491],[140.5283,36.8407],[140.5198,36.8365],[140.5172,36.8279],[140.5116,36.8223],[140.5051,36.8233],[140.5022,36.8187],[140.4879,36.8182],[140.4898,36.8125],[140.4785,36.7977],[140.4637,36.7918],[140.462,36.797],[140.4581,36.7984],[140.4385,36.8216],[140.4317,36.8176],[140.422,36.8231],[140.4153,36.832],[140.4111,36.8306],[140.3955,36.8326],[140.3773,36.838],[140.3764,36.8458],[140.3711,36.8551],[140.3686,36.8654],[140.3718,36.8715],[140.3678,36.8807],[140.3631,36.8851],[140.3472,36.8853],[140.3257,36.8928],[140.3224,36.9053],[140.318,36.9129],[140.2941,36.9319],[140.2833,36.9353],[140.274,36.9307],[140.2643,36.9334],[140.2618,36.9377],[140.2573,36.9382],[140.2537,36.9411],[140.2432,36.9435],[140.2408,36.9499],[140.2468,36.9585],[140.2525,36.9628],[140.2523,36.9658],[140.2459,36.9712],[140.2439,36.9771],[140.25,36.9829],[140.2504,36.9886],[140.2453,36.9907],[140.2408,37.0005],[140.2453,37.0038],[140.2451,37.0098],[140.2517,37.0091],[140.2492,37.0261],[140.2246,37.0239],[140.2202,37.0188],[140.2046,37.024],[140.2006,37.0275],[140.1965,37.0354],[140.2002,37.047],[140.1908,37.0569],[140.1935,37.0584],[140.1941,37.0641],[140.1859,37.0687],[140.1736,37.0711],[140.1603,37.0802],[140.1533,37.0865],[140.1571,37.0904],[140.1498,37.0926],[140.1509,37.0945],[140.1378,37.1064],[140.1358,37.1043],[140.1302,37.1039],[140.1007,37.1227],[140.0957,37.1241],[140.0896,37.1217],[140.0638,37.1273],[140.0599,37.1256],[140.047,37.1355],[140.0354,37.1397],[140.0308,37.1392],[140.0228,37.1432],[140.0192,37.1403],[139.9921,37.1433],[139.9703,37.1487],[139.9637,37.1486],[139.9614,37.1535],[139.9549,37.155],[139.9245,37.1521],[139.9166,37.1479],[139.9091,37.1486],[139.9026,37.154],[139.8776,37.1463],[139.8664,37.1474],[139.8604,37.1407],[139.8538,37.1377],[139.8477,37.1395],[139.8393,37.1341],[139.831,37.1324],[139.8286,37.127],[139.8163,37.1182],[139.8162,37.1117],[139.8204,37.1095],[139.819,37.1005],[139.822,37.0855],[139.8097,37.0849],[139.7893,37.0903],[139.7786,37.0893],[139.7758,37.0917],[139.7634,37.0766],[139.7549,37.0744],[139.7529,37.0711],[139.7384,37.0726],[139.7312,37.0692],[139.72,37.0709],[139.7183,37.069],[139.71,37.0675],[139.7013,37.0602],[139.6928,37.0626],[139.6777,37.0575],[139.6735,37.0579],[139.6702,37.0472],[139.6651,37.0406],[139.6568,37.0417],[139.6523,37.0379],[139.6438,37.0361],[139.6387,37.0322],[139.6268,37.0336],[139.6237,37.0299],[139.625,37.0273],[139.6192,37.0173],[139.6113,37.0138],[139.6035,37.0157],[139.5972,37.0121],[139.5831,37.0154],[139.5774,37.0032],[139.5648,36.9971],[139.5583,36.9971],[139.5546,36.9927],[139.5487,36.9936],[139.5356,36.9811],[139.5256,36.9814],[139.5058,36.9712],[139.4947,36.9682],[139.4848,36.9751],[139.4599,36.9697],[139.4573,36.9561],[139.4527,36.9508],[139.4428,36.9477],[139.4358,36.9425],[139.4285,36.925],[139.4098,36.9272],[139.3989,36.9199],[139.3934,36.9109],[139.3841,36.9116],[139.3792,36.9155],[139.3718,36.9181],[139.3552,36.9165],[139.3495,36.9131],[139.3486,36.9199],[139.3453,36.9254],[139.3414,36.9279],[139.3342,36.9249],[139.3151,36.9269],[139.3047,36.9259],[139.295,36.9345],[139.2871,36.9344],[139.2836,36.9317],[139.2765,36.9337],[139.2665,36.9413],[139.2576,36.9341],[139.2415,36.9302],[139.2389,36.9343],[139.2311,36.9368],[139.2306,36.9407],[139.241,36.9415],[139.2437,36.9471],[139.2423,36.949],[139.2468,36.9562],[139.2496,36.9558],[139.2489,36.9609],[139.2514,36.9634],[139.2483,36.9667],[139.2481,36.9705],[139.2524,36.9751],[139.2474,36.981],[139.2519,36.9835],[139.2551,36.9895],[139.2513,37.0032],[139.2443,37.0146],[139.2487,37.0307],[139.2532,37.0342],[139.253,37.0394],[139.2588,37.0429],[139.2601,37.0471],[139.2539,37.0629],[139.2468,37.0721],[139.249,37.0796],[139.2395,37.0893],[139.2404,37.0926],[139.2368,37.0999],[139.2361,37.1162],[139.2436,37.1278],[139.2468,37.147],[139.2528,37.1597],[139.2505,37.1635],[139.2534,37.1648],[139.2468,37.1663],[139.2473,37.1699],[139.2437,37.1702],[139.2448,37.1774],[139.2413,37.1861],[139.226,37.1981],[139.2266,37.2029],[139.2225,37.2045],[139.2212,37.209],[139.2179,37.2097],[139.2139,37.2017],[139.2064,37.1952],[139.1966,37.1942],[139.1949,37.2031],[139.1673,37.232],[139.1648,37.238],[139.1747,37.2565],[139.178,37.2575],[139.2049,37.2832],[139.2119,37.286],[139.2169,37.3037],[139.2168,37.3101],[139.2242,37.3197],[139.2178,37.3343],[139.2277,37.3429],[139.2336,37.3439],[139.2338,37.3566],[139.2371,37.368],[139.2366,37.3766],[139.232,37.3801],[139.2317,37.3877],[139.2276,37.3888],[139.2279,37.3905],[139.2236,37.393],[139.2159,37.3916],[139.2098,37.3946],[139.2048,37.4063],[139.1972,37.4109],[139.2083,37.4169],[139.2074,37.4278],[139.2161,37.443],[139.2231,37.449],[139.2349,37.445],[139.2524,37.4525],[139.2547,37.4521],[139.2581,37.4472],[139.278,37.4531],[139.2813,37.4503],[139.2852,37.4511],[139.3054,37.4591],[139.3108,37.4559],[139.3261,37.4625],[139.333,37.4584],[139.3458,37.4605],[139.3515,37.4679],[139.3623,37.4701],[139.3718,37.4651],[139.3976,37.4601],[139.4062,37.466],[139.4047,37.4733],[139.4098,37.4835],[139.4079,37.4861],[139.4079,37.4921],[139.4137,37.4967],[139.4107,37.5032],[139.4143,37.5095],[139.4273,37.5113],[139.4285,37.5144],[139.4377,37.5139],[139.4568,37.5181],[139.4754,37.5031],[139.478,37.5032],[139.4848,37.5097],[139.4968,37.5128],[139.5137,37.5089],[139.5212,37.5144],[139.5431,37.5123],[139.5643,37.5023],[139.5852,37.5131],[139.5906,37.528],[139.5806,37.5298],[139.5711,37.5387],[139.5715,37.5424],[139.5661,37.5461],[139.5694,37.5501],[139.5678,37.5611],[139.5714,37.5681],[139.5713,37.5769],[139.5656,37.5865],[139.5651,37.5976],[139.5608,37.6013],[139.5546,37.6026],[139.5488,37.6113],[139.5522,37.6185],[139.5502,37.6196],[139.5468,37.6279],[139.5495,37.6358],[139.5547,37.6419],[139.5494,37.6488],[139.5631,37.654],[139.5697,37.6541],[139.5825,37.6615],[139.5886,37.6674],[139.5936,37.6655],[139.601,37.6699],[139.6072,37.6817],[139.615,37.6875],[139.6273,37.6885],[139.6272,37.6933],[139.6218,37.7001],[139.6243,37.7098],[139.6324,37.7163],[139.6316,37.7193],[139.6378,37.7213],[139.6428,37.7275],[139.6497,37.7301],[139.6583,37.7439],[139.6579,37.7547],[139.6659,37.7569],[139.6685,37.7623],[139.6805,37.7751],[139.6943,37.7842],[139.7046,37.7955],[139.7128,37.799],[139.721,37.8084],[139.7415,37.8179],[139.7369,37.8269],[139.7238,37.8371],[139.717,37.8464],[139.7157,37.8517],[139.7114,37.8545],[139.6983,37.8489],[139.6811,37.8472],[139.698,37.8499],[139.7075,37.8562],[139.7164,37.8538],[139.7177,37.8467],[139.7253,37.8365],[139.7375,37.8271],[139.7422,37.8207],[139.7836,37.8319],[139.7957,37.8175],[139.8031,37.8148],[139.8055,37.8055],[139.8102,37.8035],[139.8247,37.8136],[139.827,37.8123],[139.8335,37.8159],[139.8384,37.815],[139.8585,37.827],[139.8742,37.8167],[139.8767,37.8173],[139.8772,37.8125],[139.8805,37.8103],[139.8859,37.8099],[139.8998,37.8112],[139.9072,37.8155],[139.9256,37.8139],[139.9303,37.8233],[139.9284,37.8279],[139.9326,37.8299],[139.9374,37.8285],[139.9426,37.8213],[139.9585,37.8141],[139.9622,37.8035],[139.9599,37.797],[139.969,37.7877],[139.9682,37.7832],[139.9789,37.773],[139.9782,37.7665],[139.9927,37.7589],[139.9995,37.7611],[140.0023,37.7597],[140.0108,37.7636],[140.02,37.7626],[140.0318,37.7691],[140.0354,37.7676],[140.0494,37.7793],[140.0527,37.7789],[140.0539,37.771],[140.0603,37.7707],[140.0662,37.7659],[140.0692,37.7581],[140.0809,37.7566],[140.0869,37.7582],[140.0999,37.7405],[140.1042,37.7375],[140.1079,37.7381],[140.1175,37.7346],[140.1284,37.735],[140.1352,37.7389],[140.1406,37.7389],[140.1471,37.7528],[140.167,37.7573],[140.1971,37.7532],[140.2057,37.7481],[140.2213,37.7461],[140.2373,37.7467],[140.2402,37.7532],[140.2637,37.7745],[140.2665,37.7794],[140.2771,37.7827],[140.2781,37.7881],[140.2828,37.7935],[140.2835,37.799],[140.2899,37.8013],[140.2988,37.809],[140.2913,37.8154],[140.2871,37.8148],[140.2692,37.825],[140.2627,37.8355],[140.265,37.8394],[140.2625,37.8413],[140.2674,37.8481],[140.266,37.8628],[140.2701,37.8672],[140.2696,37.8741],[140.2652,37.8811],[140.2653,37.8865],[140.2703,37.8915],[140.265,37.9065],[140.266,37.9131],[140.2673,37.9179],[140.272,37.9199],[140.2768,37.9273],[140.2811,37.9418],[140.2755,37.9476],[140.2781,37.9531],[140.2753,37.9572],[140.2734,37.9571],[140.2724,37.9689],[140.2801,37.9769]]]]}},{"type":"Feature","properties":{"name":"石川県","id":17},"geometry":{"type":"MultiPolygon","coordinates":[[[[136.9138,37.8447],[136.9123,37.848],[136.9169,37.8539],[136.9232,37.8554],[136.9244,37.8521],[136.9186,37.8499],[136.9193,37.848],[136.9138,37.8447]]],[[[136.9019,37.6089],[136.8951,37.6098],[136.8988,37.6127],[136.9013,37.6115],[136.9019,37.6089]]],[[[137.0857,37.4663],[137.0924,37.4727],[137.0906,37.4765],[137.0939,37.4771],[137.0936,37.4791],[137.1045,37.4802],[137.1088,37.4851],[137.1218,37.4913],[137.146,37.4996],[137.1688,37.5031],[137.1775,37.5001],[137.2015,37.5082],[137.2077,37.5061],[137.2179,37.5104],[137.2196,37.5159],[137.2221,37.5148],[137.2264,37.5176],[137.2331,37.5168],[137.2359,37.5213],[137.2418,37.5195],[137.2468,37.5221],[137.2468,37.5258],[137.2491,37.525],[137.2632,37.5313],[137.2653,37.5286],[137.2768,37.5335],[137.2762,37.5314],[137.282,37.5273],[137.2886,37.5301],[137.296,37.5265],[137.3275,37.5296],[137.3263,37.5261],[137.3291,37.5195],[137.3449,37.5157],[137.3436,37.5114],[137.351,37.5032],[137.3495,37.4983],[137.3444,37.4946],[137.3397,37.4867],[137.3441,37.4768],[137.3563,37.4669],[137.3605,37.4518],[137.353,37.4459],[137.3404,37.4411],[137.3137,37.4387],[137.3107,37.4367],[137.3027,37.4424],[137.2898,37.4426],[137.2675,37.4373],[137.2662,37.4331],[137.2664,37.4349],[137.2643,37.4351],[137.2602,37.4319],[137.2592,37.4332],[137.2568,37.4318],[137.2482,37.4199],[137.2449,37.4113],[137.2444,37.3983],[137.2374,37.3895],[137.2388,37.3735],[137.2456,37.3687],[137.2427,37.3661],[137.2468,37.3566],[137.252,37.3531],[137.2655,37.3579],[137.2672,37.3561],[137.2617,37.3457],[137.2558,37.3443],[137.2525,37.3407],[137.2543,37.3387],[137.2643,37.3411],[137.2676,37.3365],[137.2616,37.3299],[137.2646,37.3277],[137.252,37.3181],[137.2468,37.3075],[137.2401,37.3034],[137.235,37.3104],[137.2315,37.3111],[137.2316,37.3082],[137.2345,37.3062],[137.2291,37.3059],[137.2296,37.3041],[137.2361,37.3023],[137.2337,37.2999],[137.2284,37.3009],[137.2344,37.298],[137.2218,37.2939],[137.2228,37.2964],[137.2154,37.2981],[137.2146,37.2964],[137.2074,37.2963],[137.2089,37.3016],[137.2041,37.3019],[137.1946,37.2984],[137.1916,37.3011],[137.1729,37.3003],[137.1639,37.3048],[137.1626,37.3011],[137.1647,37.2996],[137.1587,37.3],[137.153,37.3067],[137.1509,37.3069],[137.1529,37.2985],[137.1506,37.2989],[137.15,37.2967],[137.1529,37.2953],[137.1452,37.2969],[137.1443,37.2992],[137.1302,37.2919],[137.1176,37.2891],[137.1081,37.2817],[137.0989,37.2791],[137.0941,37.2647],[137.091,37.2625],[137.094,37.2571],[137.087,37.2532],[137.0832,37.2485],[137.0768,37.2457],[137.0667,37.2286],[137.0688,37.2181],[137.0603,37.2132],[137.0573,37.2089],[137.0528,37.2109],[137.0254,37.2049],[137.0313,37.2026],[137.0283,37.1997],[137.0327,37.1985],[137.0335,37.1957],[137.0292,37.1951],[137.025,37.1878],[137.0172,37.1903],[137.0151,37.1863],[137.0105,37.1835],[137.007,37.1837],[136.9911,37.1999],[136.9877,37.1991],[136.9818,37.2054],[136.9812,37.2015],[136.9701,37.2017],[136.9698,37.2063],[136.9681,37.2059],[136.9669,37.2089],[136.9658,37.2041],[136.9576,37.2086],[136.9586,37.213],[136.956,37.2165],[136.9534,37.2157],[136.9545,37.2188],[136.9524,37.2204],[136.946,37.2163],[136.9553,37.2278],[136.9663,37.2335],[136.9639,37.2354],[136.96,37.2367],[136.9442,37.2323],[136.9482,37.2312],[136.9433,37.2247],[136.9413,37.2291],[136.9387,37.2263],[136.9372,37.2301],[136.933,37.2298],[136.9337,37.2326],[136.9282,37.2302],[136.9249,37.2335],[136.923,37.2297],[136.9335,37.2237],[136.9319,37.2207],[136.918,37.2214],[136.9159,37.2275],[136.9064,37.2179],[136.9154,37.2183],[136.915,37.2138],[136.9225,37.2148],[136.9219,37.2119],[136.9293,37.2066],[136.9261,37.1992],[136.9245,37.2055],[136.9176,37.2041],[136.9155,37.2005],[136.9071,37.2035],[136.9117,37.1934],[136.9073,37.1921],[136.9044,37.1857],[136.9003,37.1842],[136.902,37.1838],[136.8895,37.1699],[136.8893,37.1666],[136.8851,37.1649],[136.8787,37.1512],[136.8795,37.1484],[136.8728,37.1447],[136.8751,37.1447],[136.8752,37.1415],[136.8794,37.1356],[136.8811,37.1403],[136.8854,37.14],[136.8839,37.1425],[136.8852,37.1437],[136.8897,37.1441],[136.8959,37.1375],[136.8996,37.1375],[136.8927,37.1113],[136.8907,37.1107],[136.8835,37.1152],[136.8805,37.1101],[136.8734,37.1143],[136.859,37.1063],[136.8658,37.1026],[136.8667,37.0931],[136.8713,37.0865],[136.8684,37.0865],[136.8594,37.081],[136.8585,37.0727],[136.8626,37.0711],[136.8645,37.0745],[136.8816,37.0685],[136.8877,37.0686],[136.8892,37.0737],[136.8983,37.0721],[136.9035,37.0773],[136.9058,37.0773],[136.9041,37.0819],[136.9051,37.0865],[136.911,37.0908],[136.9246,37.0881],[136.9267,37.0861],[136.9355,37.0865],[136.9436,37.0838],[136.9363,37.0793],[136.936,37.0743],[136.94,37.0681],[136.9623,37.0675],[136.9582,37.0589],[136.9563,37.0598],[136.9555,37.0573],[136.9602,37.0549],[136.9602,37.0516],[136.9626,37.0533],[136.9709,37.0477],[136.9749,37.0479],[136.976,37.0534],[136.9776,37.0511],[136.98,37.0525],[136.9797,37.0506],[136.9833,37.0502],[136.9805,37.0484],[136.9915,37.0527],[136.9934,37.0517],[136.9939,37.0567],[136.9912,37.058],[136.9946,37.0598],[136.9998,37.0555],[137.0041,37.0574],[137.0068,37.0621],[137.0039,37.0639],[137.0047,37.0681],[137.0087,37.0723],[137.0108,37.0717],[137.0114,37.0737],[137.01,37.0803],[137.0136,37.0907],[137.0299,37.1071],[137.0342,37.1036],[137.0418,37.1076],[137.0574,37.1081],[137.0564,37.1039],[137.0519,37.1045],[137.0493,37.0989],[137.052,37.0953],[137.0504,37.0833],[137.0531,37.0724],[137.0466,37.0391],[137.0509,37.0215],[137.0468,37.012],[137.0471,37.0032],[137.0537,36.9952],[137.0493,36.9874],[137.0502,36.9781],[137.0565,36.9681],[137.0516,36.9595],[137.0373,36.9673],[137.0255,36.963],[137.004,36.9617],[136.9968,36.9665],[136.9858,36.9667],[136.9801,36.9507],[136.9725,36.9446],[136.9694,36.9479],[136.9637,36.9487],[136.9534,36.9563],[136.9307,36.9506],[136.9142,36.9305],[136.8954,36.9249],[136.8928,36.9199],[136.8872,36.9167],[136.8793,36.9068],[136.8785,36.8964],[136.8815,36.8881],[136.8851,36.885],[136.8818,36.8811],[136.8813,36.8752],[136.8695,36.8621],[136.8621,36.8605],[136.8614,36.8545],[136.8668,36.8509],[136.8617,36.8476],[136.8626,36.8425],[136.8562,36.8401],[136.8592,36.8284],[136.8487,36.8124],[136.8504,36.8015],[136.8537,36.7943],[136.8506,36.7869],[136.843,36.7819],[136.8522,36.7697],[136.8473,36.7578],[136.8377,36.7449],[136.825,36.7422],[136.8218,36.7396],[136.8193,36.7307],[136.8056,36.7287],[136.7961,36.7299],[136.7919,36.7203],[136.7891,36.7185],[136.8151,36.6999],[136.8116,36.6927],[136.8108,36.6852],[136.8161,36.6856],[136.821,36.6827],[136.8214,36.6741],[136.8235,36.6699],[136.8072,36.6541],[136.809,36.6519],[136.8057,36.6473],[136.8023,36.6475],[136.7997,36.6437],[136.7988,36.6358],[136.793,36.6311],[136.7858,36.6297],[136.7836,36.6147],[136.7893,36.6055],[136.7892,36.5926],[136.7938,36.5891],[136.7944,36.5865],[136.7918,36.569],[136.8011,36.5696],[136.8169,36.5521],[136.8095,36.5331],[136.8011,36.5208],[136.7996,36.5212],[136.7947,36.5081],[136.796,36.5032],[136.7945,36.4975],[136.7976,36.4925],[136.8023,36.4903],[136.8012,36.4839],[136.7955,36.4731],[136.7978,36.4681],[136.7957,36.4637],[136.7975,36.4612],[136.788,36.4529],[136.7905,36.4471],[136.7964,36.4445],[136.7774,36.4313],[136.7734,36.4328],[136.7689,36.4297],[136.7688,36.4234],[136.7711,36.4225],[136.7703,36.4145],[136.7787,36.4145],[136.7953,36.3999],[136.8013,36.3685],[136.8062,36.3634],[136.8073,36.3585],[136.7904,36.3482],[136.7873,36.3489],[136.7841,36.3422],[136.7857,36.3365],[136.7836,36.329],[136.79,36.3218],[136.789,36.3138],[136.7921,36.2991],[136.7951,36.2938],[136.8053,36.2848],[136.8056,36.2768],[136.8131,36.2713],[136.8145,36.2663],[136.8326,36.2661],[136.8343,36.2637],[136.8432,36.2599],[136.8515,36.2484],[136.8468,36.2445],[136.8314,36.2187],[136.8199,36.2084],[136.822,36.2012],[136.8178,36.201],[136.8022,36.1877],[136.7984,36.1728],[136.7869,36.1665],[136.7682,36.1643],[136.7657,36.1611],[136.7724,36.1581],[136.7716,36.1555],[136.7753,36.1502],[136.7756,36.145],[136.7796,36.1423],[136.7788,36.1336],[136.7779,36.1305],[136.7721,36.1259],[136.7702,36.1164],[136.7648,36.1057],[136.757,36.0999],[136.7542,36.0865],[136.7468,36.0855],[136.739,36.0807],[136.7159,36.0819],[136.6925,36.072],[136.6815,36.0711],[136.6745,36.0677],[136.6709,36.0692],[136.6637,36.0676],[136.6582,36.0697],[136.6552,36.0757],[136.6567,36.083],[136.653,36.0865],[136.6514,36.0913],[136.6218,36.1065],[136.6172,36.1067],[136.6122,36.1116],[136.6122,36.1154],[136.6055,36.1204],[136.603,36.1278],[136.5961,36.1315],[136.5885,36.1325],[136.5738,36.143],[136.5634,36.1447],[136.5602,36.152],[136.5516,36.155],[136.5416,36.1537],[136.5329,36.1482],[136.5217,36.1513],[136.5122,36.147],[136.5068,36.1467],[136.5036,36.1494],[136.4968,36.1498],[136.4915,36.1584],[136.4894,36.159],[136.4839,36.1573],[136.4642,36.1383],[136.4565,36.1364],[136.4486,36.1407],[136.4401,36.1374],[136.4384,36.1413],[136.4317,36.1435],[136.4244,36.1537],[136.416,36.1557],[136.4123,36.1599],[136.4114,36.1699],[136.4092,36.1719],[136.3897,36.1675],[136.3685,36.1699],[136.3665,36.1671],[136.3595,36.1655],[136.344,36.1729],[136.3357,36.1846],[136.3367,36.1909],[136.329,36.2021],[136.3281,36.2077],[136.3304,36.2167],[136.3284,36.2215],[136.3318,36.2293],[136.3191,36.2337],[136.3157,36.2371],[136.3172,36.2406],[136.315,36.2453],[136.3093,36.2471],[136.3002,36.2584],[136.2856,36.2617],[136.2828,36.2657],[136.2661,36.2657],[136.2679,36.2695],[136.2635,36.2691],[136.2617,36.2725],[136.2638,36.2751],[136.2617,36.2763],[136.2633,36.2777],[136.2623,36.2797],[136.2569,36.2795],[136.2578,36.2889],[136.2437,36.2956],[136.2708,36.3155],[136.2781,36.3241],[136.2791,36.3294],[136.2876,36.3365],[136.291,36.3442],[136.2993,36.3519],[136.3137,36.353],[136.3271,36.3568],[136.3479,36.3671],[136.3718,36.3839],[136.4158,36.4199],[136.477,36.4869],[136.5002,36.5087],[136.5745,36.5865],[136.5877,36.6045],[136.6076,36.6246],[136.6032,36.6283],[136.6131,36.6391],[136.6171,36.6368],[136.6218,36.6399],[136.6691,36.7013],[136.7241,36.7901],[136.7522,36.8493],[136.7667,36.9021],[136.7652,36.9199],[136.7603,36.9235],[136.7572,36.9217],[136.7577,36.9242],[136.7509,36.9253],[136.7487,36.9309],[136.7609,36.9435],[136.7602,36.9488],[136.7554,36.9514],[136.7629,36.953],[136.7682,36.9639],[136.7702,36.9815],[136.7656,36.9865],[136.7696,36.9923],[136.7674,37.0016],[136.7548,37.0069],[136.7511,37.0105],[136.7434,37.0123],[136.7429,37.0235],[136.7461,37.0301],[136.7392,37.0327],[136.742,37.0342],[136.7366,37.0407],[136.7338,37.0415],[136.7334,37.0492],[136.731,37.0483],[136.7291,37.0511],[136.7268,37.0506],[136.7226,37.0557],[136.718,37.0781],[136.7229,37.0837],[136.7263,37.0832],[136.7251,37.0845],[136.7271,37.0856],[136.7212,37.0865],[136.7294,37.0983],[136.726,37.1023],[136.7289,37.1046],[136.7253,37.1155],[136.7284,37.1257],[136.727,37.1339],[136.721,37.1423],[136.7099,37.1492],[136.7006,37.1497],[136.698,37.1439],[136.6996,37.1435],[136.6845,37.1359],[136.6851,37.1402],[136.6838,37.1407],[136.6764,37.1384],[136.6716,37.1429],[136.6701,37.1491],[136.6762,37.1655],[136.6735,37.1699],[136.6761,37.1779],[136.6758,37.1887],[136.6798,37.1914],[136.6821,37.1958],[136.678,37.1995],[136.682,37.2019],[136.68,37.2064],[136.6852,37.2112],[136.6873,37.2111],[136.689,37.215],[136.6926,37.2153],[136.6962,37.2198],[136.6952,37.2232],[136.7004,37.2231],[136.7045,37.2303],[136.7003,37.2375],[136.7,37.2423],[136.7063,37.2485],[136.7112,37.2483],[136.7212,37.2569],[136.7349,37.2862],[136.7318,37.2926],[136.7249,37.2939],[136.7271,37.3064],[136.7234,37.3075],[136.724,37.3161],[136.7216,37.3213],[136.7249,37.3275],[136.737,37.3365],[136.7389,37.3397],[136.7378,37.348],[136.7455,37.3428],[136.7511,37.3449],[136.7568,37.3524],[136.7515,37.3573],[136.756,37.3643],[136.7751,37.3671],[136.7773,37.3707],[136.7815,37.3685],[136.7835,37.3721],[136.7905,37.3745],[136.7919,37.3778],[136.7977,37.3779],[136.8006,37.376],[136.8056,37.3824],[136.8091,37.3823],[136.811,37.386],[136.8295,37.3899],[136.8425,37.4004],[136.8482,37.4021],[136.851,37.4007],[136.8521,37.4027],[136.8571,37.4026],[136.8718,37.4076],[136.8895,37.4019],[136.8944,37.4021],[136.8971,37.4069],[136.9022,37.4047],[136.8987,37.4022],[136.9032,37.3979],[136.9094,37.3953],[136.9243,37.3953],[136.9656,37.4127],[136.9748,37.4139],[136.9821,37.4199],[137.017,37.4332],[137.0291,37.433],[137.0454,37.4449],[137.0458,37.4503],[137.0538,37.4493],[137.0708,37.4548],[137.0741,37.4591],[137.0857,37.4663]]],[[[136.9464,37.0915],[136.9448,37.0933],[136.9462,37.099],[136.938,37.1161],[136.932,37.1217],[136.921,37.1244],[136.915,37.1334],[136.9069,37.1334],[136.9062,37.1387],[136.9026,37.1403],[136.9053,37.1469],[136.9031,37.1455],[136.9013,37.152],[136.906,37.1541],[136.9076,37.15],[136.9102,37.1519],[136.9104,37.1549],[136.9152,37.1534],[136.9155,37.1507],[136.9262,37.1447],[136.9235,37.142],[136.9225,37.1335],[136.9242,37.1309],[136.9252,37.1337],[136.9274,37.1325],[136.9312,37.1347],[136.9322,37.1403],[136.9349,37.1378],[136.9386,37.1401],[136.9408,37.1464],[136.9433,37.1464],[136.9441,37.1413],[136.9485,37.139],[136.9515,37.1443],[136.962,37.1431],[136.9625,37.1464],[136.9685,37.1451],[136.9757,37.1403],[136.9772,37.142],[136.9676,37.1475],[136.967,37.1551],[136.9704,37.1543],[136.9776,37.1475],[136.9862,37.1512],[136.9885,37.1427],[136.9925,37.1399],[136.9995,37.1393],[137.0,37.1355],[137.0068,37.1363],[137.0081,37.1425],[137.0136,37.1411],[137.014,37.1439],[137.0202,37.1427],[137.023,37.1441],[137.0254,37.1585],[137.0355,37.168],[137.0392,37.168],[137.0443,37.1639],[137.0444,37.1609],[137.0539,37.1497],[137.0469,37.1479],[137.0408,37.1397],[137.0444,37.1321],[137.0488,37.1305],[137.0496,37.1259],[137.0473,37.126],[137.0498,37.1234],[137.0402,37.1175],[137.027,37.1168],[137.0225,37.1115],[137.0195,37.1145],[137.012,37.1127],[137.0126,37.1175],[137.0081,37.1159],[137.0069,37.1207],[137.0044,37.1195],[137.0054,37.1125],[137.0007,37.1155],[137.0009,37.1185],[136.9968,37.1197],[136.9812,37.1078],[136.9758,37.0977],[136.9734,37.0993],[136.9705,37.0981],[136.9652,37.1048],[136.9508,37.0971],[136.9464,37.0915]]],[[[136.8923,37.102],[136.8906,37.1031],[136.8904,37.1089],[136.8917,37.1089],[136.8923,37.102]]]]}},{"type":"Feature","properties":{"name":"福井県","id":18},"geometry":{"type":"MultiPolygon","coordinates":[[[[136.2437,36.2956],[136.2578,36.2889],[136.2569,36.2795],[136.2623,36.2797],[136.2633,36.2777],[136.2617,36.2763],[136.2638,36.2751],[136.2617,36.2725],[136.2635,36.2691],[136.2679,36.2695],[136.2661,36.2657],[136.2828,36.2657],[136.2856,36.2617],[136.3002,36.2584],[136.3093,36.2471],[136.315,36.2453],[136.3172,36.2406],[136.3157,36.2371],[136.3191,36.2337],[136.3318,36.2293],[136.3284,36.2215],[136.3304,36.2167],[136.3281,36.2077],[136.329,36.2021],[136.3367,36.1909],[136.3357,36.1846],[136.344,36.1729],[136.3595,36.1655],[136.3665,36.1671],[136.3685,36.1699],[136.3897,36.1675],[136.4092,36.1719],[136.4114,36.1699],[136.4123,36.1599],[136.416,36.1557],[136.4244,36.1537],[136.4317,36.1435],[136.4384,36.1413],[136.4401,36.1374],[136.4486,36.1407],[136.4565,36.1364],[136.4642,36.1383],[136.4839,36.1573],[136.4894,36.159],[136.4915,36.1584],[136.4968,36.1498],[136.5036,36.1494],[136.5068,36.1467],[136.5122,36.147],[136.5217,36.1513],[136.5329,36.1482],[136.5416,36.1537],[136.5516,36.155],[136.5602,36.152],[136.5634,36.1447],[136.5738,36.143],[136.5885,36.1325],[136.5961,36.1315],[136.603,36.1278],[136.6055,36.1204],[136.6122,36.1154],[136.6122,36.1116],[136.6172,36.1067],[136.6218,36.1065],[136.6514,36.0913],[136.653,36.0865],[136.6567,36.083],[136.6552,36.0757],[136.6582,36.0697],[136.6637,36.0676],[136.6709,36.0692],[136.6745,36.0677],[136.6815,36.0711],[136.6925,36.072],[136.7159,36.0819],[136.739,36.0807],[136.7468,36.0855],[136.754,36.0864],[136.7626,36.0753],[136.7638,36.0677],[136.7398,36.0571],[136.7403,36.0549],[136.733,36.0493],[136.7355,36.0402],[136.7339,36.0219],[136.7289,36.0097],[136.729,36.0032],[136.7264,35.9959],[136.7507,35.9904],[136.7531,35.9691],[136.7501,35.9669],[136.7495,35.9613],[136.7535,35.9563],[136.7691,35.951],[136.7763,35.9513],[136.7915,35.9467],[136.7933,35.9429],[136.7846,35.929],[136.7844,35.9244],[136.7901,35.921],[136.7992,35.9199],[136.8054,35.9132],[136.8116,35.9125],[136.8221,35.8962],[136.8225,35.8882],[136.8191,35.8819],[136.8259,35.8723],[136.832,35.8581],[136.8284,35.8489],[136.8263,35.8465],[136.816,35.8428],[136.8026,35.8439],[136.7996,35.8365],[136.7982,35.8213],[136.7943,35.808],[136.7891,35.7995],[136.775,35.7993],[136.7739,35.806],[136.7645,35.8103],[136.7572,35.8097],[136.7414,35.8013],[136.7358,35.8051],[136.7233,35.8082],[136.7204,35.8005],[136.7102,35.7929],[136.706,35.7919],[136.6993,35.7943],[136.6911,35.7903],[136.6834,35.7896],[136.6769,35.793],[136.6722,35.7917],[136.6658,35.7852],[136.66,35.7835],[136.6544,35.7857],[136.6526,35.7967],[136.6449,35.8069],[136.6382,35.7985],[136.6327,35.7959],[136.6263,35.797],[136.6272,35.7916],[136.6218,35.7869],[136.6124,35.7888],[136.5996,35.7986],[136.5956,35.7958],[136.5897,35.7956],[136.5858,35.7915],[136.5854,35.785],[136.5709,35.7776],[136.5525,35.7807],[136.5461,35.7793],[136.5375,35.7811],[136.5233,35.7883],[136.5126,35.7731],[136.5134,35.7624],[136.5087,35.7576],[136.5057,35.7504],[136.5014,35.7532],[136.4968,35.7608],[136.4968,35.7641],[136.4864,35.7727],[136.4854,35.776],[136.4692,35.7731],[136.4586,35.7791],[136.4456,35.7731],[136.4427,35.7747],[136.4331,35.7747],[136.4156,35.7825],[136.4092,35.7805],[136.4049,35.7829],[136.4002,35.789],[136.3902,35.7881],[136.3889,35.7911],[136.3775,35.7952],[136.3567,35.7869],[136.3467,35.7769],[136.3362,35.7745],[136.3357,35.7761],[136.3283,35.7751],[136.3219,35.7659],[136.3189,35.7491],[136.3245,35.743],[136.3257,35.7327],[136.3245,35.7271],[136.3207,35.7235],[136.3236,35.7169],[136.3114,35.7119],[136.3105,35.7063],[136.2979,35.6929],[136.2916,35.6908],[136.2917,35.6851],[136.2986,35.6777],[136.2902,35.6725],[136.2886,35.6699],[136.2903,35.6671],[136.2806,35.6587],[136.2804,35.6611],[136.2647,35.6705],[136.2582,35.6713],[136.2505,35.676],[136.245,35.674],[136.232,35.6826],[136.2273,35.6805],[136.2182,35.6845],[136.2127,35.6822],[136.2088,35.6867],[136.1993,35.6895],[136.1911,35.7013],[136.185,35.7037],[136.1812,35.7017],[136.1746,35.7035],[136.1715,35.7018],[136.168,35.7028],[136.1632,35.6962],[136.1571,35.7002],[136.15,35.6978],[136.147,35.6873],[136.1342,35.6699],[136.1358,35.666],[136.1477,35.6625],[136.1522,35.6508],[136.1509,35.6497],[136.1584,35.6354],[136.1598,35.6264],[136.1659,35.6188],[136.1767,35.5961],[136.1668,35.5835],[136.1693,35.5769],[136.1685,35.5655],[136.1632,35.5707],[136.1524,35.5727],[136.1452,35.5706],[136.1395,35.575],[136.1218,35.5762],[136.1178,35.5775],[136.1167,35.5816],[136.1133,35.5829],[136.1123,35.5755],[136.1086,35.5691],[136.1101,35.5613],[136.1061,35.5566],[136.1087,35.5459],[136.1051,35.5288],[136.0935,35.5371],[136.0831,35.5404],[136.0778,35.5353],[136.0773,35.5318],[136.0699,35.5266],[136.0491,35.5346],[136.046,35.5303],[136.0402,35.5323],[136.0261,35.5296],[136.028,35.5241],[136.0201,35.5123],[136.0157,35.5123],[136.0108,35.4987],[136.0059,35.4916],[135.9907,35.4925],[135.9815,35.4868],[135.9684,35.5024],[135.9634,35.5015],[135.9575,35.5057],[135.9535,35.5057],[135.9465,35.5207],[135.9398,35.5204],[135.93,35.4929],[135.9241,35.4895],[135.9213,35.4768],[135.9177,35.4739],[135.9164,35.4696],[135.9143,35.4525],[135.9101,35.4478],[135.9137,35.4388],[135.9131,35.4314],[135.9041,35.4297],[135.8927,35.4199],[135.8904,35.4038],[135.8738,35.3971],[135.8616,35.3951],[135.8544,35.4004],[135.8549,35.407],[135.8528,35.4115],[135.8508,35.4106],[135.8393,35.4141],[135.8355,35.412],[135.8274,35.4143],[135.8151,35.4131],[135.812,35.4117],[135.8071,35.3853],[135.7905,35.3867],[135.7907,35.3793],[135.7788,35.3725],[135.7761,35.3655],[135.7684,35.3561],[135.7642,35.3565],[135.7595,35.3535],[135.7455,35.3585],[135.7408,35.3583],[135.7407,35.3556],[135.7362,35.3512],[135.7251,35.352],[135.7185,35.3553],[135.7007,35.3437],[135.675,35.3507],[135.6684,35.3566],[135.6614,35.3563],[135.6419,35.3668],[135.6372,35.3641],[135.6218,35.3697],[135.6145,35.371],[135.611,35.3675],[135.607,35.3708],[135.5958,35.3727],[135.5877,35.3683],[135.5797,35.3742],[135.5688,35.3753],[135.5656,35.3773],[135.534,35.3775],[135.5285,35.3797],[135.5264,35.3855],[135.53,35.3915],[135.5301,35.3957],[135.5248,35.4023],[135.5288,35.4109],[135.5253,35.4207],[135.5112,35.4243],[135.5029,35.4205],[135.4958,35.4251],[135.4968,35.4314],[135.4995,35.4324],[135.4968,35.4377],[135.4886,35.4387],[135.4857,35.4486],[135.4816,35.4485],[135.4699,35.4545],[135.4591,35.4675],[135.4588,35.4725],[135.4711,35.4896],[135.4754,35.4891],[135.4724,35.5003],[135.4743,35.507],[135.4675,35.5093],[135.449,35.5235],[135.4599,35.5472],[135.4646,35.5509],[135.4865,35.558],[135.478,35.5494],[135.4781,35.5427],[135.4755,35.5431],[135.4685,35.5299],[135.4727,35.5319],[135.4728,35.5294],[135.4793,35.5351],[135.4832,35.5339],[135.478,35.5263],[135.4801,35.5223],[135.486,35.5224],[135.4897,35.5303],[135.4927,35.5292],[135.4921,35.5241],[135.4935,35.5225],[135.4968,35.5251],[135.4969,35.5236],[135.5012,35.5238],[135.5029,35.5307],[135.5073,35.5351],[135.5091,35.5347],[135.5087,35.5369],[135.5036,35.5399],[135.4968,35.5391],[135.4955,35.5409],[135.5011,35.5419],[135.4987,35.5501],[135.4999,35.554],[135.5038,35.5499],[135.5177,35.5499],[135.5142,35.5353],[135.5159,35.5354],[135.5132,35.5307],[135.5158,35.5269],[135.5127,35.5219],[135.5133,35.5162],[135.51,35.5147],[135.5082,35.5032],[135.5096,35.5012],[135.5127,35.5013],[135.5144,35.4953],[135.5342,35.4889],[135.5457,35.4937],[135.5498,35.4929],[135.5514,35.4971],[135.5544,35.4945],[135.5536,35.4924],[135.5584,35.4903],[135.5756,35.4932],[135.577,35.4992],[135.5806,35.4981],[135.5923,35.5032],[135.6022,35.5139],[135.6088,35.5181],[135.619,35.5199],[135.6218,35.529],[135.631,35.5375],[135.6383,35.5385],[135.6513,35.5435],[135.6514,35.5455],[135.6609,35.5476],[135.662,35.5448],[135.6587,35.5442],[135.6629,35.5391],[135.659,35.5361],[135.6602,35.5334],[135.665,35.5337],[135.6689,35.5252],[135.6642,35.5239],[135.657,35.5313],[135.6366,35.5209],[135.6282,35.5219],[135.6322,35.5183],[135.6408,35.5197],[135.6367,35.5139],[135.6419,35.5081],[135.631,35.4977],[135.6309,35.4945],[135.6271,35.4919],[135.6264,35.4892],[135.6201,35.4925],[135.6061,35.4901],[135.5937,35.4947],[135.5863,35.4943],[135.5807,35.4899],[135.592,35.4904],[135.6096,35.4809],[135.62,35.486],[135.6317,35.4785],[135.6527,35.4785],[135.6622,35.4938],[135.6663,35.4896],[135.6707,35.4911],[135.675,35.4876],[135.6901,35.4878],[135.7,35.4935],[135.7023,35.4895],[135.7063,35.4895],[135.7112,35.4836],[135.7181,35.4843],[135.72,35.4919],[135.7255,35.4919],[135.7292,35.495],[135.7359,35.4931],[135.742,35.5026],[135.7444,35.4995],[135.7449,35.5011],[135.7413,35.5046],[135.7486,35.5139],[135.7506,35.5302],[135.7549,35.5328],[135.7625,35.5309],[135.7639,35.5361],[135.7587,35.5387],[135.7508,35.5378],[135.7468,35.5335],[135.7455,35.5369],[135.7363,35.5351],[135.7348,35.5271],[135.7183,35.5202],[135.7163,35.5218],[135.7169,35.5401],[135.7005,35.5443],[135.6898,35.5443],[135.6888,35.5496],[135.7076,35.5637],[135.7105,35.5638],[135.7132,35.569],[135.7398,35.5707],[135.7439,35.5649],[135.7486,35.5665],[135.7519,35.5593],[135.7498,35.5557],[135.7531,35.553],[135.7522,35.5501],[135.7554,35.5488],[135.7538,35.5474],[135.7574,35.543],[135.7629,35.5445],[135.7671,35.5429],[135.771,35.5468],[135.7644,35.5507],[135.7646,35.5568],[135.7752,35.5495],[135.7785,35.5498],[135.7865,35.5416],[135.7926,35.5417],[135.7854,35.5365],[135.7897,35.5305],[135.7953,35.5298],[135.7979,35.5251],[135.8044,35.533],[135.8067,35.5276],[135.8135,35.5294],[135.8156,35.5316],[135.8123,35.537],[135.8182,35.5373],[135.8216,35.5336],[135.8336,35.5363],[135.831,35.5418],[135.8274,35.5422],[135.8286,35.5459],[135.8262,35.546],[135.8252,35.5523],[135.8221,35.5511],[135.8168,35.557],[135.8123,35.5583],[135.8131,35.5622],[135.8051,35.5642],[135.8011,35.5713],[135.805,35.5696],[135.8093,35.5715],[135.8104,35.5769],[135.8147,35.5715],[135.819,35.5738],[135.8267,35.5692],[135.8272,35.5651],[135.8337,35.5621],[135.8393,35.5632],[135.8425,35.5705],[135.8492,35.5715],[135.8497,35.5785],[135.8538,35.5785],[135.8567,35.5819],[135.8544,35.5865],[135.8564,35.5877],[135.8557,35.5917],[135.8526,35.5919],[135.8547,35.5955],[135.8536,35.603],[135.8445,35.6016],[135.8447,35.6052],[135.8405,35.6081],[135.8323,35.6031],[135.8268,35.6103],[135.837,35.6157],[135.8384,35.621],[135.835,35.6237],[135.824,35.6242],[135.8233,35.6316],[135.8326,35.6302],[135.8223,35.6375],[135.8152,35.6325],[135.8138,35.6339],[135.8143,35.6423],[135.8223,35.6441],[135.8338,35.6367],[135.845,35.6357],[135.8431,35.6281],[135.8475,35.6232],[135.853,35.6245],[135.8588,35.6233],[135.8568,35.6167],[135.8599,35.6106],[135.8658,35.6086],[135.8762,35.6105],[135.8783,35.6149],[135.8838,35.6175],[135.8929,35.6117],[135.8951,35.6143],[135.8941,35.6195],[135.8981,35.6237],[135.9065,35.6248],[135.9088,35.6135],[135.9107,35.6139],[135.9127,35.6095],[135.9212,35.6095],[135.9375,35.6145],[135.9503,35.6278],[135.9484,35.6329],[135.9539,35.6341],[135.9537,35.6309],[135.9621,35.6223],[135.97,35.6231],[135.9801,35.6299],[135.9859,35.6414],[135.9741,35.6551],[135.9636,35.6563],[135.9666,35.6607],[135.9684,35.6699],[135.9657,35.6739],[135.9697,35.6753],[135.9766,35.6847],[135.9757,35.696],[135.9716,35.7028],[135.9709,35.7118],[135.9633,35.7097],[135.9663,35.7024],[135.9625,35.6999],[135.9555,35.703],[135.9578,35.7046],[135.9589,35.7154],[135.9539,35.7205],[135.9583,35.727],[135.9643,35.7302],[135.9682,35.7351],[135.9797,35.7329],[135.9931,35.7477],[136.0078,35.7532],[136.0169,35.7639],[136.0215,35.7622],[136.0248,35.756],[136.0301,35.7532],[136.0374,35.7389],[136.0246,35.7493],[136.0217,35.7488],[136.0373,35.7278],[136.0358,35.7199],[136.0387,35.7157],[136.0375,35.7103],[136.0429,35.7059],[136.0412,35.6984],[136.0427,35.6985],[136.0439,35.6921],[136.0415,35.6915],[136.0373,35.6945],[136.0292,35.6895],[136.025,35.6806],[136.042,35.6699],[136.0447,35.6639],[136.0436,35.6587],[136.0508,35.6568],[136.0633,35.6585],[136.0632,35.6601],[136.0591,35.6599],[136.0641,35.6613],[136.0645,35.6587],[136.0737,35.6625],[136.0692,35.6641],[136.0729,35.6669],[136.0765,35.6665],[136.0781,35.6699],[136.0765,35.6714],[136.0774,35.6782],[136.0713,35.6795],[136.0816,35.6799],[136.0857,35.6851],[136.0816,35.6887],[136.079,35.7047],[136.0911,35.7101],[136.0912,35.7158],[136.0973,35.7241],[136.0963,35.7357],[136.0861,35.7383],[136.0976,35.7448],[136.1011,35.7532],[136.097,35.7671],[136.1,35.7771],[136.0694,35.8249],[136.0463,35.8409],[136.0339,35.8533],[135.9987,35.8821],[135.9968,35.8871],[135.9944,35.8879],[135.9957,35.8903],[135.9934,35.8944],[135.999,35.9034],[135.9956,35.9119],[135.9968,35.9355],[135.9854,35.9445],[135.986,35.9495],[135.9812,35.9543],[135.9702,35.9619],[135.9679,35.9678],[135.9583,35.9761],[135.9599,35.9771],[135.9575,35.9816],[135.9618,35.9861],[135.9606,35.9896],[135.9644,35.993],[135.9639,35.9977],[135.973,36.0045],[135.9763,36.0044],[135.9836,36.0087],[135.9968,36.0193],[136.0108,36.0341],[136.0106,36.0456],[136.0153,36.0489],[136.0216,36.0717],[136.0253,36.0717],[136.0247,36.0743],[136.0305,36.0865],[136.0307,36.0912],[136.0282,36.0958],[136.0314,36.0971],[136.0338,36.1031],[136.0468,36.1085],[136.0492,36.1177],[136.0542,36.1234],[136.0543,36.1283],[136.0603,36.1291],[136.0606,36.1323],[136.0668,36.1324],[136.0813,36.1429],[136.095,36.1568],[136.091,36.1602],[136.1141,36.1927],[136.1124,36.2053],[136.1143,36.1928],[136.1205,36.1901],[136.1293,36.1919],[136.1272,36.1937],[136.1326,36.2021],[136.1308,36.2053],[136.1269,36.1995],[136.1187,36.2003],[136.1218,36.2012],[136.132,36.2141],[136.1295,36.2192],[136.1342,36.2232],[136.131,36.2247],[136.1325,36.228],[136.1247,36.2374],[136.1311,36.2406],[136.1232,36.2493],[136.1246,36.2509],[136.137,36.2506],[136.1403,36.2532],[136.1436,36.2532],[136.1441,36.2517],[136.1476,36.255],[136.1589,36.2501],[136.1726,36.2532],[136.196,36.2644],[136.2353,36.2879],[136.2437,36.2956]]],[[[135.8027,35.6304],[135.8034,35.6395],[135.8059,35.6393],[135.8062,35.6322],[135.8027,35.6304]]]]}},{"type":"Feature","properties":{"name":"愛媛県","id":38},"geometry":{"type":"MultiPolygon","coordinates":[[[[132.9591,34.1911],[132.9548,34.1937],[132.9493,34.193],[132.9477,34.1945],[132.95,34.1961],[132.9483,34.2013],[132.9511,34.2035],[132.9483,34.2049],[132.9421,34.2033],[132.9423,34.2089],[132.9445,34.2085],[132.9558,34.2239],[132.9648,34.2194],[132.9646,34.2231],[132.9623,34.2227],[132.9641,34.2273],[132.9737,34.2263],[132.9793,34.2281],[132.9812,34.2242],[132.9854,34.225],[132.9878,34.2233],[132.9909,34.2412],[132.9933,34.2439],[132.9863,34.2475],[132.9936,34.2469],[132.9943,34.252],[132.9885,34.2521],[132.992,34.2576],[132.9874,34.2629],[132.969,34.2584],[132.964,34.2634],[132.9687,34.2693],[132.9775,34.2713],[132.983,34.2689],[132.9856,34.2743],[132.9898,34.2753],[132.9858,34.2748],[132.9801,34.2844],[132.9835,34.2906],[132.9974,34.2899],[133.0105,34.2993],[133.024,34.2955],[133.0334,34.2874],[133.0336,34.2833],[133.0444,34.2604],[133.0472,34.2584],[133.0557,34.2581],[133.0533,34.2532],[133.0518,34.2275],[133.058,34.2201],[133.0499,34.2144],[133.0468,34.2148],[133.0323,34.2085],[133.0228,34.2102],[133.0022,34.2097],[132.9968,34.2073],[132.9929,34.2024],[132.9591,34.1911]]],[[[133.2055,34.2386],[133.2007,34.2398],[133.2006,34.2532],[133.2031,34.2573],[133.1998,34.2603],[133.1986,34.2681],[133.2089,34.2765],[133.2118,34.2843],[133.2206,34.2864],[133.2231,34.2903],[133.2282,34.2922],[133.2357,34.2819],[133.2363,34.2775],[133.2329,34.2759],[133.2278,34.2679],[133.2088,34.2587],[133.2088,34.2532],[133.2116,34.2495],[133.2143,34.2511],[133.2186,34.2495],[133.2055,34.2386]]],[[[133.1784,34.2561],[133.1719,34.2581],[133.1697,34.2647],[133.1726,34.2701],[133.1668,34.2725],[133.1681,34.2749],[133.1654,34.2809],[133.1696,34.2852],[133.1726,34.2852],[133.1762,34.2783],[133.1797,34.2767],[133.1865,34.2687],[133.186,34.2594],[133.1784,34.2561]]],[[[133.1327,34.2409],[133.13,34.2571],[133.1326,34.2657],[133.1343,34.2657],[133.1426,34.2779],[133.1514,34.2806],[133.1644,34.2622],[133.1652,34.2565],[133.1518,34.2457],[133.1327,34.2409]]],[[[133.1807,34.2269],[133.1763,34.2308],[133.1813,34.2311],[133.1802,34.2377],[133.183,34.2424],[133.184,34.2497],[133.1898,34.2569],[133.1972,34.2543],[133.1961,34.2466],[133.1923,34.2451],[133.189,34.2387],[133.1911,34.2347],[133.1869,34.2292],[133.1807,34.2269]]],[[[132.9491,34.2419],[132.9431,34.2425],[132.9491,34.246],[132.9489,34.2496],[132.9535,34.2479],[132.9567,34.2433],[132.9491,34.2419]]],[[[133.1521,34.2329],[133.1504,34.2413],[133.1567,34.2451],[133.166,34.2455],[133.1716,34.2415],[133.1669,34.235],[133.1521,34.2329]]],[[[133.1102,34.191],[133.1061,34.1937],[133.1034,34.1995],[133.0995,34.1987],[133.1017,34.2017],[133.0958,34.2047],[133.0827,34.1931],[133.079,34.1938],[133.0705,34.2095],[133.0601,34.2065],[133.0568,34.2083],[133.0541,34.2115],[133.0561,34.2145],[133.0625,34.2157],[133.0665,34.2187],[133.0587,34.2264],[133.0627,34.2341],[133.0689,34.2363],[133.0718,34.2321],[133.0771,34.2297],[133.0846,34.2313],[133.0865,34.2343],[133.0949,34.2386],[133.0958,34.2365],[133.1009,34.2354],[133.1066,34.2414],[133.1107,34.2343],[133.1062,34.2318],[133.1091,34.2277],[133.1066,34.2211],[133.1083,34.2218],[133.1184,34.2159],[133.1226,34.2184],[133.1247,34.2161],[133.1266,34.217],[133.133,34.2143],[133.1391,34.2213],[133.1367,34.2101],[133.1325,34.2127],[133.1165,34.2048],[133.1218,34.203],[133.1218,34.2002],[133.1247,34.1993],[133.1259,34.1953],[133.1149,34.1948],[133.1102,34.191]]],[[[133.2513,34.2293],[133.2497,34.2315],[133.2565,34.2315],[133.2588,34.2353],[133.2631,34.2322],[133.2613,34.2299],[133.2513,34.2293]]],[[[133.1486,34.2158],[133.148,34.2217],[133.1562,34.23],[133.1559,34.2251],[133.1486,34.2158]]],[[[132.9331,34.1989],[132.9308,34.2003],[132.936,34.2055],[132.9377,34.2019],[132.9331,34.1989]]],[[[132.9329,34.1829],[132.9222,34.1838],[132.9172,34.1885],[132.922,34.1881],[132.9187,34.1981],[132.923,34.2019],[132.9329,34.1829]]],[[[133.2688,34.1826],[133.2664,34.1844],[133.2648,34.1969],[133.2711,34.1993],[133.2725,34.1989],[133.276,34.1851],[133.2688,34.1826]]],[[[132.8811,34.1748],[132.8619,34.1915],[132.8619,34.1941],[132.8671,34.1935],[132.8722,34.1967],[132.8809,34.1913],[132.8906,34.1923],[132.8934,34.1857],[132.8917,34.1838],[132.8846,34.1848],[132.8817,34.1805],[132.8811,34.1748]]],[[[133.0343,34.1077],[133.0295,34.1099],[133.0249,34.1085],[133.012,34.1105],[133.0142,34.1167],[133.0179,34.1184],[133.0225,34.1249],[133.0181,34.1287],[133.0172,34.1271],[133.0137,34.1274],[133.0159,34.129],[133.0184,34.1381],[133.0147,34.1409],[133.023,34.1485],[133.0228,34.1541],[133.0255,34.1576],[133.0304,34.1563],[133.0303,34.1522],[133.0319,34.1524],[133.0334,34.1481],[133.0399,34.1497],[133.0399,34.1575],[133.0346,34.1699],[133.0334,34.1716],[133.0282,34.1717],[133.0214,34.1768],[133.0213,34.182],[133.0266,34.1852],[133.0289,34.1918],[133.0351,34.1949],[133.0527,34.1919],[133.0663,34.1917],[133.0744,34.1869],[133.0768,34.1747],[133.0825,34.1694],[133.0895,34.1699],[133.091,34.1725],[133.0982,34.1746],[133.1055,34.1742],[133.1105,34.1785],[133.11,34.1699],[133.1007,34.1588],[133.0879,34.1577],[133.0827,34.1539],[133.0788,34.1459],[133.0702,34.1387],[133.0613,34.1344],[133.0523,34.1224],[133.0463,34.1211],[133.0424,34.1133],[133.0384,34.1133],[133.0343,34.1077]]],[[[133.0836,34.182],[133.082,34.1851],[133.0873,34.1941],[133.0937,34.1909],[133.0884,34.1843],[133.0836,34.182]]],[[[132.8981,34.1855],[132.8955,34.189],[132.904,34.194],[132.9074,34.1921],[132.9065,34.189],[132.8981,34.1855]]],[[[132.9363,34.1876],[132.9367,34.1896],[132.9427,34.1909],[132.9414,34.1887],[132.9363,34.1876]]],[[[133.3165,34.1702],[133.3081,34.1788],[133.3077,34.1833],[133.3217,34.1789],[133.3253,34.1804],[133.3274,34.1729],[133.3165,34.1702]]],[[[133.3628,34.1629],[133.3582,34.1699],[133.3588,34.1731],[133.3648,34.1678],[133.3628,34.1629]]],[[[133.0076,34.1475],[132.9906,34.1495],[132.989,34.1541],[132.9968,34.1589],[133.0038,34.1536],[133.0093,34.1531],[133.0076,34.1475]]],[[[132.5306,33.6375],[132.5809,33.6521],[132.5941,33.6593],[132.6162,33.6755],[132.625,33.6791],[132.6367,33.6892],[132.6514,33.6966],[132.661,33.7076],[132.6622,33.7131],[132.6735,33.7303],[132.6768,33.7441],[132.693,33.7532],[132.6941,33.7569],[132.6973,33.7548],[132.6978,33.7606],[132.7,33.7614],[132.6971,33.7623],[132.696,33.7661],[132.6995,33.767],[132.6969,33.782],[132.6933,33.7825],[132.6929,33.7847],[132.6988,33.7841],[132.6996,33.787],[132.6938,33.7859],[132.693,33.788],[132.6893,33.7882],[132.6875,33.7932],[132.6921,33.7947],[132.6858,33.8073],[132.6827,33.8083],[132.6845,33.8141],[132.6891,33.8089],[132.6902,33.8113],[132.6951,33.8098],[132.6945,33.8128],[132.692,33.8137],[132.6923,33.8169],[132.6883,33.8178],[132.6923,33.8239],[132.6895,33.8259],[132.6912,33.8293],[132.6869,33.8327],[132.6893,33.8365],[132.6936,33.8337],[132.6942,33.8397],[132.6978,33.8397],[132.6978,33.8413],[132.7003,33.8387],[132.6991,33.8428],[132.7006,33.8517],[132.7096,33.8541],[132.7077,33.8611],[132.7105,33.8583],[132.7117,33.8611],[132.7068,33.8635],[132.7059,33.8669],[132.718,33.8649],[132.7156,33.867],[132.7103,33.8675],[132.7041,33.8763],[132.698,33.8779],[132.7002,33.8855],[132.706,33.8901],[132.7089,33.9072],[132.729,33.9039],[132.73,33.8997],[132.7311,33.9029],[132.7468,33.9057],[132.7527,33.9093],[132.7562,33.9158],[132.7562,33.9235],[132.7697,33.9598],[132.7694,33.9753],[132.7703,33.9743],[132.7719,33.9765],[132.77,33.9758],[132.7704,33.9809],[132.7737,33.9883],[132.7711,33.9956],[132.7648,33.9981],[132.767,33.9999],[132.7696,33.9991],[132.777,34.0047],[132.7884,34.0093],[132.799,34.01],[132.8078,34.0188],[132.8255,34.0285],[132.8294,34.0331],[132.836,34.034],[132.8418,34.0423],[132.8484,34.0443],[132.8494,34.0461],[132.8525,34.0465],[132.8534,34.0449],[132.8568,34.0548],[132.8645,34.0595],[132.868,34.0583],[132.868,34.0561],[132.8718,34.0565],[132.8865,34.0593],[132.9,34.0675],[132.9115,34.0625],[132.921,34.0663],[132.9194,34.0693],[132.9166,34.0701],[132.9198,34.0694],[132.9211,34.0721],[132.921,34.0836],[132.9182,34.0831],[132.9185,34.0865],[132.9256,34.0887],[132.9285,34.0877],[132.9306,34.0941],[132.9282,34.0965],[132.9261,34.1077],[132.9223,34.1105],[132.9048,34.1133],[132.8986,34.1095],[132.8957,34.1112],[132.8948,34.1171],[132.8909,34.1177],[132.894,34.12],[132.9138,34.1212],[132.9215,34.1163],[132.9285,34.1234],[132.9344,34.1254],[132.9408,34.142],[132.9521,34.1252],[132.9632,34.119],[132.9675,34.1131],[132.9685,34.1073],[132.9706,34.1079],[132.9723,34.1151],[132.9768,34.1165],[132.9805,34.1027],[132.9879,34.095],[133.0062,34.0657],[133.008,34.0697],[133.018,34.0635],[133.0187,34.0609],[133.0207,34.0612],[133.0202,34.0639],[133.0235,34.0506],[133.0313,34.052],[133.0335,34.0488],[133.0294,34.0449],[133.0364,34.0377],[133.0518,34.0058],[133.0662,33.9826],[133.0609,33.9791],[133.0636,33.9737],[133.0674,33.9755],[133.0697,33.9712],[133.0709,33.9719],[133.0838,33.9578],[133.088,33.9502],[133.0858,33.9485],[133.0871,33.9461],[133.0934,33.9485],[133.0956,33.9447],[133.0923,33.9407],[133.0969,33.9431],[133.1004,33.9408],[133.1071,33.9478],[133.1186,33.9411],[133.1119,33.9306],[133.1183,33.9245],[133.1192,33.9365],[133.1252,33.9414],[133.1268,33.9413],[133.1254,33.9314],[133.1331,33.9271],[133.1501,33.9305],[133.1674,33.9381],[133.1708,33.9275],[133.1751,33.9308],[133.1713,33.9397],[133.1952,33.9452],[133.1978,33.9359],[133.2009,33.9363],[133.1991,33.9459],[133.2344,33.9515],[133.235,33.9557],[133.2425,33.9565],[133.2431,33.9524],[133.2458,33.9526],[133.2468,33.9549],[133.2449,33.9561],[133.2468,33.9593],[133.2541,33.9563],[133.2484,33.9605],[133.2505,33.9628],[133.255,33.9615],[133.2555,33.9635],[133.2501,33.9641],[133.2479,33.9753],[133.255,33.9806],[133.2588,33.9806],[133.2605,33.9771],[133.2587,33.9768],[133.262,33.9631],[133.263,33.9694],[133.2672,33.9698],[133.2671,33.9675],[133.2705,33.9683],[133.266,33.9725],[133.2694,33.9751],[133.2787,33.9739],[133.2674,33.9797],[133.2696,33.9836],[133.2761,33.9807],[133.2781,33.9814],[133.2761,33.9851],[133.2812,33.987],[133.2852,33.9801],[133.2893,33.983],[133.3056,33.9829],[133.3165,33.9885],[133.3179,33.9918],[133.3197,33.9916],[133.3196,33.9939],[133.3247,33.9937],[133.3299,33.9887],[133.3321,33.9888],[133.3312,33.9823],[133.3402,33.9798],[133.3374,33.9837],[133.3366,33.9919],[133.3396,33.9923],[133.3436,33.991],[133.3499,33.9846],[133.3461,33.9824],[133.3514,33.9833],[133.356,33.9789],[133.3882,33.9857],[133.3943,33.9911],[133.4019,33.9884],[133.4102,33.9907],[133.4127,33.9862],[133.4342,33.9863],[133.4414,33.9831],[133.444,33.9783],[133.4463,33.9819],[133.4498,33.9816],[133.4517,33.9835],[133.4637,33.9767],[133.4629,33.975],[133.4835,33.972],[133.4884,33.9692],[133.5011,33.9692],[133.5018,33.9727],[133.5089,33.9734],[133.5112,33.9698],[133.5127,33.9701],[133.5114,33.9716],[133.514,33.9712],[133.5237,33.9762],[133.5223,33.9795],[133.5291,33.984],[133.5321,33.9819],[133.5347,33.9843],[133.5377,33.9831],[133.5436,33.9866],[133.547,33.9919],[133.5513,33.9947],[133.5408,34.0032],[133.5448,34.0069],[133.5551,34.0009],[133.5513,34.0072],[133.5531,34.0099],[133.5596,34.0071],[133.5616,34.0104],[133.5596,34.0116],[133.5618,34.015],[133.5652,34.0127],[133.5685,34.0166],[133.5641,34.0183],[133.567,34.0229],[133.569,34.0224],[133.5675,34.02],[133.5695,34.0206],[133.5713,34.0179],[133.5736,34.0207],[133.5709,34.0206],[133.5728,34.0229],[133.577,34.0223],[133.5855,34.0341],[133.5901,34.0335],[133.5979,34.0436],[133.6037,34.0359],[133.6072,34.0365],[133.6108,34.0332],[133.6149,34.0327],[133.6267,34.0375],[133.6393,34.0259],[133.6567,34.0297],[133.6658,34.0263],[133.6776,34.0171],[133.679,34.0124],[133.6841,34.0072],[133.6847,34.0032],[133.6777,33.9948],[133.6745,33.9835],[133.6814,33.9835],[133.6827,33.9757],[133.6801,33.9696],[133.6837,33.9641],[133.6918,33.962],[133.6872,33.954],[133.692,33.9458],[133.6897,33.9417],[133.6836,33.9391],[133.6754,33.9311],[133.6755,33.9263],[133.6853,33.9255],[133.6891,33.9161],[133.6778,33.9096],[133.6747,33.902],[133.6774,33.8936],[133.6683,33.8874],[133.6649,33.8877],[133.6602,33.8816],[133.6455,33.883],[133.6354,33.8802],[133.6276,33.8721],[133.6063,33.8814],[133.5974,33.8803],[133.5826,33.8676],[133.5713,33.8694],[133.5709,33.8719],[133.5622,33.8751],[133.5567,33.8821],[133.5518,33.8821],[133.5391,33.8774],[133.5357,33.8663],[133.5267,33.8622],[133.5248,33.8533],[133.5182,33.8479],[133.5091,33.8481],[133.5074,33.8357],[133.4968,33.8293],[133.4927,33.8321],[133.4862,33.8295],[133.4702,33.8365],[133.4644,33.8345],[133.4546,33.8369],[133.4484,33.8331],[133.4154,33.8397],[133.4012,33.8364],[133.3914,33.8247],[133.3552,33.8342],[133.3463,33.8259],[133.333,33.8214],[133.3258,33.8145],[133.3107,33.8156],[133.2931,33.8287],[133.2839,33.8315],[133.2767,33.8308],[133.2668,33.8225],[133.2613,33.8122],[133.2613,33.8061],[133.2569,33.7943],[133.251,33.7893],[133.2457,33.7889],[133.2365,33.7828],[133.2319,33.7838],[133.2205,33.7803],[133.2053,33.7943],[133.1932,33.7937],[133.1824,33.772],[133.1821,33.7667],[133.1726,33.7589],[133.1646,33.7566],[133.1573,33.7502],[133.1605,33.7314],[133.147,33.7231],[133.1394,33.7154],[133.1444,33.7055],[133.1258,33.6984],[133.1201,33.6911],[133.1202,33.6753],[133.1161,33.6603],[133.1068,33.657],[133.0911,33.6572],[133.0768,33.6534],[133.0704,33.6372],[133.0676,33.6199],[133.0761,33.6132],[133.079,33.6086],[133.071,33.6021],[133.0553,33.595],[133.0546,33.5897],[133.0493,33.5855],[133.046,33.5754],[133.0612,33.562],[133.0599,33.5579],[133.063,33.5435],[133.054,33.5359],[133.038,33.5266],[133.0374,33.5185],[133.0246,33.5017],[133.0132,33.4905],[133.0148,33.4808],[132.9557,33.4663],[132.9402,33.4717],[132.9159,33.4677],[132.8874,33.4727],[132.8718,33.4709],[132.8474,33.4791],[132.8398,33.4748],[132.8342,33.4741],[132.8325,33.4757],[132.828,33.4729],[132.8207,33.4726],[132.8152,33.4644],[132.8113,33.4656],[132.8063,33.4605],[132.8077,33.4544],[132.81,33.4524],[132.825,33.4462],[132.8267,33.4399],[132.8233,33.4311],[132.8244,33.4236],[132.8335,33.4199],[132.8316,33.4096],[132.8357,33.3995],[132.8417,33.3976],[132.853,33.3981],[132.8552,33.3925],[132.8524,33.3881],[132.8606,33.3675],[132.8664,33.3677],[132.8811,33.3622],[132.8879,33.3579],[132.895,33.3487],[132.9015,33.3386],[132.9009,33.3271],[132.8983,33.3248],[132.8998,33.3207],[132.8951,33.3121],[132.8718,33.3047],[132.8546,33.2922],[132.8405,33.2875],[132.8371,33.2889],[132.8241,33.2821],[132.8177,33.2835],[132.797,33.2742],[132.7933,33.2745],[132.7867,33.2669],[132.7864,33.2621],[132.7782,33.2532],[132.7776,33.2484],[132.7724,33.2417],[132.7737,33.2297],[132.7706,33.2223],[132.775,33.2062],[132.7593,33.2019],[132.7468,33.2028],[132.7409,33.2007],[132.7381,33.196],[132.7408,33.19],[132.7278,33.1699],[132.72,33.1669],[132.7174,33.1615],[132.7109,33.155],[132.6963,33.1438],[132.6955,33.1383],[132.6869,33.1349],[132.6714,33.1507],[132.6637,33.1536],[132.6465,33.1715],[132.6406,33.1726],[132.6338,33.1783],[132.6364,33.1845],[132.6349,33.1863],[132.6189,33.1809],[132.6188,33.1749],[132.6142,33.1693],[132.6307,33.1501],[132.6289,33.1323],[132.6352,33.1329],[132.645,33.1179],[132.6515,33.1117],[132.6627,33.1089],[132.6691,33.0865],[132.6665,33.0818],[132.6687,33.0717],[132.6655,33.0656],[132.657,33.057],[132.6754,33.0397],[132.6777,33.033],[132.6757,33.0239],[132.6773,33.0092],[132.6861,32.9981],[132.6816,32.9948],[132.6817,32.9923],[132.6859,32.9772],[132.6908,32.9739],[132.6866,32.9685],[132.686,32.9633],[132.6809,32.9645],[132.6838,32.9495],[132.6779,32.9432],[132.6605,32.9422],[132.6518,32.9391],[132.6546,32.9347],[132.6546,32.9249],[132.6474,32.9276],[132.614,32.9192],[132.6081,32.9153],[132.5977,32.9126],[132.5952,32.9159],[132.5987,32.921],[132.5958,32.9239],[132.5902,32.9249],[132.5856,32.9346],[132.5864,32.9385],[132.6018,32.9439],[132.6004,32.9455],[132.6015,32.9468],[132.5907,32.945],[132.5874,32.9422],[132.5794,32.9432],[132.5771,32.9382],[132.5727,32.946],[132.5625,32.9466],[132.5632,32.9433],[132.5576,32.9466],[132.5538,32.9442],[132.5522,32.9467],[132.5481,32.9453],[132.5489,32.9393],[132.5569,32.9371],[132.558,32.9351],[132.5611,32.9359],[132.5619,32.9334],[132.5646,32.935],[132.5679,32.9294],[132.5607,32.9297],[132.5548,32.9336],[132.5501,32.9329],[132.5399,32.9353],[132.5403,32.9381],[132.5351,32.9395],[132.5373,32.9469],[132.5312,32.9485],[132.5259,32.9449],[132.5246,32.9485],[132.5139,32.9499],[132.5047,32.9473],[132.5045,32.9411],[132.5093,32.9397],[132.5149,32.9412],[132.5164,32.938],[132.5265,32.9327],[132.5178,32.9322],[132.4968,32.9195],[132.4968,32.9173],[132.4999,32.9145],[132.5097,32.916],[132.5128,32.9188],[132.5267,32.9199],[132.5265,32.9148],[132.5183,32.9109],[132.5207,32.9089],[132.5165,32.904],[132.4968,32.9046],[132.4922,32.9032],[132.4912,32.8981],[132.4855,32.9037],[132.4721,32.9067],[132.4766,32.9091],[132.4753,32.917],[132.4772,32.9209],[132.4741,32.9226],[132.4692,32.9355],[132.4626,32.9359],[132.4598,32.938],[132.4648,32.9425],[132.4653,32.9393],[132.4761,32.9414],[132.4767,32.9379],[132.4826,32.9387],[132.4839,32.9444],[132.49,32.9398],[132.4945,32.9422],[132.4933,32.9472],[132.4978,32.9479],[132.5023,32.9557],[132.4816,32.9612],[132.4823,32.9647],[132.4782,32.9683],[132.4701,32.9698],[132.4841,32.9724],[132.4859,32.9751],[132.484,32.9803],[132.4968,32.9875],[132.4985,32.9859],[132.495,32.9854],[132.4939,32.9829],[132.4968,32.9833],[132.5045,32.9795],[132.4995,32.9792],[132.4959,32.9762],[132.4955,32.9743],[132.5024,32.9728],[132.4985,32.9717],[132.5004,32.9697],[132.4968,32.9663],[132.4922,32.9654],[132.4943,32.9639],[132.499,32.9648],[132.5043,32.9627],[132.5075,32.9676],[132.5105,32.9677],[132.5133,32.9671],[132.5156,32.9606],[132.5229,32.9647],[132.5228,32.9617],[132.5266,32.9597],[132.5299,32.9654],[132.5499,32.9569],[132.5534,32.9602],[132.544,32.9659],[132.5369,32.9735],[132.537,32.969],[132.531,32.9735],[132.5299,32.9704],[132.528,32.9725],[132.524,32.9716],[132.524,32.9773],[132.5201,32.9737],[132.5181,32.9767],[132.5159,32.9753],[132.5116,32.9768],[132.5004,32.9929],[132.5019,32.9939],[132.5022,33.0007],[132.5056,33.0032],[132.5019,33.0079],[132.4957,33.0115],[132.4945,33.0178],[132.491,33.0165],[132.4896,33.0107],[132.4848,33.0101],[132.481,33.0271],[132.4842,33.0439],[132.4813,33.0491],[132.4785,33.0464],[132.4758,33.0476],[132.4737,33.0425],[132.47,33.0395],[132.4685,33.0403],[132.4704,33.0488],[132.4663,33.0495],[132.4587,33.0459],[132.4561,33.0489],[132.4498,33.0483],[132.4498,33.0397],[132.4538,33.0395],[132.4513,33.035],[132.4448,33.0419],[132.4431,33.0412],[132.4415,33.043],[132.4428,33.0463],[132.4385,33.0505],[132.4325,33.0513],[132.4299,33.0453],[132.4285,33.0527],[132.4168,33.0579],[132.4146,33.0555],[132.4086,33.0559],[132.4061,33.0523],[132.4095,33.0447],[132.4076,33.0411],[132.4113,33.0387],[132.4034,33.0346],[132.411,33.0273],[132.4008,33.0277],[132.3959,33.0207],[132.395,33.0131],[132.3927,33.0195],[132.387,33.0201],[132.3824,33.0181],[132.3777,33.0227],[132.383,33.0264],[132.3889,33.0255],[132.3947,33.0275],[132.3975,33.0349],[132.3946,33.0377],[132.3962,33.0408],[132.4005,33.0387],[132.4028,33.0439],[132.4028,33.0509],[132.3966,33.054],[132.3967,33.0562],[132.4054,33.0616],[132.4034,33.0685],[132.414,33.0724],[132.4122,33.0631],[132.4175,33.0626],[132.4244,33.0671],[132.4271,33.0621],[132.4252,33.0583],[132.4307,33.056],[132.4317,33.0531],[132.4424,33.0563],[132.4433,33.0645],[132.4461,33.0655],[132.4478,33.0559],[132.4546,33.0566],[132.4632,33.0627],[132.4648,33.0606],[132.4731,33.061],[132.4781,33.0647],[132.4789,33.0563],[132.4827,33.0561],[132.482,33.0625],[132.4881,33.0651],[132.4793,33.071],[132.4847,33.0767],[132.4805,33.0761],[132.4783,33.0779],[132.4779,33.084],[132.4719,33.0819],[132.474,33.0795],[132.4721,33.0703],[132.4665,33.0762],[132.4639,33.0745],[132.461,33.0758],[132.4698,33.0812],[132.4666,33.086],[132.4632,33.0846],[132.4606,33.0865],[132.463,33.0883],[132.462,33.0931],[132.4662,33.0899],[132.4772,33.0942],[132.4802,33.0982],[132.4761,33.0972],[132.47,33.099],[132.4743,33.1069],[132.4657,33.112],[132.4665,33.1176],[132.4635,33.1181],[132.4596,33.1224],[132.4571,33.1211],[132.447,33.1222],[132.4461,33.1241],[132.45,33.123],[132.4682,33.1265],[132.4722,33.1211],[132.4691,33.118],[132.4694,33.1148],[132.4733,33.1206],[132.4794,33.1213],[132.4816,33.1195],[132.4831,33.1244],[132.4858,33.1246],[132.4901,33.1203],[132.4976,33.1203],[132.5013,33.1304],[132.4975,33.1283],[132.5,33.1354],[132.4968,33.1378],[132.4861,33.1366],[132.4771,33.1413],[132.4777,33.1362],[132.4741,33.1348],[132.4714,33.1405],[132.4616,33.1391],[132.4598,33.1373],[132.4525,33.1422],[132.4546,33.1367],[132.4517,33.1321],[132.4407,33.1377],[132.443,33.1471],[132.4241,33.1559],[132.4278,33.1587],[132.4319,33.1533],[132.4346,33.1665],[132.431,33.1695],[132.4416,33.1683],[132.4485,33.1747],[132.4495,33.1717],[132.4546,33.1711],[132.456,33.1682],[132.4641,33.1711],[132.4571,33.1781],[132.4468,33.1841],[132.4466,33.1927],[132.439,33.1851],[132.4362,33.1898],[132.4379,33.1916],[132.4306,33.2026],[132.4212,33.2085],[132.4143,33.2043],[132.4055,33.2051],[132.4155,33.2081],[132.4164,33.2113],[132.42,33.2141],[132.4267,33.2085],[132.4323,33.2095],[132.4394,33.2039],[132.4431,33.2047],[132.4431,33.2017],[132.4461,33.2005],[132.4577,33.2107],[132.4604,33.2075],[132.4563,33.2059],[132.4537,33.2018],[132.4587,33.2012],[132.4566,33.1978],[132.4587,33.1963],[132.4542,33.1929],[132.4594,33.1918],[132.4569,33.1905],[132.4599,33.182],[132.464,33.1821],[132.4645,33.1776],[132.4677,33.1795],[132.4701,33.1761],[132.4712,33.1801],[132.4729,33.1794],[132.4766,33.1842],[132.4778,33.1829],[132.481,33.1857],[132.484,33.1827],[132.478,33.1758],[132.4838,33.1759],[132.4764,33.1699],[132.4799,33.1672],[132.485,33.1675],[132.4847,33.1645],[132.4893,33.1659],[132.4893,33.1709],[132.4921,33.1683],[132.4954,33.1713],[132.4955,33.1785],[132.4923,33.1837],[132.4989,33.1833],[132.4984,33.1803],[132.5026,33.1803],[132.5032,33.1761],[132.5005,33.1699],[132.505,33.1699],[132.5072,33.1723],[132.5113,33.1699],[132.5146,33.1707],[132.5099,33.1759],[132.5079,33.1885],[132.5043,33.1877],[132.5042,33.1909],[132.5076,33.1941],[132.5006,33.1909],[132.4893,33.1959],[132.4968,33.1961],[132.5007,33.1935],[132.5041,33.1959],[132.5046,33.1989],[132.5022,33.2019],[132.4988,33.2021],[132.4991,33.2035],[132.5029,33.2025],[132.5032,33.2066],[132.5075,33.2061],[132.5112,33.2131],[132.5135,33.2128],[132.5146,33.2153],[132.5168,33.2134],[132.5297,33.2144],[132.5323,33.2168],[132.5335,33.2155],[132.5356,33.2166],[132.5359,33.2143],[132.5376,33.2159],[132.5432,33.2134],[132.5381,33.2255],[132.5407,33.2267],[132.5455,33.2217],[132.5477,33.2223],[132.5527,33.2194],[132.5595,33.2221],[132.5554,33.2218],[132.5508,33.2249],[132.552,33.2264],[132.558,33.2255],[132.5504,33.2267],[132.5507,33.2301],[132.5531,33.2298],[132.5529,33.2366],[132.5457,33.2328],[132.5389,33.2351],[132.5319,33.2399],[132.5332,33.2399],[132.5314,33.2446],[132.5232,33.2449],[132.5199,33.2481],[132.5214,33.2514],[132.539,33.2572],[132.5417,33.2632],[132.5421,33.2706],[132.5368,33.2722],[132.5379,33.2681],[132.5344,33.265],[132.5187,33.2612],[132.518,33.2645],[132.5125,33.2652],[132.5148,33.2607],[132.5091,33.2591],[132.5045,33.2608],[132.5019,33.2688],[132.4968,33.2703],[132.4892,33.2692],[132.4867,33.2729],[132.4811,33.2744],[132.4797,33.2713],[132.4772,33.2732],[132.476,33.2685],[132.4831,33.2657],[132.4755,33.2616],[132.4738,33.2554],[132.4683,33.2552],[132.4745,33.2667],[132.4729,33.2699],[132.4741,33.2747],[132.4761,33.2745],[132.4793,33.2806],[132.4821,33.2803],[132.4821,33.2889],[132.5005,33.301],[132.5026,33.2996],[132.5064,33.3053],[132.5258,33.3055],[132.5272,33.3076],[132.5226,33.3149],[132.5115,33.3187],[132.5068,33.3156],[132.5057,33.3174],[132.4977,33.3117],[132.4921,33.3255],[132.4867,33.3215],[132.49,33.316],[132.4802,33.319],[132.4835,33.3151],[132.4669,33.3188],[132.4645,33.3152],[132.4689,33.3137],[132.4518,33.3088],[132.4398,33.3109],[132.4312,33.3198],[132.4249,33.3143],[132.4223,33.304],[132.4173,33.3033],[132.413,33.3062],[132.3995,33.3093],[132.3988,33.3147],[132.3923,33.3194],[132.3885,33.3171],[132.3783,33.321],[132.3711,33.3181],[132.3688,33.3224],[132.3756,33.3365],[132.382,33.3379],[132.3848,33.3432],[132.3854,33.3377],[132.3904,33.3388],[132.3915,33.3472],[132.3944,33.3451],[132.3993,33.3469],[132.4042,33.3463],[132.4104,33.3434],[132.4082,33.3527],[132.4166,33.3537],[132.4193,33.3565],[132.4153,33.3617],[132.4061,33.3596],[132.41,33.3651],[132.415,33.3787],[132.4186,33.3781],[132.4188,33.3825],[132.4147,33.3821],[132.4107,33.3843],[132.4095,33.3805],[132.402,33.3732],[132.4039,33.3733],[132.4036,33.3714],[132.3987,33.3709],[132.3832,33.3617],[132.3871,33.3661],[132.3882,33.3718],[132.3842,33.3765],[132.3832,33.381],[132.378,33.3846],[132.3784,33.3873],[132.3941,33.3959],[132.3956,33.3988],[132.3892,33.4041],[132.3918,33.4061],[132.3924,33.4135],[132.3871,33.417],[132.3795,33.4161],[132.3966,33.4298],[132.3988,33.4267],[132.4051,33.4237],[132.4048,33.4329],[132.4133,33.4401],[132.4149,33.4439],[132.3969,33.4407],[132.3823,33.4419],[132.3911,33.4447],[132.3954,33.4434],[132.4019,33.4473],[132.4041,33.4456],[132.4069,33.4465],[132.4102,33.4516],[132.4156,33.4527],[132.4169,33.4559],[132.4137,33.4588],[132.4171,33.4581],[132.4193,33.4624],[132.4077,33.4578],[132.3865,33.4596],[132.3907,33.4688],[132.3995,33.4654],[132.4005,33.4734],[132.3956,33.4732],[132.3963,33.4765],[132.3941,33.4743],[132.3906,33.4765],[132.3845,33.4751],[132.3791,33.4693],[132.3783,33.4599],[132.3736,33.4603],[132.3711,33.4715],[132.3628,33.4799],[132.3516,33.4839],[132.353,33.488],[132.3413,33.4846],[132.3488,33.4808],[132.3531,33.4749],[132.3492,33.4725],[132.3378,33.4749],[132.3342,33.4729],[132.323,33.4726],[132.3164,33.4515],[132.3058,33.4731],[132.299,33.4745],[132.2932,33.4643],[132.287,33.4635],[132.2862,33.4581],[132.2798,33.4469],[132.2707,33.4464],[132.265,33.443],[132.2555,33.4412],[132.2375,33.4262],[132.2188,33.4238],[132.2025,33.4151],[132.1832,33.4123],[132.1668,33.3986],[132.1536,33.3904],[132.1522,33.3736],[132.1466,33.3759],[132.1353,33.3705],[132.1295,33.364],[132.1218,33.3652],[132.1025,33.3619],[132.1011,33.3669],[132.1033,33.3734],[132.1096,33.3727],[132.1117,33.3707],[132.1164,33.3723],[132.1111,33.3773],[132.1149,33.3816],[132.1185,33.3805],[132.1197,33.3865],[132.1182,33.391],[132.0954,33.3872],[132.0829,33.3799],[132.0762,33.38],[132.0733,33.3747],[132.0679,33.3761],[132.0552,33.3675],[132.0468,33.3653],[132.0503,33.3609],[132.0504,33.3576],[132.0393,33.3516],[132.0251,33.3445],[132.015,33.3428],[132.0119,33.3442],[132.024,33.3485],[132.0413,33.3678],[132.0526,33.3757],[132.0772,33.3875],[132.083,33.3964],[132.0886,33.4007],[132.0918,33.4005],[132.1059,33.408],[132.1153,33.4175],[132.1168,33.4167],[132.1203,33.4199],[132.1235,33.4199],[132.1266,33.4163],[132.1282,33.4119],[132.1264,33.4079],[132.1329,33.403],[132.1347,33.4032],[132.1375,33.4205],[132.1453,33.4167],[132.148,33.4113],[132.1541,33.4069],[132.1607,33.4112],[132.1644,33.4111],[132.1681,33.4172],[132.1675,33.4199],[132.1473,33.4331],[132.1558,33.4396],[132.1636,33.4302],[132.1698,33.4266],[132.175,33.4274],[132.1748,33.4338],[132.1711,33.4447],[132.1735,33.4468],[132.179,33.4483],[132.1926,33.4423],[132.1967,33.4437],[132.1943,33.453],[132.1984,33.4556],[132.2144,33.444],[132.2163,33.4469],[132.2233,33.4445],[132.2258,33.4463],[132.2238,33.4501],[132.225,33.4581],[132.231,33.4617],[132.2377,33.4594],[132.2407,33.4653],[132.2468,33.4642],[132.2487,33.4604],[132.2468,33.4598],[132.2468,33.4619],[132.2426,33.4589],[132.2463,33.4561],[132.2513,33.4565],[132.2527,33.4524],[132.2594,33.4499],[132.2644,33.4587],[132.265,33.4665],[132.2579,33.4735],[132.2662,33.4728],[132.2709,33.4772],[132.2767,33.4729],[132.281,33.4811],[132.2837,33.4784],[132.2947,33.4872],[132.3064,33.487],[132.3071,33.4925],[132.3173,33.4931],[132.321,33.4985],[132.3251,33.4982],[132.3321,33.5032],[132.3399,33.5032],[132.3411,33.5061],[132.3515,33.5101],[132.3565,33.5162],[132.3718,33.5213],[132.3836,33.5301],[132.3882,33.528],[132.395,33.5359],[132.4008,33.5385],[132.4015,33.5419],[132.4038,33.5403],[132.4172,33.5443],[132.427,33.5559],[132.4325,33.5589],[132.4325,33.5671],[132.4377,33.5723],[132.4403,33.5722],[132.4468,33.5812],[132.455,33.5882],[132.4566,33.5937],[132.4716,33.6047],[132.4745,33.6111],[132.4772,33.6115],[132.4774,33.6162],[132.4819,33.6172],[132.483,33.6151],[132.4899,33.6176],[132.5072,33.6301],[132.51,33.6269],[132.5306,33.6375]]],[[[132.9736,34.1221],[132.9747,34.1265],[132.9803,34.1291],[132.9833,34.1285],[132.9806,34.1239],[132.9736,34.1221]]],[[[133.1585,34.1181],[133.1542,34.1226],[133.1578,34.1248],[133.1594,34.1239],[133.1585,34.1181]]],[[[133.1807,34.1158],[133.1799,34.1176],[133.1851,34.1233],[133.1903,34.1233],[133.1863,34.1203],[133.1869,34.1167],[133.1807,34.1158]]],[[[132.9911,34.1125],[132.9886,34.119],[132.9918,34.1224],[132.9958,34.1179],[132.9949,34.1133],[132.9911,34.1125]]],[[[133.1877,34.1035],[133.1813,34.1043],[133.1818,34.1081],[133.1776,34.1069],[133.1787,34.1098],[133.1833,34.1119],[133.1858,34.108],[133.1878,34.1093],[133.1908,34.1078],[133.1879,34.1059],[133.1877,34.1035]]],[[[132.7022,34.0659],[132.7026,34.0698],[132.7092,34.0738],[132.7111,34.0695],[132.7054,34.0697],[132.7022,34.0659]]],[[[133.1044,34.0567],[133.0974,34.0571],[133.0951,34.0607],[133.1011,34.0587],[133.1034,34.0599],[133.1044,34.0567]]],[[[132.588,34.0247],[132.5858,34.0257],[132.5945,34.0314],[132.5935,34.0267],[132.588,34.0247]]],[[[133.0944,34.0189],[133.0902,34.0219],[133.0967,34.0249],[133.099,34.0225],[133.0944,34.0189]]],[[[132.6002,33.9428],[132.591,33.9499],[132.5912,33.9565],[132.578,33.9692],[132.5885,33.9703],[132.5901,33.974],[132.6062,33.9867],[132.6042,33.9907],[132.609,33.9946],[132.6124,33.9921],[132.6218,33.9926],[132.625,33.995],[132.6258,34.0],[132.6284,33.9996],[132.6327,34.0032],[132.6324,34.0056],[132.644,34.0098],[132.6444,34.0181],[132.6514,34.0142],[132.6458,34.0067],[132.6425,34.0069],[132.6402,34.0032],[132.6401,33.9957],[132.6438,33.9881],[132.6435,33.9791],[132.6365,33.9793],[132.632,33.9778],[132.6294,33.9745],[132.6322,33.9691],[132.6388,33.971],[132.6437,33.9609],[132.6411,33.9565],[132.6371,33.9573],[132.6327,33.9539],[132.6243,33.9569],[132.6148,33.957],[132.604,33.9502],[132.6032,33.9448],[132.6002,33.9428]]],[[[133.361,33.9903],[133.358,33.9941],[133.3509,33.9959],[133.3501,33.9987],[133.3542,34.0055],[133.3601,34.0036],[133.3662,34.0075],[133.3689,34.0061],[133.3681,33.9941],[133.361,33.9903]]],[[[132.5408,33.9613],[132.5334,33.9683],[132.5396,33.9734],[132.5342,33.9886],[132.5435,33.9918],[132.5495,33.9899],[132.5527,33.9931],[132.5579,33.9947],[132.5648,33.9939],[132.5628,33.9905],[132.5641,33.9865],[132.5594,33.9877],[132.5492,33.9701],[132.5443,33.9693],[132.5408,33.9613]]],[[[132.4933,33.9648],[132.4915,33.9707],[132.4968,33.9697],[132.4998,33.9737],[132.4948,33.9812],[132.4985,33.9815],[132.5032,33.989],[132.5072,33.9871],[132.5123,33.9892],[132.5227,33.9883],[132.519,33.9826],[132.5131,33.9817],[132.5127,33.9755],[132.5057,33.9744],[132.5048,33.9711],[132.4968,33.9682],[132.4933,33.9648]]],[[[132.6871,33.9651],[132.6827,33.9723],[132.6895,33.9731],[132.689,33.9778],[132.6933,33.9761],[132.6977,33.9659],[132.6871,33.9651]]],[[[132.7633,33.9723],[132.7613,33.974],[132.7643,33.9756],[132.7658,33.9741],[132.7633,33.9723]]],[[[132.6567,33.9512],[132.6506,33.9553],[132.6488,33.9597],[132.6508,33.966],[132.6577,33.9693],[132.6601,33.9749],[132.6719,33.9693],[132.6741,33.9517],[132.6724,33.9543],[132.6657,33.9571],[132.6602,33.952],[132.6567,33.9512]]],[[[132.5288,33.926],[132.521,33.9293],[132.5181,33.9278],[132.5154,33.9319],[132.5214,33.9367],[132.5257,33.934],[132.5296,33.9361],[132.5359,33.9335],[132.5482,33.9377],[132.5531,33.9369],[132.5533,33.9335],[132.5449,33.9325],[132.5288,33.926]]],[[[132.6689,33.8705],[132.664,33.8723],[132.6616,33.8765],[132.6675,33.8974],[132.6618,33.9029],[132.6543,33.8982],[132.6524,33.8992],[132.6569,33.9042],[132.6593,33.9106],[132.6761,33.9103],[132.6786,33.9117],[132.6784,33.9199],[132.6809,33.9217],[132.6879,33.9219],[132.6898,33.9272],[132.7007,33.9271],[132.7013,33.9231],[132.6973,33.924],[132.6939,33.9199],[132.6936,33.9157],[132.6902,33.9144],[132.6927,33.9047],[132.6731,33.9007],[132.6721,33.8943],[132.6759,33.8876],[132.6811,33.8857],[132.6798,33.8811],[132.6891,33.8764],[132.683,33.8732],[132.6795,33.8753],[132.6701,33.8746],[132.6689,33.8705]]],[[[132.641,33.8861],[132.6371,33.8952],[132.6449,33.8911],[132.6451,33.8877],[132.641,33.8861]]],[[[132.5306,33.8443],[132.5262,33.8511],[132.5151,33.8525],[132.5168,33.8541],[132.5219,33.8523],[132.529,33.8555],[132.5336,33.8523],[132.5306,33.8443]]],[[[132.4744,33.7326],[132.4752,33.7365],[132.4833,33.7381],[132.4902,33.7361],[132.4744,33.7326]]],[[[132.3473,33.4526],[132.3435,33.4529],[132.3442,33.4574],[132.3513,33.4591],[132.3514,33.4554],[132.3473,33.4526]]],[[[132.3654,33.4379],[132.3571,33.4387],[132.3694,33.4396],[132.3654,33.4379]]],[[[132.3411,33.3807],[132.3348,33.3911],[132.339,33.3958],[132.3442,33.3959],[132.3454,33.3939],[132.3405,33.3872],[132.3411,33.3807]]],[[[132.3582,33.3691],[132.3534,33.374],[132.3489,33.3727],[132.3431,33.3771],[132.3438,33.3786],[132.3662,33.3769],[132.3582,33.3691]]],[[[132.5193,33.2176],[132.507,33.2297],[132.5129,33.2332],[132.5164,33.2404],[132.5247,33.2379],[132.5339,33.2263],[132.5237,33.2218],[132.5193,33.2176]]],[[[132.364,33.2241],[132.3564,33.2289],[132.3615,33.2318],[132.364,33.2241]]],[[[132.3628,33.1879],[132.3571,33.1905],[132.3566,33.1997],[132.3538,33.1995],[132.3546,33.2013],[132.3522,33.2043],[132.3403,33.2063],[132.3509,33.2076],[132.3542,33.2051],[132.3646,33.2076],[132.3645,33.2104],[132.3674,33.2132],[132.3771,33.2184],[132.3746,33.2205],[132.3776,33.2193],[132.3822,33.2093],[132.3606,33.2025],[132.362,33.1989],[132.3582,33.1975],[132.3635,33.1903],[132.3628,33.1879]]],[[[132.4771,33.2138],[132.4825,33.2193],[132.484,33.2168],[132.49,33.2196],[132.4874,33.215],[132.484,33.216],[132.4771,33.2138]]],[[[132.4012,33.1848],[132.3948,33.1868],[132.3971,33.1927],[132.3963,33.1963],[132.3885,33.1985],[132.3921,33.2009],[132.3938,33.2058],[132.4046,33.2062],[132.4026,33.2001],[132.4078,33.2004],[132.4063,33.1959],[132.4132,33.1974],[132.4175,33.1957],[132.4148,33.1893],[132.4036,33.1876],[132.4012,33.1848]]],[[[132.3691,33.181],[132.366,33.1869],[132.3718,33.1859],[132.3741,33.183],[132.3691,33.181]]],[[[132.2891,33.1628],[132.28,33.1693],[132.266,33.1681],[132.2628,33.173],[132.2634,33.1814],[132.2609,33.1835],[132.2656,33.1835],[132.265,33.1741],[132.2677,33.1727],[132.2702,33.1775],[132.2765,33.1711],[132.2809,33.1765],[132.284,33.1733],[132.2947,33.1794],[132.2934,33.1743],[132.2957,33.1712],[132.2931,33.1721],[132.2891,33.1628]]],[[[132.3977,33.1804],[132.3999,33.183],[132.4064,33.1829],[132.3977,33.1804]]],[[[132.3953,33.1627],[132.3921,33.1635],[132.3957,33.1678],[132.3972,33.1663],[132.3953,33.1627]]],[[[132.3112,33.1481],[132.3034,33.149],[132.2868,33.1595],[132.2886,33.1618],[132.2946,33.1581],[132.2963,33.1605],[132.3016,33.1589],[132.3102,33.1637],[132.306,33.1585],[132.3047,33.153],[132.3106,33.1507],[132.3144,33.1523],[132.3112,33.1481]]],[[[132.3202,33.1511],[132.3371,33.161],[132.3447,33.1594],[132.3362,33.1583],[132.3301,33.1531],[132.3202,33.1511]]],[[[132.4124,33.1021],[132.4082,33.1055],[132.4151,33.1115],[132.415,33.1083],[132.4173,33.1065],[132.4124,33.1021]]],[[[132.3179,33.1017],[132.3192,33.1077],[132.3346,33.1085],[132.3364,33.1063],[132.3179,33.1017]]],[[[132.436,32.9399],[132.4351,32.9429],[132.4389,32.943],[132.4535,32.9509],[132.4571,32.9502],[132.4574,32.9454],[132.4528,32.9425],[132.436,32.9399]]],[[[132.4027,32.9335],[132.4045,32.946],[132.4043,32.9394],[132.4063,32.9356],[132.4027,32.9335]]]]}},{"type":"Feature","properties":{"name":"奈良県","id":29},"geometry":{"type":"MultiPolygon","coordinates":[[[[135.7116,34.7813],[135.721,34.7744],[135.7284,34.7779],[135.7334,34.7547],[135.7363,34.7548],[135.7363,34.7497],[135.7468,34.7464],[135.7488,34.7415],[135.7567,34.7351],[135.7551,34.7275],[135.7779,34.7234],[135.7928,34.7241],[135.7966,34.7208],[135.7995,34.7224],[135.8034,34.7217],[135.8062,34.7179],[135.8118,34.7163],[135.8106,34.7147],[135.8208,34.7119],[135.8266,34.7135],[135.8391,34.7115],[135.8488,34.7074],[135.8486,34.7059],[135.8639,34.7068],[135.8765,34.7136],[135.886,34.7127],[135.89,34.7087],[135.8982,34.7315],[135.9014,34.7317],[135.9156,34.7532],[135.9209,34.7532],[135.9254,34.7575],[135.9285,34.7564],[135.9234,34.7439],[135.9254,34.7403],[135.933,34.7379],[135.9369,34.7399],[135.9428,34.738],[135.9447,34.7417],[135.955,34.7477],[135.9588,34.7402],[135.9663,34.7424],[135.9695,34.7405],[135.9754,34.7409],[135.9832,34.7331],[135.9859,34.7151],[135.9915,34.7144],[135.9926,34.7123],[136.0002,34.7135],[136.0055,34.7169],[136.0111,34.7149],[136.014,34.7077],[136.0194,34.7084],[136.0285,34.7062],[136.029,34.7137],[136.0395,34.7216],[136.0427,34.7361],[136.0552,34.7384],[136.0678,34.7227],[136.0673,34.7188],[136.07,34.7137],[136.0632,34.7085],[136.0533,34.7051],[136.06,34.6997],[136.0747,34.6976],[136.0807,34.6826],[136.0855,34.6763],[136.0818,34.6699],[136.0821,34.666],[136.0775,34.6621],[136.0767,34.659],[136.0635,34.6521],[136.0403,34.6633],[136.0402,34.66],[136.0519,34.6521],[136.0646,34.6513],[136.0725,34.6366],[136.0674,34.6217],[136.0621,34.6196],[136.0463,34.6002],[136.0515,34.5919],[136.0497,34.5871],[136.047,34.5865],[136.0495,34.5801],[136.0579,34.577],[136.061,34.569],[136.0735,34.5667],[136.0841,34.5593],[136.0928,34.5569],[136.1106,34.5559],[136.1142,34.5459],[136.1236,34.5491],[136.1383,34.5607],[136.148,34.5557],[136.1511,34.5555],[136.1518,34.5591],[136.1556,34.5587],[136.156,34.5554],[136.1615,34.5483],[136.1601,34.5463],[136.1682,34.5395],[136.1715,34.5341],[136.1671,34.52],[136.1821,34.5171],[136.1899,34.5238],[136.2116,34.5288],[136.2163,34.5281],[136.216,34.5228],[136.2192,34.5128],[136.2147,34.5032],[136.2164,34.4987],[136.229,34.4941],[136.2274,34.4887],[136.218,34.484],[136.2093,34.4658],[136.2059,34.4485],[136.188,34.4503],[136.1776,34.4453],[136.1577,34.4482],[136.1489,34.4415],[136.1279,34.4449],[136.1165,34.4413],[136.1108,34.4356],[136.0958,34.4352],[136.0885,34.4282],[136.0902,34.4207],[136.0883,34.4141],[136.0802,34.4097],[136.0729,34.3968],[136.0687,34.3935],[136.0703,34.3881],[136.0786,34.3855],[136.0861,34.3783],[136.0913,34.3679],[136.0904,34.3625],[136.0952,34.3595],[136.0977,34.3455],[136.1017,34.341],[136.1017,34.3365],[136.1111,34.3283],[136.1213,34.326],[136.1292,34.3159],[136.1218,34.3102],[136.1189,34.3104],[136.1116,34.3057],[136.0996,34.3053],[136.0947,34.301],[136.0985,34.2885],[136.1101,34.2807],[136.119,34.2699],[136.1209,34.2664],[136.1181,34.2631],[136.1183,34.2603],[136.1277,34.2555],[136.1311,34.2517],[136.1289,34.2427],[136.1218,34.2387],[136.1161,34.2311],[136.1102,34.2292],[136.1102,34.2239],[136.1169,34.223],[136.1165,34.2123],[136.1078,34.2105],[136.1049,34.2061],[136.0969,34.2019],[136.0931,34.1956],[136.0926,34.19],[136.1086,34.1843],[136.1045,34.1729],[136.1118,34.1674],[136.1141,34.1593],[136.1071,34.1539],[136.1054,34.1437],[136.1017,34.1406],[136.1081,34.1267],[136.099,34.1187],[136.1042,34.1141],[136.1053,34.1046],[136.1074,34.1027],[136.103,34.0955],[136.1182,34.0822],[136.0979,34.0865],[136.0927,34.0826],[136.0964,34.0763],[136.0937,34.0719],[136.096,34.0561],[136.0924,34.0478],[136.0981,34.0435],[136.1033,34.0255],[136.0968,34.0225],[136.0868,34.0283],[136.0793,34.0289],[136.0732,34.0333],[136.0634,34.0329],[136.0543,34.0353],[136.0528,34.032],[136.0438,34.0353],[136.0436,34.0405],[136.039,34.0363],[136.0377,34.0403],[136.0318,34.0325],[136.0186,34.0359],[136.0147,34.0249],[136.0089,34.0209],[136.0025,34.0073],[135.9902,34.0032],[135.9848,33.9922],[135.9793,33.9905],[135.9755,33.9867],[135.9633,33.9851],[135.9569,33.9811],[135.9475,33.9806],[135.9412,33.9752],[135.94,33.9799],[135.9268,33.9811],[135.9153,33.9725],[135.9141,33.9656],[135.9071,33.9635],[135.9028,33.9549],[135.8977,33.9537],[135.8934,33.9481],[135.892,33.9417],[135.8964,33.9349],[135.8979,33.9269],[135.901,33.9243],[135.9039,33.9252],[135.9084,33.9231],[135.9086,33.9184],[135.8963,33.9213],[135.8933,33.9199],[135.8974,33.9121],[135.8942,33.906],[135.8814,33.908],[135.8804,33.917],[135.8661,33.9211],[135.8651,33.9199],[135.8681,33.9151],[135.8598,33.9032],[135.8607,33.887],[135.8639,33.8887],[135.8707,33.8885],[135.8823,33.8787],[135.8733,33.8703],[135.8744,33.8615],[135.8718,33.8588],[135.8648,33.8608],[135.8604,33.8655],[135.8611,33.8761],[135.8576,33.8729],[135.8535,33.8763],[135.854,33.8887],[135.8479,33.8956],[135.8425,33.8969],[135.8371,33.8953],[135.8169,33.905],[135.8082,33.9065],[135.8044,33.9038],[135.8013,33.8957],[135.7877,33.8928],[135.7789,33.8885],[135.7674,33.8908],[135.7557,33.8851],[135.7517,33.8892],[135.7485,33.8881],[135.7425,33.8899],[135.728,33.9011],[135.7103,33.9036],[135.6866,33.9039],[135.679,33.8981],[135.6695,33.8999],[135.6612,33.8978],[135.6617,33.8901],[135.6555,33.8822],[135.6475,33.8768],[135.639,33.8773],[135.6183,33.8719],[135.625,33.8829],[135.6256,33.8874],[135.6218,33.8981],[135.6069,33.8991],[135.6007,33.9025],[135.5996,33.9081],[135.6093,33.9125],[135.6135,33.9267],[135.6098,33.9311],[135.611,33.9368],[135.6153,33.9368],[135.6181,33.9413],[135.6156,33.9472],[135.6173,33.9543],[135.6284,33.9493],[135.6362,33.9503],[135.6358,33.9592],[135.6397,33.9658],[135.6356,33.9908],[135.6307,33.9909],[135.6288,33.9964],[135.624,33.9999],[135.6249,34.0055],[135.6218,34.0094],[135.614,34.0095],[135.6088,34.0129],[135.5955,34.0115],[135.5911,34.0191],[135.5941,34.0221],[135.5945,34.0269],[135.5989,34.0315],[135.5923,34.0455],[135.5875,34.0467],[135.58,34.0569],[135.5667,34.0573],[135.5633,34.063],[135.5535,34.0647],[135.5509,34.0683],[135.5477,34.0681],[135.5396,34.075],[135.5426,34.0811],[135.5477,34.0833],[135.5488,34.0865],[135.5467,34.0999],[135.5571,34.1031],[135.5569,34.1077],[135.5665,34.1128],[135.5766,34.115],[135.5851,34.1391],[135.5905,34.149],[135.6042,34.1543],[135.6151,34.1559],[135.6218,34.1596],[135.6203,34.1671],[135.6278,34.1761],[135.6356,34.179],[135.6445,34.1884],[135.6347,34.1975],[135.6343,34.2037],[135.6398,34.2087],[135.6405,34.2127],[135.6475,34.2187],[135.6537,34.2165],[135.6613,34.2182],[135.6678,34.2241],[135.6755,34.2233],[135.6929,34.2173],[135.6975,34.2117],[135.6999,34.2122],[135.7073,34.2082],[135.7257,34.2205],[135.7297,34.2283],[135.729,34.2338],[135.7248,34.2373],[135.7189,34.2601],[135.715,34.2655],[135.7087,34.2685],[135.7083,34.2713],[135.6925,34.2778],[135.6887,34.2714],[135.6824,34.27],[135.673,34.2807],[135.6746,34.2881],[135.6679,34.3009],[135.6662,34.3123],[135.6676,34.3254],[135.6605,34.3271],[135.6594,34.33],[135.6621,34.3569],[135.6553,34.3678],[135.6507,34.3832],[135.6549,34.3848],[135.6631,34.3965],[135.6754,34.3995],[135.6769,34.4063],[135.6799,34.4083],[135.6761,34.4137],[135.6709,34.4132],[135.6661,34.4191],[135.6647,34.424],[135.672,34.4264],[135.6798,34.4357],[135.6864,34.4509],[135.6827,34.4567],[135.6819,34.4648],[135.682,34.4815],[135.6842,34.4854],[135.6797,34.4903],[135.678,34.4977],[135.673,34.5032],[135.6767,34.5135],[135.6766,34.5246],[135.6691,34.5306],[135.6617,34.5303],[135.6581,34.5435],[135.6533,34.5413],[135.6505,34.5449],[135.6562,34.5522],[135.6545,34.5536],[135.6577,34.563],[135.6727,34.5707],[135.6711,34.5767],[135.6726,34.5799],[135.6762,34.5804],[135.6815,34.5849],[135.677,34.5898],[135.6753,34.6013],[135.6705,34.6035],[135.6592,34.6025],[135.6519,34.6041],[135.6503,34.6087],[135.6584,34.6147],[135.6631,34.6333],[135.6619,34.6354],[135.6651,34.6529],[135.6708,34.6616],[135.6714,34.6675],[135.6778,34.6793],[135.6726,34.6921],[135.6727,34.7017],[135.6837,34.7113],[135.7038,34.7239],[135.6965,34.7437],[135.6987,34.7461],[135.6984,34.7496],[135.7019,34.7505],[135.7065,34.7485],[135.7095,34.7532],[135.709,34.7717],[135.7067,34.7715],[135.7116,34.7813]]]]}},{"type":"Feature","properties":{"name":"島根県","id":32},"geometry":{"type":"MultiPolygon","coordinates":[[[[133.248,36.161],[133.2468,36.1621],[133.2516,36.1724],[133.2446,36.1771],[133.243,36.1761],[133.2468,36.1727],[133.2468,36.1704],[133.2423,36.1675],[133.2361,36.1661],[133.2298,36.1699],[133.2338,36.1703],[133.241,36.1769],[133.2373,36.1775],[133.2377,36.1829],[133.2451,36.1835],[133.2447,36.1897],[133.2388,36.1916],[133.2238,36.1886],[133.2083,36.1987],[133.2073,36.2099],[133.2043,36.2086],[133.1941,36.2123],[133.1932,36.2147],[133.1826,36.2121],[133.1835,36.2233],[133.1888,36.2294],[133.1919,36.2437],[133.1888,36.2487],[133.1782,36.2497],[133.1767,36.2532],[133.1765,36.2575],[133.1846,36.2651],[133.1873,36.2821],[133.18,36.2881],[133.1805,36.2896],[133.1872,36.2889],[133.1965,36.28],[133.2039,36.2798],[133.2,36.2832],[133.1988,36.2875],[133.2056,36.289],[133.2043,36.2916],[133.1926,36.2894],[133.1916,36.2909],[133.1952,36.3015],[133.1999,36.2995],[133.2098,36.3008],[133.2073,36.3091],[133.2096,36.3109],[133.2125,36.3107],[133.2156,36.3148],[133.2232,36.3136],[133.2315,36.3183],[133.2265,36.3221],[133.2241,36.3283],[133.2295,36.3283],[133.2468,36.3345],[133.2509,36.3335],[133.2512,36.3302],[133.2565,36.3277],[133.2577,36.3297],[133.2622,36.3283],[133.2779,36.3391],[133.2803,36.345],[133.2755,36.3484],[133.2817,36.3485],[133.2874,36.3365],[133.2927,36.3329],[133.2946,36.3338],[133.2958,36.3293],[133.3017,36.3259],[133.3059,36.329],[133.3088,36.3288],[133.3048,36.3228],[133.3075,36.3189],[133.3207,36.3275],[133.3185,36.3243],[133.3184,36.3194],[133.3219,36.3162],[133.3251,36.316],[133.3239,36.3091],[133.334,36.3127],[133.3417,36.3107],[133.3364,36.3065],[133.34,36.3056],[133.3442,36.298],[133.3589,36.2987],[133.3628,36.2971],[133.356,36.2927],[133.3571,36.2893],[133.3623,36.2899],[133.3595,36.2843],[133.3628,36.2787],[133.3656,36.2799],[133.3665,36.2785],[133.3701,36.2815],[133.3732,36.2776],[133.3782,36.277],[133.3757,36.2711],[133.3853,36.2687],[133.382,36.2648],[133.3754,36.2616],[133.3766,36.2603],[133.3725,36.2517],[133.3754,36.2481],[133.373,36.2442],[133.3756,36.2407],[133.3765,36.2305],[133.3739,36.2243],[133.3718,36.2233],[133.3697,36.2062],[133.3599,36.2035],[133.3549,36.2039],[133.3553,36.1998],[133.3515,36.1979],[133.3387,36.196],[133.3394,36.1988],[133.348,36.2067],[133.3461,36.209],[133.3511,36.2124],[133.3453,36.2147],[133.3443,36.2169],[133.3489,36.2157],[133.3493,36.2179],[133.3427,36.2212],[133.3443,36.2241],[133.3379,36.2205],[133.339,36.2182],[133.3371,36.2115],[133.3355,36.213],[133.3366,36.2053],[133.3349,36.2057],[133.3345,36.2029],[133.3295,36.2015],[133.3262,36.204],[133.3161,36.2047],[133.3062,36.1996],[133.3087,36.1942],[133.3086,36.1995],[133.314,36.1994],[133.3197,36.1965],[133.3251,36.2008],[133.3301,36.1973],[133.3341,36.1973],[133.3372,36.1881],[133.3385,36.1731],[133.341,36.1713],[133.3397,36.1699],[133.3268,36.1679],[133.3118,36.1721],[133.3086,36.1759],[133.307,36.1733],[133.3029,36.1725],[133.3004,36.1758],[133.296,36.1779],[133.2952,36.1764],[133.2899,36.18],[133.2881,36.1769],[133.2904,36.1723],[133.2872,36.1711],[133.2832,36.1793],[133.2819,36.1747],[133.2796,36.1813],[133.2822,36.1861],[133.2795,36.1882],[133.2761,36.1805],[133.2777,36.1789],[133.2775,36.1699],[133.2695,36.1695],[133.2586,36.1641],[133.263,36.1715],[133.2588,36.1699],[133.2586,36.1727],[133.2556,36.1665],[133.248,36.161]]],[[[132.9979,36.0389],[132.9886,36.0443],[132.9857,36.0483],[132.9756,36.0524],[132.9722,36.0568],[132.964,36.0599],[132.9534,36.0597],[132.9495,36.0619],[132.9546,36.0651],[132.9464,36.0643],[132.9463,36.0673],[132.953,36.0763],[132.9484,36.0763],[132.9456,36.08],[132.9511,36.0818],[132.9503,36.0847],[132.9542,36.0865],[132.9561,36.0905],[132.9693,36.0947],[132.9626,36.0973],[132.977,36.1123],[132.9771,36.1145],[132.9808,36.115],[132.9814,36.1171],[132.9853,36.1165],[132.9857,36.1114],[132.9836,36.1087],[132.9882,36.1095],[132.9914,36.1139],[132.9981,36.1144],[133.0031,36.1116],[133.0027,36.1097],[133.0053,36.1079],[133.0058,36.1109],[133.0117,36.1155],[133.0139,36.1377],[133.0224,36.1343],[133.0255,36.1357],[133.0264,36.1385],[133.0429,36.1353],[133.045,36.1311],[133.0438,36.1279],[133.0533,36.1318],[133.0544,36.1268],[133.0645,36.1354],[133.0684,36.1429],[133.069,36.1406],[133.0799,36.1421],[133.0794,36.1387],[133.0867,36.1372],[133.0912,36.1391],[133.0857,36.126],[133.0691,36.1134],[133.0675,36.1147],[133.0612,36.113],[133.0477,36.1131],[133.0391,36.1073],[133.041,36.1023],[133.0455,36.0999],[133.0438,36.0983],[133.045,36.0945],[133.0486,36.0965],[133.0559,36.0865],[133.0563,36.0833],[133.051,36.0799],[133.0504,36.0661],[133.0478,36.0666],[133.0457,36.0619],[133.0431,36.0605],[133.043,36.0623],[133.0386,36.0621],[133.0365,36.0652],[133.0231,36.0637],[133.0113,36.0753],[133.0069,36.0743],[133.0103,36.0781],[133.0064,36.0823],[133.0076,36.0865],[133.0051,36.091],[133.0126,36.0951],[133.0111,36.1009],[133.0051,36.1058],[133.0075,36.0989],[133.0031,36.0924],[132.9991,36.0941],[132.9968,36.0907],[132.9897,36.0927],[132.9922,36.0844],[132.9847,36.0866],[132.986,36.0935],[132.9792,36.0891],[132.9796,36.0865],[132.9767,36.0855],[132.9782,36.0793],[132.982,36.0785],[132.9809,36.075],[132.9845,36.07],[132.9849,36.0657],[132.9869,36.0658],[132.9921,36.0571],[132.9922,36.0531],[132.9996,36.0439],[132.9979,36.0389]]],[[[133.1698,36.1337],[133.1741,36.1405],[133.1786,36.1379],[133.1698,36.1337]]],[[[133.0677,36.0351],[133.0697,36.0499],[133.0713,36.0499],[133.0697,36.0591],[133.0737,36.0588],[133.0744,36.0614],[133.0776,36.0622],[133.0741,36.067],[133.0791,36.0695],[133.0763,36.0751],[133.0707,36.0728],[133.0669,36.076],[133.0735,36.0773],[133.0718,36.08],[133.0742,36.08],[133.0695,36.083],[133.0716,36.0848],[133.0636,36.101],[133.0681,36.1005],[133.0711,36.1058],[133.0739,36.1064],[133.0766,36.1025],[133.0806,36.1025],[133.0797,36.1065],[133.0774,36.1078],[133.0814,36.1143],[133.0851,36.1126],[133.0854,36.11],[133.0876,36.1101],[133.0852,36.1046],[133.0859,36.0983],[133.0896,36.0963],[133.092,36.1023],[133.0904,36.1017],[133.093,36.106],[133.0945,36.1058],[133.092,36.1087],[133.0963,36.1079],[133.0969,36.1097],[133.091,36.111],[133.091,36.1141],[133.0931,36.1174],[133.0978,36.1185],[133.1036,36.117],[133.113,36.1201],[133.11,36.1174],[133.1149,36.1175],[133.1143,36.1159],[133.1166,36.1146],[133.121,36.1153],[133.1258,36.1112],[133.1318,36.1114],[133.1269,36.1063],[133.1351,36.1025],[133.1275,36.0987],[133.1255,36.0939],[133.1271,36.0915],[133.1226,36.0865],[133.117,36.0844],[133.1218,36.082],[133.1307,36.0829],[133.1315,36.0862],[133.136,36.0855],[133.1448,36.0827],[133.1519,36.0753],[133.145,36.0748],[133.1375,36.0824],[133.1321,36.0744],[133.1287,36.0743],[133.1281,36.0769],[133.1218,36.0749],[133.1185,36.0788],[133.1134,36.0786],[133.1165,36.0749],[133.1156,36.0678],[133.1176,36.0647],[133.0963,36.0723],[133.1076,36.0625],[133.1,36.0613],[133.1039,36.0587],[133.0965,36.0577],[133.0989,36.0529],[133.1035,36.0537],[133.1027,36.0509],[133.0998,36.0493],[133.088,36.0529],[133.0854,36.0511],[133.0874,36.0493],[133.0871,36.0462],[133.0821,36.047],[133.0762,36.0451],[133.0761,36.0436],[133.0808,36.0414],[133.0799,36.0383],[133.0677,36.0351]]],[[[133.1656,36.1001],[133.1565,36.1041],[133.1629,36.1147],[133.1667,36.1132],[133.1649,36.1085],[133.1676,36.1065],[133.1672,36.1017],[133.1656,36.1001]]],[[[133.0587,35.9941],[133.0553,35.9967],[133.0572,36.005],[133.0489,36.004],[133.0461,36.0063],[133.0474,36.0086],[133.0407,36.0133],[133.0413,36.0107],[133.0375,36.0009],[133.0315,36.0064],[133.0298,36.0008],[133.0277,36.0016],[133.024,36.0071],[133.0111,36.0024],[133.0059,36.0036],[133.0084,36.0095],[133.0028,36.0151],[133.0071,36.0176],[133.0013,36.022],[133.0045,36.0229],[133.0003,36.0275],[132.9993,36.0324],[133.0212,36.0303],[133.0262,36.032],[133.0343,36.0285],[133.043,36.0229],[133.0419,36.0211],[133.0604,36.0109],[133.0715,36.011],[133.0689,36.0063],[133.0644,36.0049],[133.0655,35.9977],[133.0587,35.9941]]],[[[133.0503,35.9934],[133.049,35.9965],[133.0503,35.9984],[133.0473,36.0015],[133.0526,36.0028],[133.0503,35.9934]]],[[[133.0771,35.9932],[133.0754,35.9999],[133.0771,35.9997],[133.0788,35.9949],[133.0771,35.9932]]],[[[133.2441,35.5491],[133.2312,35.5491],[133.2175,35.5461],[133.1999,35.5339],[133.1979,35.5264],[133.2116,35.5032],[133.2215,35.4815],[133.2468,35.4627],[133.2755,35.4448],[133.3021,35.4351],[133.3097,35.4281],[133.3205,35.4069],[133.3191,35.3946],[133.3146,35.3912],[133.314,35.3867],[133.3239,35.3743],[133.3177,35.3728],[133.3177,35.3679],[133.3138,35.3656],[133.3071,35.3659],[133.2948,35.3465],[133.2961,35.3268],[133.2977,35.3247],[133.2919,35.3197],[133.3057,35.3027],[133.299,35.2915],[133.3074,35.2793],[133.3099,35.2685],[133.3008,35.2634],[133.2952,35.2643],[133.2901,35.261],[133.2805,35.2619],[133.2745,35.258],[133.262,35.2589],[133.2581,35.2615],[133.2507,35.2587],[133.2409,35.2501],[133.2309,35.2469],[133.2238,35.2493],[133.21,35.2419],[133.1889,35.2368],[133.1528,35.2191],[133.151,35.2162],[133.1512,35.2062],[133.1544,35.2032],[133.1686,35.209],[133.1819,35.2009],[133.1834,35.1943],[133.1816,35.1881],[133.1889,35.1841],[133.1944,35.1699],[133.1893,35.1616],[133.1838,35.1575],[133.1703,35.1536],[133.1657,35.1494],[133.1567,35.1489],[133.1493,35.1409],[133.1457,35.1328],[133.1457,35.1243],[133.1397,35.1183],[133.1447,35.1067],[133.1374,35.0931],[133.137,35.0865],[133.1409,35.0812],[133.1396,35.0757],[133.1357,35.0743],[133.1274,35.0766],[133.1192,35.0846],[133.1136,35.0841],[133.1123,35.0857],[133.1026,35.0827],[133.0964,35.0849],[133.0861,35.0787],[133.0719,35.0821],[133.0685,35.0802],[133.0603,35.0814],[133.0518,35.0704],[133.0435,35.0681],[133.033,35.0683],[133.0255,35.0768],[133.0159,35.0783],[133.0148,35.0865],[133.0039,35.0903],[133.0015,35.0955],[132.9968,35.0985],[132.9935,35.0978],[132.9902,35.1014],[132.9867,35.1007],[132.9795,35.0943],[132.9787,35.0872],[132.9743,35.0835],[132.9499,35.0755],[132.9338,35.0835],[132.926,35.0811],[132.9182,35.0854],[132.9088,35.0865],[132.8972,35.1035],[132.8876,35.1057],[132.8718,35.1018],[132.8635,35.0972],[132.827,35.0612],[132.8365,35.0525],[132.8362,35.0473],[132.8287,35.047],[132.8139,35.0407],[132.8127,35.0361],[132.8098,35.0349],[132.8102,35.0323],[132.8049,35.0257],[132.7939,35.0201],[132.7871,35.014],[132.7872,35.0048],[132.7656,34.9965],[132.763,34.9933],[132.7663,34.9912],[132.7651,34.9901],[132.7679,34.9847],[132.7548,34.9779],[132.7452,34.9771],[132.7521,34.9671],[132.7468,34.9593],[132.7407,34.9567],[132.7393,34.9621],[132.7266,34.9561],[132.7268,34.9533],[132.7198,34.9481],[132.7126,34.9534],[132.707,34.955],[132.7017,34.9516],[132.6992,34.9532],[132.6845,34.9507],[132.6829,34.9454],[132.6729,34.9319],[132.6672,34.9311],[132.6616,34.9246],[132.6505,34.9199],[132.6469,34.9117],[132.6404,34.9039],[132.6333,34.9049],[132.635,34.8987],[132.6547,34.8997],[132.6588,34.892],[132.663,34.8899],[132.6751,34.8943],[132.6798,34.8846],[132.6999,34.8821],[132.7052,34.8634],[132.708,34.8605],[132.7099,34.8499],[132.7014,34.8467],[132.6972,34.8429],[132.6923,34.8448],[132.6895,34.851],[132.6792,34.8513],[132.671,34.8433],[132.6691,34.8329],[132.6601,34.8327],[132.6533,34.8365],[132.6507,34.8405],[132.642,34.8379],[132.6356,34.8409],[132.6324,34.8401],[132.6319,34.8427],[132.6151,34.8433],[132.6125,34.8397],[132.6114,34.8404],[132.6116,34.8343],[132.6024,34.831],[132.5991,34.8335],[132.5936,34.8292],[132.5895,34.8215],[132.5858,34.8227],[132.5788,34.8161],[132.5689,34.8118],[132.5673,34.8064],[132.5536,34.8081],[132.5468,34.8029],[132.5436,34.7977],[132.5374,34.7949],[132.5195,34.8037],[132.5109,34.8014],[132.5051,34.796],[132.4953,34.8009],[132.4844,34.7973],[132.4796,34.7998],[132.475,34.7994],[132.4712,34.8023],[132.454,34.8012],[132.4525,34.8029],[132.4545,34.8033],[132.4559,34.8074],[132.4346,34.8206],[132.426,34.8131],[132.4205,34.814],[132.4228,34.7981],[132.4139,34.7979],[132.396,34.7794],[132.3924,34.7837],[132.3895,34.7827],[132.381,34.7858],[132.3824,34.7949],[132.3718,34.8012],[132.3603,34.8002],[132.3564,34.7972],[132.352,34.7981],[132.3356,34.7901],[132.3248,34.7924],[132.3205,34.7961],[132.3184,34.8008],[132.3157,34.8014],[132.3053,34.7935],[132.306,34.7901],[132.301,34.7847],[132.298,34.7771],[132.2797,34.7835],[132.2782,34.7892],[132.2747,34.7914],[132.2776,34.7987],[132.2741,34.7999],[132.2699,34.7981],[132.2669,34.8021],[132.2593,34.8065],[132.241,34.8059],[132.2383,34.8005],[132.2419,34.799],[132.2418,34.7845],[132.2331,34.7768],[132.2334,34.774],[132.225,34.7702],[132.226,34.7659],[132.222,34.7615],[132.2236,34.758],[132.2215,34.7503],[132.2094,34.7449],[132.203,34.7488],[132.1961,34.7449],[132.1958,34.7389],[132.1888,34.7345],[132.1843,34.7338],[132.1786,34.7365],[132.1495,34.7182],[132.1422,34.7155],[132.1423,34.7119],[132.136,34.708],[132.13,34.708],[132.1299,34.6989],[132.1411,34.6919],[132.1435,34.6937],[132.1557,34.6929],[132.1588,34.6899],[132.1612,34.6833],[132.154,34.6779],[132.1478,34.6681],[132.1464,34.6621],[132.1373,34.6522],[132.1363,34.6488],[132.1336,34.6483],[132.1338,34.6453],[132.126,34.6413],[132.1296,34.6303],[132.1218,34.6225],[132.1212,34.6191],[132.1157,34.6127],[132.1169,34.6026],[132.1299,34.598],[132.1237,34.5865],[132.1251,34.5825],[132.1174,34.5787],[132.118,34.5746],[132.1152,34.5667],[132.111,34.5619],[132.098,34.5528],[132.0838,34.5379],[132.0527,34.5299],[132.0473,34.5215],[132.0482,34.5161],[132.0359,34.5022],[132.0383,34.4995],[132.049,34.4997],[132.0583,34.4929],[132.0572,34.4807],[132.0633,34.4762],[132.0679,34.4675],[132.0545,34.4678],[132.0508,34.4661],[132.0471,34.4694],[132.0385,34.4689],[132.0302,34.4625],[132.0245,34.4623],[132.0158,34.4533],[132.0167,34.4409],[132.0135,34.4367],[132.0094,34.4317],[132.0058,34.4323],[131.9968,34.4279],[131.9895,34.4142],[131.9968,34.4071],[131.9985,34.4005],[132.0049,34.3919],[132.0064,34.3869],[132.0125,34.3827],[132.0126,34.3717],[132.0116,34.3685],[132.0072,34.3651],[131.9968,34.3643],[131.9891,34.3533],[131.9819,34.3502],[131.9805,34.3441],[131.9747,34.342],[131.9745,34.3339],[131.9699,34.3243],[131.9613,34.3213],[131.9626,34.3129],[131.9578,34.3064],[131.9442,34.3236],[131.9326,34.3279],[131.9295,34.3331],[131.919,34.3377],[131.8991,34.3191],[131.8873,34.3271],[131.8843,34.3217],[131.8851,34.3119],[131.8804,34.3087],[131.8605,34.3053],[131.8507,34.3065],[131.8449,34.3106],[131.8389,34.3087],[131.8333,34.3111],[131.8301,34.3025],[131.8217,34.3049],[131.8192,34.3026],[131.8135,34.3117],[131.809,34.3119],[131.7982,34.3168],[131.7953,34.3213],[131.7945,34.3272],[131.7762,34.3335],[131.774,34.3373],[131.7783,34.3433],[131.7772,34.3536],[131.7702,34.3562],[131.7654,34.3649],[131.7664,34.3735],[131.7642,34.3761],[131.7637,34.3816],[131.7709,34.3871],[131.7776,34.3979],[131.7833,34.3995],[131.7942,34.4298],[131.7931,34.4362],[131.7842,34.4347],[131.7717,34.4365],[131.7585,34.4341],[131.7553,34.44],[131.7454,34.4354],[131.7376,34.4288],[131.729,34.4325],[131.7221,34.4289],[131.7141,34.4288],[131.7022,34.4355],[131.6976,34.4351],[131.6933,34.4432],[131.6979,34.4497],[131.6935,34.4638],[131.6992,34.4743],[131.6945,34.4811],[131.6825,34.4785],[131.6814,34.4921],[131.6749,34.5009],[131.6672,34.5041],[131.6685,34.5106],[131.6808,34.5185],[131.6845,34.5171],[131.6859,34.5197],[131.7048,34.5317],[131.7047,34.5342],[131.7003,34.5368],[131.7042,34.5415],[131.7032,34.5483],[131.7007,34.5507],[131.7043,34.559],[131.7021,34.5652],[131.7112,34.5628],[131.7192,34.5723],[131.7236,34.5721],[131.726,34.5783],[131.7207,34.5819],[131.7193,34.5865],[131.7171,34.6038],[131.7181,34.6121],[131.7162,34.6137],[131.7104,34.6143],[131.7089,34.6126],[131.7027,34.6147],[131.6942,34.621],[131.6941,34.6281],[131.697,34.6329],[131.6968,34.6417],[131.6994,34.6485],[131.6947,34.6485],[131.6945,34.6555],[131.6883,34.6567],[131.6889,34.6623],[131.6837,34.6681],[131.6901,34.6759],[131.6899,34.681],[131.6908,34.6782],[131.7027,34.6724],[131.7081,34.6753],[131.7138,34.6732],[131.7213,34.6768],[131.7238,34.674],[131.7468,34.6759],[131.7951,34.688],[131.8203,34.6969],[131.8441,34.7087],[131.8547,34.7181],[131.8539,34.7218],[131.8612,34.7232],[131.8701,34.7324],[131.8682,34.7397],[131.8718,34.7395],[131.8718,34.7423],[131.8736,34.7423],[131.8685,34.7467],[131.8641,34.7548],[131.8733,34.7599],[131.8852,34.7569],[131.8895,34.7581],[131.888,34.7632],[131.8934,34.7625],[131.8942,34.7713],[131.8965,34.7757],[131.9137,34.7741],[131.9161,34.7834],[131.9193,34.7862],[131.9228,34.7866],[131.9249,34.7813],[131.9299,34.7821],[131.9339,34.7895],[131.943,34.7911],[131.952,34.8057],[131.9504,34.8106],[131.9547,34.8119],[131.9543,34.8157],[131.9706,34.8232],[131.9733,34.8213],[131.9871,34.8271],[131.9946,34.8425],[132.0055,34.8465],[132.0145,34.8598],[132.0075,34.8633],[132.007,34.8682],[132.0205,34.8727],[132.017,34.8689],[132.0176,34.8673],[132.0196,34.8697],[132.0184,34.8642],[132.0211,34.8674],[132.0209,34.8706],[132.024,34.8714],[132.0262,34.8753],[132.0293,34.875],[132.0289,34.8797],[132.0324,34.8784],[132.0357,34.8824],[132.0414,34.8775],[132.046,34.8779],[132.0399,34.8739],[132.046,34.8716],[132.0534,34.8717],[132.059,34.8773],[132.0549,34.8789],[132.0581,34.8811],[132.0566,34.8889],[132.0625,34.8911],[132.0601,34.8939],[132.0627,34.8912],[132.0647,34.8924],[132.062,34.8955],[132.0633,34.8962],[132.0664,34.8909],[132.0701,34.8923],[132.063,34.9015],[132.0647,34.9076],[132.072,34.9075],[132.0712,34.9023],[132.071,34.9045],[132.0743,34.9043],[132.0768,34.9066],[132.0777,34.9116],[132.0808,34.9115],[132.0754,34.9114],[132.075,34.9085],[132.0704,34.9137],[132.0731,34.9187],[132.0841,34.9257],[132.0839,34.9307],[132.0895,34.9308],[132.0896,34.9331],[132.0928,34.9341],[132.1022,34.9333],[132.1079,34.9389],[132.1048,34.9451],[132.1119,34.953],[132.113,34.9511],[132.1218,34.9527],[132.1437,34.9639],[132.1464,34.9657],[132.1511,34.9769],[132.1641,34.9809],[132.1877,34.9946],[132.1928,35.0008],[132.2354,35.0346],[132.2502,35.0384],[132.2543,35.0414],[132.2599,35.0383],[132.2745,35.0414],[132.286,35.0482],[132.2928,35.0493],[132.2929,35.0516],[132.2959,35.0503],[132.3085,35.0566],[132.3154,35.0668],[132.317,35.0735],[132.3259,35.0758],[132.3261,35.0815],[132.323,35.0865],[132.3315,35.0975],[132.3411,35.0918],[132.3449,35.0926],[132.3386,35.0964],[132.3407,35.0979],[132.3371,35.0986],[132.3408,35.0997],[132.3393,35.1019],[132.3453,35.1038],[132.3453,35.1058],[132.3479,35.1045],[132.3477,35.1079],[132.3504,35.1089],[132.3531,35.1063],[132.3576,35.1114],[132.3567,35.1138],[132.3612,35.1127],[132.3645,35.1158],[132.3635,35.1203],[132.3649,35.1215],[132.3686,35.1198],[132.3696,35.1239],[132.3744,35.1243],[132.3733,35.1262],[132.3859,35.1287],[132.3907,35.1373],[132.387,35.1428],[132.3834,35.1437],[132.381,35.1468],[132.3884,35.1464],[132.3914,35.1488],[132.395,35.1567],[132.3978,35.1555],[132.402,35.1578],[132.4031,35.1641],[132.4006,35.1651],[132.403,35.1699],[132.4071,35.1743],[132.4159,35.177],[132.4141,35.1805],[132.415,35.1833],[132.4204,35.1828],[132.4213,35.1873],[132.4186,35.1865],[132.4168,35.1903],[132.4282,35.1897],[132.4466,35.1976],[132.4674,35.2132],[132.466,35.2167],[132.4755,35.2187],[132.4867,35.2241],[132.4865,35.2297],[132.4894,35.2307],[132.4968,35.2269],[132.5037,35.2309],[132.5026,35.2325],[132.5064,35.2363],[132.5277,35.2431],[132.5267,35.2455],[132.529,35.2516],[132.5384,35.2573],[132.5604,35.2647],[132.5753,35.2726],[132.581,35.2714],[132.5848,35.275],[132.6105,35.2802],[132.626,35.2873],[132.6461,35.306],[132.6643,35.3365],[132.6738,35.3749],[132.6715,35.4011],[132.6684,35.4029],[132.6633,35.4009],[132.6666,35.4027],[132.6594,35.4084],[132.6356,35.4183],[132.6239,35.4179],[132.6234,35.4252],[132.6266,35.4275],[132.6287,35.4352],[132.6354,35.4322],[132.6409,35.4321],[132.6423,35.4349],[132.6457,35.4335],[132.646,35.4347],[132.6414,35.4415],[132.65,35.4381],[132.6488,35.4402],[132.6518,35.4391],[132.6538,35.4413],[132.6586,35.4409],[132.6595,35.4443],[132.6609,35.4426],[132.665,35.4447],[132.668,35.4409],[132.6679,35.4447],[132.6709,35.4443],[132.6762,35.4475],[132.6784,35.4463],[132.6783,35.4431],[132.6825,35.4439],[132.6861,35.4408],[132.6866,35.4433],[132.6832,35.4503],[132.6847,35.4514],[132.7042,35.4469],[132.7028,35.4443],[132.71,35.4418],[132.7241,35.4469],[132.7421,35.4471],[132.7481,35.4499],[132.7505,35.4475],[132.756,35.4497],[132.757,35.4563],[132.7269,35.47],[132.7468,35.4722],[132.753,35.4765],[132.7565,35.4759],[132.7744,35.4807],[132.7813,35.4798],[132.7933,35.4839],[132.7998,35.4836],[132.8015,35.4879],[132.8146,35.4981],[132.8236,35.4975],[132.8298,35.5047],[132.8411,35.5032],[132.8511,35.5067],[132.8549,35.51],[132.8594,35.5082],[132.8644,35.5133],[132.8718,35.5105],[132.8802,35.5117],[132.8856,35.5105],[132.8924,35.5124],[132.9071,35.5121],[132.919,35.5178],[132.9388,35.5151],[132.9541,35.5183],[132.9655,35.5148],[132.9726,35.5177],[132.9746,35.5231],[132.9726,35.5237],[132.974,35.524],[132.973,35.5275],[132.9707,35.5262],[132.9685,35.5287],[132.9659,35.526],[132.9686,35.5344],[132.9687,35.5438],[132.9763,35.5409],[132.9806,35.5425],[132.9779,35.5462],[132.9826,35.5465],[132.9893,35.5435],[132.99,35.5468],[132.9936,35.5423],[132.9985,35.5425],[132.9976,35.5404],[132.9997,35.5395],[133.0006,35.5422],[133.0072,35.5378],[133.0123,35.539],[133.0134,35.5415],[133.0265,35.5389],[133.03,35.5428],[133.0264,35.5535],[133.0284,35.5554],[133.0301,35.5534],[133.0322,35.5553],[133.031,35.5578],[133.0393,35.5597],[133.0387,35.5558],[133.0441,35.5535],[133.0493,35.5555],[133.0463,35.5595],[133.0524,35.5603],[133.0526,35.5631],[133.0559,35.5649],[133.0576,35.5635],[133.0606,35.5705],[133.0476,35.5765],[133.0478,35.5785],[133.0508,35.5772],[133.0561,35.5788],[133.0584,35.5818],[133.0628,35.5805],[133.0655,35.5763],[133.0681,35.5839],[133.0958,35.5783],[133.0975,35.5824],[133.0931,35.5836],[133.0936,35.5865],[133.0899,35.5865],[133.0897,35.5883],[133.0955,35.5877],[133.0977,35.5901],[133.0942,35.5907],[133.0927,35.5982],[133.09,35.5975],[133.0835,35.6011],[133.0889,35.6037],[133.0957,35.6039],[133.0971,35.5985],[133.104,35.5986],[133.1062,35.5963],[133.1115,35.5978],[133.1122,35.5897],[133.1185,35.5809],[133.124,35.5787],[133.1239,35.5766],[133.1278,35.5799],[133.1374,35.5819],[133.1401,35.5797],[133.1294,35.5772],[133.1386,35.5677],[133.1388,35.5623],[133.1434,35.5608],[133.147,35.5618],[133.1512,35.5595],[133.1532,35.563],[133.1546,35.5609],[133.1595,35.5629],[133.1568,35.5654],[133.1597,35.5716],[133.1645,35.5695],[133.165,35.5638],[133.1754,35.5651],[133.1741,35.5685],[133.1789,35.5685],[133.1801,35.5665],[133.1826,35.5673],[133.1876,35.5621],[133.1922,35.5632],[133.1871,35.5735],[133.1884,35.5732],[133.1873,35.5783],[133.1919,35.5801],[133.1923,35.5773],[133.1955,35.5777],[133.195,35.5676],[133.199,35.5696],[133.2096,35.5673],[133.214,35.5699],[133.2157,35.5723],[133.213,35.5756],[133.2153,35.5753],[133.2165,35.5815],[133.219,35.5784],[133.2257,35.5808],[133.2258,35.5783],[133.2339,35.5788],[133.2249,35.5744],[133.2238,35.5713],[133.235,35.5731],[133.2361,35.5703],[133.2431,35.5704],[133.2509,35.5758],[133.2528,35.5735],[133.2493,35.5715],[133.2542,35.5699],[133.2579,35.5749],[133.2624,35.5747],[133.2641,35.5724],[133.2662,35.5781],[133.2694,35.5784],[133.2729,35.578],[133.2739,35.5739],[133.2757,35.5749],[133.2804,35.5716],[133.2793,35.5757],[133.2815,35.5782],[133.2895,35.5743],[133.2922,35.5779],[133.2979,35.5723],[133.3014,35.5738],[133.3034,35.5714],[133.3063,35.5757],[133.3153,35.5699],[133.3251,35.5683],[133.3252,35.566],[133.3109,35.5601],[133.3089,35.5626],[133.3069,35.5593],[133.252,35.5536],[133.2441,35.5491]]],[[[133.1251,35.5882],[133.1191,35.5892],[133.1194,35.5911],[133.1218,35.595],[133.1272,35.596],[133.1246,35.5936],[133.1251,35.5882]]],[[[133.2424,35.5792],[133.2346,35.5793],[133.2375,35.5818],[133.2438,35.5817],[133.2418,35.5807],[133.2424,35.5792]]],[[[132.0448,34.902],[132.05,34.9061],[132.05,34.9033],[132.0448,34.902]]],[[[132.0608,34.8979],[132.0582,34.8994],[132.0579,34.9021],[132.0606,34.9048],[132.0626,34.9015],[132.0608,34.8979]]],[[[131.8408,34.8338],[131.8313,34.8351],[131.8291,34.8374],[131.8397,34.8363],[131.8408,34.8338]]],[[[131.8651,37.2443],[131.8673,37.2411],[131.865,37.2399],[131.8625,37.243],[131.865,37.2428],[131.8651,37.2443]]]]}},{"type":"Feature","properties":{"name":"岩手県","id":3},"geometry":{"type":"MultiPolygon","coordinates":[[[[141.5819,40.3745],[141.587,40.3813],[141.5833,40.3857],[141.5842,40.3911],[141.5817,40.3929],[141.587,40.4075],[141.591,40.4079],[141.5981,40.4137],[141.6137,40.4167],[141.6148,40.4199],[141.6329,40.4215],[141.6477,40.4287],[141.6547,40.4289],[141.6708,40.4393],[141.6782,40.45],[141.6831,40.4509],[141.6938,40.4365],[141.7006,40.4332],[141.7034,40.4256],[141.714,40.4199],[141.7222,40.4091],[141.7201,40.4018],[141.7287,40.3911],[141.7542,40.3693],[141.7549,40.3565],[141.7623,40.3523],[141.7663,40.3525],[141.765,40.3471],[141.7718,40.3458],[141.7711,40.3365],[141.775,40.3235],[141.7806,40.3173],[141.7846,40.3159],[141.7946,40.2995],[141.7948,40.2961],[141.8067,40.2845],[141.8167,40.2707],[141.8165,40.2669],[141.8187,40.2657],[141.8217,40.2549],[141.8251,40.2506],[141.8233,40.2483],[141.8309,40.2379],[141.8322,40.2241],[141.8341,40.2205],[141.82,40.2216],[141.8109,40.2161],[141.8129,40.2153],[141.812,40.2133],[141.8074,40.2161],[141.8008,40.2075],[141.8,40.1988],[141.8062,40.1993],[141.8127,40.1903],[141.8067,40.1979],[141.8022,40.1975],[141.802,40.1944],[141.7943,40.1955],[141.7949,40.1906],[141.7972,40.1907],[141.8052,40.1837],[141.814,40.1836],[141.8186,40.1802],[141.8316,40.1797],[141.8472,40.169],[141.8527,40.1691],[141.8604,40.1645],[141.8718,40.1479],[141.8764,40.1445],[141.8718,40.1355],[141.8602,40.1322],[141.8507,40.1355],[141.8431,40.1309],[141.8356,40.1216],[141.8371,40.1169],[141.8312,40.1161],[141.827,40.1008],[141.831,40.0939],[141.8295,40.0865],[141.8342,40.0746],[141.8515,40.0561],[141.8554,40.0561],[141.8637,40.0519],[141.8692,40.0537],[141.8718,40.0487],[141.8757,40.0495],[141.8832,40.0416],[141.8885,40.0316],[141.8971,40.0247],[141.9013,40.0197],[141.9006,40.0175],[141.9083,40.0093],[141.9097,40.0107],[141.9208,40.0083],[141.9286,40.0101],[141.9293,40.0087],[141.9319,40.0106],[141.9364,40.0092],[141.9374,40.0039],[141.9435,39.9991],[141.9489,39.9899],[141.9531,39.9875],[141.9526,39.9856],[141.9548,39.9857],[141.957,39.9583],[141.9587,39.9583],[141.958,39.9557],[141.9597,39.9533],[141.9636,39.9535],[141.959,39.9515],[141.9614,39.9459],[141.9465,39.9462],[141.941,39.9399],[141.9424,39.9369],[141.9386,39.9329],[141.9431,39.9303],[141.9406,39.9277],[141.9433,39.9257],[141.9404,39.9199],[141.9483,39.9138],[141.9553,39.8934],[141.9601,39.8879],[141.9641,39.8856],[141.9698,39.8856],[141.9721,39.8829],[141.9787,39.8667],[141.9757,39.8589],[141.9762,39.8548],[141.9776,39.8548],[141.9749,39.8485],[141.9777,39.8456],[141.9766,39.8435],[141.9803,39.8409],[141.9808,39.8312],[141.9786,39.8311],[141.9795,39.8291],[141.9853,39.8303],[141.9907,39.8209],[141.9853,39.8139],[141.9845,39.7999],[141.9883,39.7976],[141.9844,39.7898],[141.9907,39.7865],[141.9968,39.7783],[142.0003,39.7787],[142.0046,39.7761],[141.9918,39.7691],[141.9887,39.7601],[141.9926,39.7532],[141.9968,39.7514],[141.9987,39.7532],[142.0039,39.7522],[141.9908,39.7474],[141.9871,39.7401],[141.9837,39.7375],[141.9849,39.7353],[141.9798,39.733],[141.9768,39.7359],[141.9721,39.7305],[141.9764,39.7269],[141.9844,39.7257],[141.9868,39.7235],[141.983,39.7181],[141.9866,39.7106],[141.9811,39.7066],[141.9775,39.7071],[141.9738,39.7024],[141.9729,39.6946],[141.9686,39.6919],[141.9688,39.6881],[141.985,39.6875],[141.9862,39.6829],[141.9725,39.6624],[141.9742,39.6586],[141.9713,39.6519],[141.9795,39.6537],[141.9818,39.6529],[141.9804,39.6528],[141.9816,39.6496],[141.9801,39.6475],[141.9833,39.6476],[141.9765,39.6436],[141.9713,39.6471],[141.9684,39.6427],[141.973,39.6404],[141.9713,39.6387],[141.9651,39.6401],[141.9661,39.6365],[141.9726,39.6347],[141.966,39.6361],[141.966,39.6339],[141.9689,39.6329],[141.971,39.6263],[141.9701,39.6235],[141.9641,39.6242],[141.9661,39.6191],[141.9634,39.6161],[141.9641,39.6121],[141.956,39.6061],[141.9578,39.6044],[141.9503,39.6025],[141.9457,39.5992],[141.9475,39.5915],[141.9527,39.5865],[141.9589,39.5865],[141.9777,39.6106],[141.9766,39.6121],[141.9838,39.615],[142.0167,39.6557],[142.0268,39.6557],[142.0241,39.6533],[142.026,39.6484],[142.0276,39.6483],[142.0264,39.642],[142.0291,39.6376],[142.0246,39.6368],[142.0286,39.6319],[142.0234,39.6301],[142.0254,39.6284],[142.023,39.6269],[142.0237,39.6153],[142.0264,39.6135],[142.0308,39.614],[142.0345,39.6101],[142.0288,39.6093],[142.0261,39.6054],[142.0307,39.5986],[142.0341,39.5989],[142.0302,39.5924],[142.0323,39.5895],[142.0269,39.5793],[142.0322,39.5745],[142.0344,39.5745],[142.0351,39.5775],[142.0385,39.5774],[142.0371,39.5735],[142.0568,39.5749],[142.0574,39.5656],[142.0589,39.5657],[142.0578,39.5611],[142.0652,39.563],[142.0692,39.5609],[142.0699,39.5475],[142.0726,39.5487],[142.0701,39.542],[142.0669,39.541],[142.0662,39.5343],[142.0529,39.5334],[142.055,39.5312],[142.054,39.5293],[142.0618,39.5264],[142.0569,39.5221],[142.0465,39.5306],[142.0338,39.5293],[142.03,39.5235],[142.0314,39.5208],[142.0293,39.5091],[142.0241,39.5032],[142.0212,39.5025],[142.0212,39.5001],[142.0136,39.502],[142.0109,39.5003],[142.0124,39.4991],[142.0098,39.4946],[142.0125,39.4804],[142.0096,39.4765],[141.9932,39.4837],[141.9817,39.4808],[141.9802,39.4823],[141.9743,39.482],[141.9667,39.4779],[141.957,39.4757],[141.9542,39.468],[141.9595,39.4619],[141.9574,39.4613],[141.962,39.4593],[141.9581,39.4579],[141.9664,39.4482],[141.9703,39.4501],[141.9732,39.4415],[141.9791,39.4395],[141.9898,39.4509],[141.995,39.4521],[142.0043,39.4461],[142.0034,39.4549],[142.0093,39.4647],[142.0263,39.4741],[142.0371,39.4834],[142.0472,39.4826],[142.0506,39.4849],[142.052,39.4833],[142.0504,39.481],[142.0534,39.475],[142.0545,39.4759],[142.0589,39.4735],[142.0585,39.4719],[142.0607,39.4719],[142.0581,39.4651],[142.0498,39.4581],[142.0489,39.4515],[142.0394,39.4457],[142.0392,39.4433],[142.0426,39.4425],[142.0428,39.4401],[142.0401,39.4404],[142.0389,39.4366],[142.0424,39.4332],[142.044,39.4255],[142.0394,39.4251],[142.0367,39.4199],[142.0296,39.4161],[142.0243,39.4177],[142.0145,39.4262],[142.0098,39.4261],[142.0077,39.4199],[142.0109,39.415],[142.0081,39.4158],[142.0056,39.4115],[141.9988,39.4121],[141.9968,39.4098],[141.9868,39.4091],[141.9818,39.4095],[141.9819,39.4141],[141.9851,39.4167],[141.9824,39.4247],[141.9799,39.4241],[141.9828,39.426],[141.976,39.4275],[141.9725,39.419],[141.9638,39.4114],[141.9528,39.3975],[141.9393,39.387],[141.9431,39.3758],[141.9471,39.3719],[141.9529,39.3721],[141.9519,39.3735],[141.9557,39.376],[141.965,39.3791],[141.9679,39.3751],[141.9648,39.3691],[141.9571,39.3625],[141.9582,39.3577],[141.9407,39.349],[141.9156,39.3568],[141.9133,39.3505],[141.9157,39.346],[141.9029,39.3406],[141.8993,39.3365],[141.9048,39.3267],[141.9108,39.3291],[141.9125,39.3243],[141.9154,39.3245],[141.9237,39.3333],[141.9446,39.3297],[141.9487,39.3373],[141.9521,39.3365],[141.9535,39.3393],[141.96,39.341],[141.9589,39.3376],[141.9707,39.3366],[141.9713,39.3381],[141.9753,39.3381],[141.9851,39.3481],[141.9976,39.3522],[141.9976,39.3509],[141.9817,39.3365],[141.9751,39.3245],[141.9779,39.3199],[141.9735,39.3183],[141.9712,39.3137],[141.9585,39.3171],[141.9555,39.3137],[141.9479,39.3159],[141.9378,39.3088],[141.9332,39.3104],[141.9288,39.309],[141.9232,39.31],[141.9184,39.3035],[141.9161,39.3061],[141.9103,39.3052],[141.9073,39.3097],[141.898,39.3056],[141.8914,39.3087],[141.8921,39.3059],[141.8879,39.3037],[141.8886,39.3012],[141.8983,39.3002],[141.9094,39.2961],[141.9047,39.2929],[141.9102,39.2899],[141.9144,39.29],[141.9162,39.2866],[141.9247,39.2862],[141.9271,39.2823],[141.9226,39.2807],[141.9285,39.2723],[141.9292,39.2681],[141.9229,39.2667],[141.9165,39.2717],[141.9135,39.2672],[141.9071,39.2725],[141.8895,39.2742],[141.892,39.2715],[141.888,39.2727],[141.8868,39.2694],[141.8949,39.2679],[141.8929,39.2662],[141.9034,39.2569],[141.8993,39.2565],[141.8963,39.2532],[141.8984,39.2512],[141.8904,39.2487],[141.8922,39.2466],[141.9051,39.2504],[141.9072,39.2476],[141.9129,39.2482],[141.9145,39.2475],[141.9147,39.24],[141.9172,39.241],[141.9201,39.2385],[141.9234,39.2386],[141.9285,39.2471],[141.9323,39.2425],[141.9381,39.2442],[141.9383,39.2484],[141.945,39.2475],[141.9683,39.2513],[141.9712,39.2491],[141.967,39.2458],[141.9613,39.2472],[141.9578,39.2441],[141.9534,39.2447],[141.9496,39.2419],[141.9448,39.2414],[141.9437,39.2381],[141.9488,39.2376],[141.9513,39.2264],[141.9565,39.2228],[141.9488,39.2183],[141.9451,39.2175],[141.9391,39.2231],[141.9311,39.2215],[141.9259,39.2225],[141.9237,39.2208],[141.9273,39.2189],[141.9275,39.2154],[141.9206,39.2153],[141.9048,39.2059],[141.8987,39.2067],[141.8964,39.2091],[141.888,39.2091],[141.8934,39.2036],[141.8907,39.198],[141.885,39.2021],[141.8692,39.2072],[141.8653,39.204],[141.8666,39.2],[141.8694,39.2008],[141.8718,39.1971],[141.8666,39.1927],[141.8796,39.1917],[141.8821,39.1863],[141.8882,39.1851],[141.8909,39.1819],[141.8939,39.1821],[141.8945,39.1847],[141.9078,39.1861],[141.9153,39.1867],[141.9229,39.1849],[141.9217,39.1786],[141.9169,39.1739],[141.8851,39.1555],[141.8665,39.1537],[141.8564,39.1573],[141.8521,39.1567],[141.8454,39.1553],[141.8375,39.1462],[141.8475,39.1415],[141.8528,39.1368],[141.8718,39.1311],[141.8736,39.1293],[141.8714,39.1249],[141.8718,39.1211],[141.8741,39.1221],[141.8742,39.1161],[141.9002,39.1197],[141.9047,39.1179],[141.9092,39.1095],[141.9218,39.1051],[141.9132,39.105],[141.8943,39.0967],[141.8908,39.0905],[141.8838,39.0901],[141.8818,39.0845],[141.8788,39.0865],[141.8788,39.0921],[141.8708,39.0969],[141.8633,39.0967],[141.8614,39.1029],[141.8586,39.1043],[141.8355,39.1044],[141.817,39.1149],[141.8115,39.1121],[141.8118,39.1075],[141.815,39.1065],[141.8109,39.1039],[141.8108,39.1021],[141.8157,39.0954],[141.8101,39.0934],[141.8099,39.0891],[141.8148,39.0865],[141.8242,39.0865],[141.8218,39.0773],[141.8348,39.0741],[141.8434,39.0763],[141.8573,39.0712],[141.8686,39.0724],[141.8718,39.0711],[141.8724,39.0673],[141.8755,39.0651],[141.864,39.0594],[141.8595,39.0615],[141.8495,39.0583],[141.8407,39.0605],[141.817,39.0592],[141.8143,39.0574],[141.8174,39.0504],[141.8479,39.0387],[141.8531,39.0297],[141.8456,39.0265],[141.8348,39.0253],[141.826,39.0273],[141.8188,39.0236],[141.8064,39.0264],[141.802,39.0246],[141.7951,39.0298],[141.7981,39.0387],[141.7977,39.0433],[141.7949,39.042],[141.7898,39.0342],[141.7861,39.0329],[141.7834,39.0282],[141.7788,39.0287],[141.7696,39.0349],[141.7689,39.031],[141.7632,39.0252],[141.763,39.0201],[141.7582,39.0184],[141.7539,39.0209],[141.751,39.0196],[141.7454,39.0251],[141.7351,39.0226],[141.7335,39.0203],[141.7284,39.0286],[141.7374,39.0304],[141.7379,39.0326],[141.7353,39.0343],[141.7319,39.0327],[141.7311,39.0339],[141.7374,39.0356],[141.7366,39.0382],[141.7383,39.0381],[141.736,39.0428],[141.7339,39.0435],[141.7361,39.0484],[141.741,39.051],[141.7397,39.0546],[141.7359,39.0513],[141.7335,39.0533],[141.7398,39.0575],[141.7385,39.063],[141.7299,39.0711],[141.7257,39.0646],[141.7231,39.0666],[141.7254,39.063],[141.7228,39.0569],[141.7252,39.0412],[141.7099,39.0247],[141.7164,39.0203],[141.7156,39.0173],[141.7179,39.0191],[141.7204,39.0163],[141.722,39.0194],[141.73,39.0148],[141.7326,39.0184],[141.7318,39.0132],[141.7396,39.0003],[141.7447,38.9958],[141.7426,38.9958],[141.7439,38.9927],[141.742,38.9859],[141.7393,38.9886],[141.7299,38.9897],[141.729,38.9913],[141.7238,38.9892],[141.7219,38.9964],[141.7169,38.9983],[141.7111,38.9964],[141.717,38.9819],[141.7099,38.9847],[141.7096,38.9792],[141.7001,38.977],[141.6973,38.9693],[141.7046,38.9652],[141.7124,38.9683],[141.7174,38.9675],[141.7235,38.9639],[141.7247,38.9581],[141.7288,38.9529],[141.7238,38.9509],[141.7214,38.9524],[141.713,38.951],[141.7155,38.9468],[141.7056,38.9455],[141.7042,38.9436],[141.7069,38.9418],[141.7057,38.9392],[141.7002,38.9391],[141.7018,38.9412],[141.6969,38.9426],[141.6973,38.9471],[141.6906,38.9471],[141.6893,38.9489],[141.6924,38.9521],[141.6914,38.9569],[141.6885,38.9567],[141.6889,38.9635],[141.6849,38.9688],[141.6774,38.9692],[141.6778,38.9713],[141.6694,38.9759],[141.6671,38.9829],[141.6687,38.9897],[141.675,38.9938],[141.678,38.9938],[141.6817,38.9987],[141.6672,39.006],[141.6586,39.0006],[141.659,39.0053],[141.6427,39.0069],[141.6251,39.0011],[141.6258,38.9956],[141.6229,38.9945],[141.6242,38.9921],[141.6285,38.9923],[141.6291,38.9889],[141.6264,38.9877],[141.627,38.9807],[141.6337,38.974],[141.6322,38.971],[141.6218,38.9732],[141.6056,38.9853],[141.5894,38.9883],[141.5769,38.9871],[141.5681,38.9957],[141.5377,38.9957],[141.5242,38.9917],[141.5173,38.9978],[141.5186,39.0011],[141.5103,39.0029],[141.5054,39.0004],[141.491,38.9985],[141.4858,38.9875],[141.4839,38.9785],[141.4907,38.9585],[141.4938,38.9562],[141.4861,38.9351],[141.4909,38.9239],[141.4916,38.9159],[141.4894,38.9075],[141.4665,38.8937],[141.4675,38.8887],[141.4645,38.885],[141.4514,38.8767],[141.4536,38.8666],[141.4525,38.8623],[141.4663,38.8572],[141.4566,38.8494],[141.4502,38.8365],[141.4538,38.8251],[141.4533,38.819],[141.4589,38.8148],[141.4537,38.8116],[141.437,38.8128],[141.4297,38.8109],[141.4314,38.8076],[141.4335,38.8079],[141.4368,38.8041],[141.4329,38.7946],[141.436,38.7871],[141.4392,38.7872],[141.4383,38.7833],[141.4319,38.7835],[141.4293,38.7813],[141.4223,38.7803],[141.4233,38.7729],[141.4107,38.7681],[141.4106,38.7721],[141.4146,38.7784],[141.415,38.7857],[141.3981,38.79],[141.3945,38.7997],[141.3887,38.8002],[141.3803,38.7964],[141.368,38.8092],[141.3632,38.8086],[141.3531,38.8128],[141.3424,38.8093],[141.3419,38.8073],[141.3354,38.8073],[141.3328,38.8111],[141.3174,38.8229],[141.3104,38.8227],[141.3079,38.8203],[141.3068,38.8102],[141.3029,38.8009],[141.3047,38.7965],[141.3035,38.7933],[141.2858,38.7978],[141.2812,38.7933],[141.2736,38.7969],[141.27,38.7938],[141.2691,38.7885],[141.2631,38.7877],[141.2634,38.7806],[141.2566,38.7722],[141.2575,38.7629],[141.255,38.76],[141.253,38.7612],[141.2295,38.7532],[141.2357,38.7496],[141.2348,38.7484],[141.217,38.7495],[141.2091,38.755],[141.2078,38.7652],[141.2047,38.7703],[141.1812,38.7848],[141.1694,38.7778],[141.1631,38.7822],[141.1491,38.7863],[141.1483,38.7846],[141.1397,38.79],[141.1424,38.8111],[141.1407,38.8139],[141.1312,38.8133],[141.1289,38.8159],[141.1244,38.8167],[141.125,38.8239],[141.1217,38.8265],[141.117,38.8231],[141.1094,38.8254],[141.1059,38.8232],[141.1039,38.8287],[141.1051,38.8377],[141.1218,38.8356],[141.1301,38.8407],[141.1463,38.8559],[141.1456,38.8699],[141.1401,38.8779],[141.1218,38.8806],[141.108,38.878],[141.1044,38.8803],[141.1032,38.884],[141.0939,38.8881],[141.0755,38.88],[141.0623,38.8839],[141.0482,38.8815],[141.044,38.8773],[141.0343,38.8779],[141.0307,38.8833],[141.0238,38.8811],[141.0208,38.8866],[141.014,38.8817],[141.0058,38.879],[141.0028,38.8813],[140.9968,38.8809],[140.9918,38.8755],[140.9865,38.8755],[140.9835,38.8785],[140.9844,38.8805],[140.9718,38.8877],[140.9713,38.8934],[140.9667,38.9009],[140.9624,38.9025],[140.958,38.9085],[140.9478,38.9106],[140.9407,38.916],[140.9326,38.9167],[140.9312,38.92],[140.9273,38.9215],[140.9238,38.9199],[140.9224,38.9155],[140.9158,38.9172],[140.9124,38.9259],[140.9055,38.9289],[140.8814,38.9291],[140.8665,38.94],[140.8431,38.9497],[140.8382,38.9571],[140.8262,38.9635],[140.8137,38.9644],[140.8026,38.9627],[140.7944,38.9643],[140.7841,38.9595],[140.7739,38.9585],[140.7723,38.9647],[140.775,38.9693],[140.7642,38.9887],[140.7679,38.9944],[140.7645,39.0001],[140.7784,39.0081],[140.7808,39.0152],[140.7947,39.0291],[140.7938,39.032],[140.7958,39.0356],[140.7938,39.0418],[140.8103,39.0574],[140.8,39.0609],[140.8046,39.0709],[140.8011,39.0743],[140.8024,39.0778],[140.7881,39.0789],[140.779,39.0825],[140.7744,39.0795],[140.7681,39.0801],[140.7591,39.0853],[140.7529,39.0865],[140.7631,39.1086],[140.7562,39.1125],[140.7561,39.1185],[140.7662,39.1203],[140.7702,39.1244],[140.7588,39.1332],[140.7523,39.1333],[140.7496,39.1397],[140.7583,39.1439],[140.7688,39.1576],[140.7741,39.1678],[140.7771,39.1689],[140.7841,39.1659],[140.7884,39.1724],[140.7961,39.1767],[140.799,39.1757],[140.8083,39.1787],[140.8085,39.1803],[140.7984,39.1898],[140.7903,39.1889],[140.7796,39.1945],[140.7726,39.1942],[140.7657,39.1977],[140.7667,39.2088],[140.7632,39.2127],[140.7703,39.2239],[140.7868,39.2268],[140.7865,39.2323],[140.7888,39.238],[140.7788,39.2417],[140.7695,39.2521],[140.755,39.2575],[140.7517,39.2631],[140.7458,39.2619],[140.7182,39.2729],[140.7179,39.2965],[140.711,39.2962],[140.7047,39.302],[140.6947,39.3001],[140.6933,39.3025],[140.6973,39.3103],[140.6934,39.3137],[140.6991,39.3281],[140.7096,39.3303],[140.7042,39.343],[140.6903,39.3467],[140.6887,39.3501],[140.6931,39.3585],[140.6833,39.3623],[140.6769,39.3678],[140.6799,39.3815],[140.6756,39.3861],[140.6689,39.3843],[140.6541,39.3909],[140.6633,39.4049],[140.6631,39.4081],[140.659,39.4095],[140.6586,39.4157],[140.6598,39.4145],[140.6793,39.4181],[140.6816,39.4199],[140.686,39.4366],[140.677,39.4472],[140.6831,39.4575],[140.6897,39.4643],[140.7065,39.4742],[140.7243,39.4807],[140.7145,39.4937],[140.714,39.4984],[140.7195,39.5045],[140.7232,39.5045],[140.7243,39.5107],[140.7224,39.5136],[140.7249,39.5187],[140.7318,39.5229],[140.7369,39.5219],[140.7409,39.5348],[140.7406,39.5458],[140.7279,39.5561],[140.7307,39.5661],[140.7369,39.5653],[140.7542,39.5708],[140.7641,39.5877],[140.7723,39.5905],[140.78,39.5905],[140.779,39.5961],[140.7827,39.6044],[140.7957,39.6033],[140.8047,39.612],[140.8029,39.619],[140.8084,39.6245],[140.8072,39.6317],[140.8159,39.6455],[140.8219,39.6498],[140.8204,39.653],[140.8227,39.6699],[140.8195,39.6823],[140.8229,39.6882],[140.8177,39.6907],[140.8104,39.6985],[140.8106,39.7073],[140.8059,39.7111],[140.795,39.7099],[140.7889,39.7229],[140.7849,39.7256],[140.7831,39.7305],[140.7749,39.7349],[140.7938,39.7405],[140.8046,39.7458],[140.807,39.7532],[140.8054,39.7568],[140.8142,39.7621],[140.8227,39.775],[140.8317,39.7797],[140.8472,39.7931],[140.8478,39.7961],[140.842,39.8053],[140.8258,39.8101],[140.8213,39.816],[140.8121,39.8187],[140.805,39.8157],[140.787,39.8238],[140.7886,39.8269],[140.7835,39.8291],[140.7862,39.8365],[140.7853,39.8422],[140.7892,39.8509],[140.7843,39.8563],[140.7876,39.8589],[140.7844,39.8608],[140.783,39.8657],[140.7848,39.8718],[140.7912,39.8747],[140.7994,39.8821],[140.815,39.8797],[140.8165,39.8822],[140.8261,39.8867],[140.8349,39.8806],[140.8325,39.8757],[140.8443,39.8741],[140.8436,39.8721],[140.8527,39.8665],[140.8623,39.8715],[140.8718,39.8719],[140.8781,39.8747],[140.8786,39.8875],[140.8683,39.8998],[140.8687,39.9082],[140.8665,39.9147],[140.855,39.9237],[140.8578,39.9291],[140.8537,39.9347],[140.8532,39.9397],[140.8577,39.9531],[140.8483,39.9597],[140.8465,39.9745],[140.8511,39.9944],[140.8493,40.0085],[140.8557,40.0145],[140.8534,40.0193],[140.8556,40.0221],[140.8507,40.0318],[140.8544,40.0363],[140.8552,40.0439],[140.8509,40.0597],[140.8447,40.0737],[140.8572,40.0865],[140.8615,40.0853],[140.8718,40.0912],[140.8761,40.0969],[140.88,40.1075],[140.8813,40.1143],[140.8718,40.1163],[140.8738,40.122],[140.8674,40.1313],[140.882,40.1509],[140.8832,40.1589],[140.8792,40.1605],[140.8696,40.1599],[140.8601,40.1699],[140.8605,40.1738],[140.8724,40.1786],[140.8926,40.1927],[140.8897,40.1999],[140.8993,40.212],[140.8962,40.214],[140.9024,40.2169],[140.9053,40.2222],[140.91,40.2239],[140.9421,40.2282],[140.9407,40.2398],[140.9442,40.2461],[140.9553,40.2482],[140.9573,40.2438],[140.9675,40.2381],[140.9693,40.2278],[140.9765,40.2259],[140.9805,40.2201],[140.9919,40.2231],[140.9968,40.2197],[141.0034,40.2205],[141.0061,40.2185],[141.016,40.219],[141.0263,40.2221],[141.0273,40.227],[141.0426,40.2373],[141.0594,40.2383],[141.0771,40.2529],[141.0906,40.2527],[141.1046,40.2567],[141.1095,40.2611],[141.1009,40.2815],[141.1066,40.2819],[141.1218,40.2909],[141.1355,40.2963],[141.1393,40.3011],[141.1482,40.3007],[141.1743,40.3103],[141.189,40.3078],[141.2002,40.3093],[141.2146,40.3148],[141.2191,40.3167],[141.227,40.3286],[141.2329,40.329],[141.2503,40.3418],[141.261,40.343],[141.2613,40.3486],[141.2654,40.3504],[141.278,40.3447],[141.2927,40.3523],[141.2933,40.3593],[141.2962,40.3621],[141.2941,40.3639],[141.3107,40.3673],[141.3174,40.3733],[141.3251,40.3697],[141.3259,40.3659],[141.3366,40.3607],[141.3351,40.3455],[141.3488,40.339],[141.3466,40.3365],[141.3513,40.3344],[141.3514,40.3315],[141.3711,40.34],[141.3746,40.3435],[141.3771,40.3393],[141.3902,40.3551],[141.3896,40.3595],[141.3935,40.3613],[141.3976,40.3677],[141.4023,40.3662],[141.4083,40.3579],[141.4214,40.3642],[141.4255,40.3614],[141.4357,40.3745],[141.4434,40.3763],[141.4556,40.3739],[141.4687,40.3774],[141.4809,40.3765],[141.4968,40.3679],[141.4995,40.3626],[141.505,40.3641],[141.5082,40.3625],[141.5188,40.3523],[141.5333,40.3514],[141.5374,40.3478],[141.5451,40.3514],[141.557,40.3617],[141.5646,40.3621],[141.5725,40.3675],[141.5732,40.3702],[141.5819,40.3745]]],[[[141.9968,39.3998],[141.9944,39.4007],[142.0,39.4073],[141.9999,39.4023],[141.9968,39.3998]]],[[[141.9858,39.3039],[141.9761,39.3077],[141.9813,39.3089],[141.9884,39.3065],[141.9858,39.3039]]]]}},{"type":"Feature","properties":{"name":"鳥取県","id":31},"geometry":{"type":"MultiPolygon","coordinates":[[[[134.3695,35.6146],[134.3718,35.6083],[134.3927,35.6009],[134.394,35.5978],[134.403,35.5935],[134.4078,35.5877],[134.4055,35.583],[134.4059,35.5685],[134.4105,35.5629],[134.4208,35.5629],[134.4243,35.5513],[134.4204,35.5449],[134.425,35.5419],[134.4123,35.5153],[134.4187,35.5137],[134.4279,35.5075],[134.4299,35.5032],[134.4271,35.4959],[134.4372,35.4756],[134.4334,35.4667],[134.4376,35.4585],[134.4398,35.4428],[134.4542,35.4367],[134.4628,35.4365],[134.4668,35.4329],[134.4769,35.4291],[134.4795,35.4253],[134.4756,35.4233],[134.4777,35.4199],[134.4769,35.4139],[134.481,35.4102],[134.4719,35.383],[134.4722,35.378],[134.4888,35.368],[134.5024,35.366],[134.5052,35.3591],[134.5133,35.3539],[134.51,35.3493],[134.5083,35.3417],[134.504,35.3365],[134.5022,35.3254],[134.5049,35.3159],[134.514,35.3071],[134.5103,35.3029],[134.5093,35.2956],[134.5146,35.2773],[134.4896,35.2618],[134.4855,35.2622],[134.4803,35.2532],[134.4754,35.2492],[134.4708,35.2492],[134.4624,35.2441],[134.4624,35.2367],[134.4483,35.2379],[134.434,35.2295],[134.4274,35.2317],[134.4213,35.237],[134.4022,35.241],[134.3997,35.2474],[134.393,35.2526],[134.3732,35.2459],[134.3738,35.239],[134.3718,35.2349],[134.3507,35.2237],[134.338,35.2204],[134.333,35.2125],[134.3208,35.2018],[134.3019,35.2022],[134.2807,35.1966],[134.2711,35.2008],[134.2664,35.2085],[134.2605,35.2104],[134.2549,35.2086],[134.2516,35.2033],[134.2452,35.1993],[134.2283,35.1973],[134.2217,35.1915],[134.2161,35.1896],[134.1937,35.1895],[134.1897,35.1762],[134.1781,35.1699],[134.1718,35.1699],[134.1669,35.1719],[134.1681,35.1791],[134.1618,35.1901],[134.1534,35.1949],[134.154,35.2029],[134.1617,35.2179],[134.1625,35.2293],[134.1582,35.2342],[134.1439,35.2314],[134.1367,35.239],[134.1448,35.2428],[134.143,35.2471],[134.1442,35.2532],[134.1499,35.2585],[134.137,35.271],[134.14,35.2737],[134.1387,35.279],[134.1342,35.2827],[134.1316,35.2809],[134.1218,35.281],[134.1149,35.2839],[134.1109,35.2901],[134.1043,35.2949],[134.0972,35.3059],[134.0868,35.3072],[134.0837,35.3033],[134.0738,35.3015],[134.0696,35.2972],[134.0617,35.3031],[134.0549,35.2988],[134.0481,35.2986],[134.0438,35.3027],[134.0296,35.3055],[134.028,35.3078],[134.0221,35.3061],[134.0101,35.3076],[134.0,35.314],[134.0042,35.3246],[134.0145,35.3337],[134.0105,35.339],[134.0143,35.3449],[134.0142,35.3504],[133.9968,35.3528],[133.9796,35.344],[133.9706,35.3476],[133.9595,35.3441],[133.9453,35.3327],[133.9367,35.3355],[133.9316,35.3338],[133.9275,35.3228],[133.9314,35.3182],[133.9249,35.3075],[133.9084,35.3069],[133.8995,35.3043],[133.886,35.2945],[133.8841,35.296],[133.881,35.294],[133.8627,35.293],[133.8603,35.2877],[133.8658,35.285],[133.8637,35.278],[133.8651,35.2731],[133.855,35.2683],[133.8433,35.2532],[133.8441,35.2497],[133.8396,35.2507],[133.8308,35.2489],[133.8176,35.2527],[133.8155,35.2629],[133.8074,35.2699],[133.809,35.2745],[133.7992,35.2885],[133.7973,35.2941],[133.7898,35.2934],[133.7894,35.2973],[133.7835,35.2948],[133.7819,35.2977],[133.7756,35.2995],[133.7618,35.3111],[133.7565,35.3083],[133.7513,35.3111],[133.7451,35.3193],[133.7419,35.3167],[133.7358,35.3185],[133.7285,35.3169],[133.7108,35.3242],[133.6971,35.3265],[133.6913,35.3241],[133.6914,35.3205],[133.6782,35.3188],[133.6735,35.3231],[133.6686,35.323],[133.6576,35.3291],[133.65,35.3359],[133.6337,35.3394],[133.6218,35.3369],[133.6157,35.3413],[133.6058,35.3416],[133.5957,35.3451],[133.5884,35.3365],[133.5918,35.3323],[133.5773,35.3154],[133.5768,35.2987],[133.574,35.2904],[133.5706,35.2875],[133.5716,35.2822],[133.5684,35.2777],[133.5711,35.2733],[133.5674,35.2687],[133.5659,35.2554],[133.5617,35.2532],[133.5592,35.2464],[133.5549,35.2425],[133.5417,35.2424],[133.5365,35.2379],[133.5292,35.2368],[133.5173,35.2406],[133.5143,35.2365],[133.5075,35.2331],[133.5053,35.2286],[133.5093,35.2231],[133.5143,35.2208],[133.5185,35.2137],[133.5223,35.1989],[133.5279,35.1881],[133.5256,35.1829],[133.5204,35.1821],[133.5156,35.1908],[133.5122,35.1898],[133.5078,35.1925],[133.501,35.1927],[133.4957,35.1871],[133.4862,35.1867],[133.4823,35.183],[133.4744,35.182],[133.4728,35.1789],[133.4664,35.1753],[133.4603,35.1778],[133.4562,35.1735],[133.4501,35.1723],[133.4392,35.1733],[133.4281,35.1773],[133.4224,35.1764],[133.4159,35.184],[133.4078,35.1856],[133.3965,35.1809],[133.3941,35.1774],[133.3958,35.173],[133.3926,35.1685],[133.3974,35.1649],[133.4042,35.1446],[133.4085,35.1408],[133.4108,35.1353],[133.4113,35.1225],[133.4029,35.1143],[133.3883,35.1131],[133.3828,35.1147],[133.3718,35.1128],[133.3546,35.1009],[133.3489,35.1046],[133.3383,35.1067],[133.3261,35.0944],[133.3208,35.0938],[133.3035,35.0997],[133.2989,35.1035],[133.2902,35.0995],[133.288,35.096],[133.2894,35.0857],[133.2882,35.0775],[133.2904,35.0717],[133.2839,35.0661],[133.2773,35.0663],[133.2684,35.0578],[133.2618,35.0624],[133.2506,35.0781],[133.2468,35.0785],[133.232,35.0776],[133.2326,35.0705],[133.2283,35.0684],[133.2142,35.074],[133.1976,35.0721],[133.1791,35.0675],[133.173,35.069],[133.1685,35.0677],[133.1611,35.0736],[133.1424,35.0652],[133.136,35.0693],[133.1357,35.0743],[133.1396,35.0757],[133.1409,35.0812],[133.137,35.0865],[133.1374,35.0931],[133.1447,35.1067],[133.1397,35.1183],[133.1457,35.1243],[133.1457,35.1328],[133.1493,35.1409],[133.1567,35.1489],[133.1657,35.1494],[133.1703,35.1536],[133.1838,35.1575],[133.1893,35.1616],[133.1944,35.1699],[133.1889,35.1841],[133.1816,35.1881],[133.1834,35.1943],[133.1819,35.2009],[133.1686,35.209],[133.1544,35.2032],[133.1512,35.2062],[133.151,35.2162],[133.1528,35.2191],[133.1889,35.2368],[133.21,35.2419],[133.2238,35.2493],[133.2309,35.2469],[133.2409,35.2501],[133.2507,35.2587],[133.2581,35.2615],[133.262,35.2589],[133.2745,35.258],[133.2805,35.2619],[133.2901,35.261],[133.2952,35.2643],[133.3008,35.2634],[133.3099,35.2685],[133.3074,35.2793],[133.299,35.2915],[133.3057,35.3027],[133.2919,35.3197],[133.2977,35.3247],[133.2961,35.3268],[133.2948,35.3465],[133.3071,35.3659],[133.3138,35.3656],[133.3177,35.3679],[133.3177,35.3728],[133.3239,35.3743],[133.314,35.3867],[133.3146,35.3912],[133.3191,35.3946],[133.3205,35.4069],[133.3097,35.4281],[133.3021,35.4351],[133.2755,35.4448],[133.2468,35.4627],[133.2215,35.4815],[133.2116,35.5032],[133.1979,35.5264],[133.1999,35.5339],[133.2175,35.5461],[133.2312,35.5491],[133.2441,35.5491],[133.246,35.546],[133.2468,35.5481],[133.2475,35.5465],[133.2648,35.5516],[133.2647,35.5489],[133.2554,35.5403],[133.2441,35.5352],[133.2468,35.5278],[133.2551,35.5283],[133.26,35.5199],[133.2509,35.5158],[133.264,35.4982],[133.2876,35.4812],[133.312,35.4703],[133.3402,35.4624],[133.3932,35.4535],[133.4096,35.4547],[133.4248,35.4602],[133.4334,35.4773],[133.4326,35.4819],[133.4397,35.4859],[133.4456,35.494],[133.4579,35.4983],[133.4679,35.4984],[133.4801,35.5032],[133.4968,35.5157],[133.5136,35.5177],[133.518,35.5205],[133.5297,35.5195],[133.5352,35.5241],[133.5408,35.5215],[133.554,35.5237],[133.567,35.5303],[133.5897,35.532],[133.5943,35.5267],[133.5983,35.5267],[133.607,35.5223],[133.6476,35.5154],[133.657,35.5123],[133.6559,35.5099],[133.6574,35.5092],[133.6684,35.5069],[133.7035,35.5073],[133.7241,35.5032],[133.7716,35.5007],[133.8387,35.5032],[133.8718,35.5059],[133.8853,35.5087],[133.8953,35.5075],[133.9017,35.5103],[133.9081,35.5086],[133.9357,35.5128],[133.9391,35.5162],[133.9375,35.5173],[133.9459,35.5195],[133.9492,35.5175],[133.9584,35.5193],[133.9592,35.5257],[133.9627,35.5229],[133.9677,35.5223],[133.9777,35.5224],[133.9817,35.5249],[133.9833,35.5229],[133.988,35.5229],[133.9907,35.5255],[133.9944,35.5239],[133.9999,35.5253],[134.0073,35.5379],[134.0131,35.5293],[134.0145,35.5299],[134.0177,35.5211],[134.0446,35.5187],[134.0777,35.5216],[134.0817,35.5251],[134.0933,35.5244],[134.0999,35.5269],[134.1061,35.5253],[134.1218,35.5268],[134.1777,35.5358],[134.1868,35.5411],[134.1943,35.5397],[134.2302,35.5468],[134.2468,35.5519],[134.2672,35.5587],[134.2743,35.5637],[134.2773,35.5729],[134.2869,35.5737],[134.292,35.5764],[134.2928,35.5836],[134.2904,35.5844],[134.2912,35.5876],[134.2949,35.5899],[134.301,35.5898],[134.3018,35.5924],[134.3088,35.5921],[134.3132,35.5943],[134.3228,35.5909],[134.3341,35.5925],[134.3395,35.5977],[134.3369,35.6009],[134.3398,35.6025],[134.3393,35.6077],[134.3448,35.6092],[134.3444,35.6049],[134.3483,35.601],[134.3579,35.6007],[134.369,35.6042],[134.3695,35.6146]]]]}},{"type":"Feature","properties":{"name":"徳島県","id":36},"geometry":{"type":"MultiPolygon","coordinates":[[[[134.5914,34.2144],[134.5894,34.2176],[134.59,34.2223],[134.5931,34.2227],[134.5875,34.2301],[134.5928,34.2413],[134.6044,34.2515],[134.6124,34.2504],[134.6171,34.2441],[134.6153,34.2389],[134.6177,34.2373],[134.6151,34.232],[134.609,34.2293],[134.6091,34.2337],[134.5999,34.2249],[134.5989,34.2199],[134.5977,34.2212],[134.5914,34.2144]]],[[[134.6218,34.1858],[134.6182,34.1917],[134.592,34.2005],[134.5876,34.207],[134.59,34.2117],[134.595,34.2085],[134.5988,34.2085],[134.6079,34.2153],[134.6135,34.2147],[134.6143,34.2111],[134.6076,34.2087],[134.6097,34.2103],[134.6081,34.2119],[134.6037,34.2085],[134.6104,34.2053],[134.6168,34.2111],[134.6218,34.2119],[134.6239,34.2177],[134.6167,34.2181],[134.6138,34.2211],[134.616,34.2315],[134.6366,34.2336],[134.6357,34.2357],[134.6421,34.2395],[134.6368,34.2254],[134.6272,34.2088],[134.625,34.187],[134.6218,34.1858]]],[[[134.4397,34.2079],[134.45,34.2057],[134.4733,34.2095],[134.483,34.2181],[134.4968,34.2245],[134.5063,34.2257],[134.5397,34.2261],[134.5578,34.2216],[134.5652,34.2251],[134.5678,34.2225],[134.5707,34.2244],[134.5717,34.2223],[134.5732,34.2247],[134.5656,34.2299],[134.5686,34.2362],[134.5835,34.2393],[134.5899,34.2378],[134.5857,34.2325],[134.5893,34.2249],[134.5835,34.2126],[134.5821,34.2129],[134.5829,34.2039],[134.5937,34.1959],[134.6095,34.1909],[134.623,34.1813],[134.6418,34.1802],[134.6359,34.1699],[134.6142,34.1428],[134.614,34.1403],[134.6187,34.1409],[134.6037,34.1197],[134.6016,34.1035],[134.6046,34.1015],[134.6031,34.0852],[134.593,34.0648],[134.5946,34.0631],[134.5967,34.0671],[134.6063,34.062],[134.603,34.0558],[134.6031,34.052],[134.6028,34.0556],[134.5992,34.0569],[134.5976,34.0539],[134.5884,34.0568],[134.5857,34.0557],[134.585,34.052],[134.5953,34.0494],[134.5916,34.0389],[134.5853,34.0363],[134.5941,34.0351],[134.5949,34.0332],[134.5879,34.0299],[134.6001,34.0187],[134.5977,34.0164],[134.5912,34.0161],[134.5917,34.0121],[134.5884,34.0117],[134.5909,34.0108],[134.5912,34.0063],[134.5929,34.0069],[134.5985,34.0032],[134.5962,34.0013],[134.6051,33.9963],[134.6122,33.998],[134.6139,33.9967],[134.6089,33.9928],[134.6049,33.9938],[134.6082,33.9916],[134.6049,33.9859],[134.6058,33.9827],[134.6101,33.9909],[134.6165,33.9917],[134.6156,33.9868],[134.6182,33.9868],[134.6252,33.9903],[134.6244,33.9937],[134.6216,33.9923],[134.6246,33.9941],[134.627,33.9895],[134.6325,33.9939],[134.6295,33.9984],[134.6309,33.9985],[134.6291,34.0032],[134.6257,34.0037],[134.6248,34.0059],[134.6283,34.0102],[134.634,34.0097],[134.6427,34.0032],[134.6565,33.9767],[134.6677,33.9622],[134.6816,33.9593],[134.6978,33.9501],[134.6983,33.9405],[134.7008,33.9382],[134.7058,33.9257],[134.6997,33.9199],[134.699,33.9152],[134.7018,33.9139],[134.6974,33.9093],[134.6985,33.9063],[134.689,33.902],[134.6836,33.8925],[134.6787,33.8885],[134.6747,33.8797],[134.673,33.8804],[134.6746,33.8862],[134.6688,33.8851],[134.667,33.8791],[134.6527,33.8823],[134.6605,33.8757],[134.6497,33.8705],[134.647,33.8737],[134.6442,33.874],[134.6451,33.8719],[134.6396,33.8695],[134.6371,33.8729],[134.6358,33.8711],[134.6375,33.8715],[134.6384,33.8689],[134.6331,33.8663],[134.6285,33.8573],[134.6372,33.8589],[134.6388,33.8634],[134.6454,33.8659],[134.6446,33.8569],[134.6423,33.8526],[134.6468,33.8527],[134.6391,33.8448],[134.6428,33.8427],[134.6518,33.8445],[134.6571,33.8487],[134.6618,33.8435],[134.6625,33.8472],[134.6659,33.8483],[134.6679,33.8439],[134.6732,33.8499],[134.6748,33.8498],[134.6746,33.8469],[134.6769,33.847],[134.6796,33.8511],[134.6805,33.8496],[134.6862,33.8499],[134.6866,33.8523],[134.6902,33.8517],[134.6917,33.8482],[134.696,33.8497],[134.7019,33.8481],[134.7065,33.85],[134.7156,33.8486],[134.7193,33.8452],[134.693,33.8412],[134.6845,33.8343],[134.6783,33.8327],[134.6805,33.8301],[134.6892,33.8329],[134.6927,33.8316],[134.6996,33.836],[134.7101,33.8344],[134.715,33.836],[134.7192,33.8313],[134.722,33.8347],[134.7407,33.8419],[134.7446,33.8365],[134.7495,33.8345],[134.7301,33.8244],[134.7221,33.8238],[134.7006,33.8132],[134.6957,33.8125],[134.689,33.8057],[134.684,33.8059],[134.6695,33.8015],[134.6505,33.7895],[134.6411,33.7885],[134.6412,33.7807],[134.6368,33.7859],[134.6208,33.7867],[134.6164,33.7811],[134.614,33.7821],[134.6088,33.7797],[134.6092,33.777],[134.6013,33.7719],[134.6019,33.7647],[134.5966,33.7643],[134.5933,33.7699],[134.5941,33.7723],[134.5911,33.7727],[134.5873,33.7685],[134.5845,33.7716],[134.5797,33.7699],[134.581,33.7633],[134.5768,33.7615],[134.5722,33.7656],[134.5694,33.7617],[134.5744,33.7532],[134.5701,33.7435],[134.5669,33.7417],[134.5665,33.7327],[134.5566,33.7343],[134.557,33.745],[134.5563,33.7415],[134.5534,33.7417],[134.551,33.7357],[134.5433,33.7366],[134.5405,33.7281],[134.5441,33.7248],[134.542,33.7224],[134.5427,33.7198],[134.5239,33.7072],[134.5173,33.7055],[134.5166,33.7015],[134.5143,33.7024],[134.5079,33.6983],[134.5047,33.6993],[134.5023,33.6942],[134.499,33.6953],[134.4866,33.6909],[134.4884,33.6887],[134.465,33.6797],[134.452,33.671],[134.4464,33.6699],[134.438,33.663],[134.4302,33.6639],[134.4265,33.661],[134.4245,33.6613],[134.4258,33.6647],[134.4184,33.6656],[134.417,33.6575],[134.4112,33.6541],[134.403,33.6599],[134.3999,33.6561],[134.3955,33.6561],[134.396,33.6503],[134.389,33.6503],[134.3903,33.648],[134.385,33.6423],[134.3744,33.6357],[134.377,33.6336],[134.3741,33.6323],[134.3689,33.6337],[134.3693,33.6307],[134.3669,33.6309],[134.3618,33.627],[134.364,33.6242],[134.379,33.6249],[134.3888,33.6233],[134.3867,33.6194],[134.3842,33.6192],[134.3826,33.615],[134.3679,33.6067],[134.3612,33.5958],[134.3617,33.5929],[134.3604,33.5941],[134.3633,33.5889],[134.332,33.5844],[134.3331,33.5814],[134.3502,33.5834],[134.3622,33.5805],[134.3373,33.5783],[134.329,33.5819],[134.3242,33.581],[134.3219,33.5823],[134.3166,33.581],[134.3191,33.5777],[134.3108,33.5763],[134.3089,33.5727],[134.3089,33.5628],[134.3064,33.5621],[134.3117,33.5615],[134.3123,33.5566],[134.3143,33.5577],[134.3191,33.5557],[134.3148,33.5507],[134.314,33.5457],[134.308,33.5464],[134.3075,33.55],[134.3052,33.5485],[134.3044,33.5519],[134.306,33.5527],[134.2997,33.5548],[134.2968,33.5533],[134.2964,33.5564],[134.2822,33.5603],[134.2733,33.5605],[134.2704,33.5555],[134.2628,33.5563],[134.2529,33.5528],[134.2413,33.556],[134.2372,33.5526],[134.2197,33.5667],[134.2135,33.567],[134.1953,33.5606],[134.1927,33.5615],[134.1944,33.5653],[134.193,33.5714],[134.1869,33.5765],[134.188,33.5808],[134.1847,33.5868],[134.1769,33.5941],[134.1713,33.5961],[134.1696,33.601],[134.1745,33.6061],[134.1742,33.6081],[134.1615,33.6122],[134.1556,33.6116],[134.1522,33.616],[134.1539,33.6223],[134.1492,33.6291],[134.1544,33.6327],[134.1578,33.6325],[134.1835,33.6489],[134.1711,33.6571],[134.1742,33.6604],[134.1685,33.6704],[134.1742,33.6755],[134.1743,33.6836],[134.1633,33.6881],[134.1474,33.6849],[134.1332,33.6931],[134.1218,33.6959],[134.0668,33.6885],[134.0575,33.6908],[134.0561,33.6937],[134.0641,33.6987],[134.0646,33.7071],[134.0696,33.7111],[134.0645,33.7193],[134.0673,33.7262],[134.0658,33.7338],[134.0616,33.7349],[134.0561,33.7507],[134.0578,33.7601],[134.057,33.7795],[134.0553,33.7831],[134.0466,33.7891],[134.0463,33.7967],[134.0443,33.7998],[134.033,33.8089],[134.0361,33.8185],[134.0324,33.8283],[134.0134,33.8223],[133.9968,33.821],[133.9916,33.8261],[133.987,33.8379],[133.984,33.8408],[133.9745,33.8365],[133.9604,33.8347],[133.9513,33.8293],[133.9525,33.8187],[133.9483,33.8064],[133.9409,33.7991],[133.9249,33.8005],[133.9131,33.7915],[133.9083,33.7945],[133.9022,33.7937],[133.8934,33.8043],[133.8867,33.8028],[133.8718,33.806],[133.8718,33.8101],[133.8533,33.8338],[133.8458,33.8365],[133.8386,33.8446],[133.828,33.8446],[133.819,33.8381],[133.8066,33.8365],[133.7877,33.8365],[133.7863,33.8416],[133.7761,33.8422],[133.773,33.84],[133.7668,33.84],[133.7569,33.8365],[133.7468,33.8368],[133.7378,33.8495],[133.7308,33.8506],[133.7192,33.8492],[133.7074,33.8515],[133.7009,33.8498],[133.6946,33.8559],[133.6768,33.8586],[133.6739,33.8627],[133.664,33.8688],[133.6603,33.8835],[133.6649,33.8877],[133.6683,33.8874],[133.6774,33.8936],[133.6747,33.902],[133.6778,33.9096],[133.6891,33.9161],[133.6853,33.9255],[133.6755,33.9263],[133.6754,33.9311],[133.6836,33.9391],[133.6897,33.9417],[133.692,33.9458],[133.6872,33.954],[133.6918,33.962],[133.6837,33.9641],[133.6801,33.9696],[133.6827,33.9757],[133.6814,33.9835],[133.6745,33.9835],[133.6777,33.9948],[133.6847,34.0032],[133.6841,34.0072],[133.679,34.0124],[133.6913,34.013],[133.6994,34.0175],[133.7073,34.0156],[133.7203,34.022],[133.7231,34.0368],[133.7283,34.0442],[133.7468,34.0529],[133.7608,34.065],[133.7629,34.0696],[133.7683,34.0728],[133.772,34.0725],[133.7774,34.0781],[133.7825,34.08],[133.7907,34.0781],[133.7897,34.0764],[133.7976,34.0695],[133.8157,34.0727],[133.8195,34.0739],[133.8183,34.0787],[133.8226,34.0865],[133.8218,34.0922],[133.8329,34.0975],[133.841,34.0949],[133.8536,34.1037],[133.8624,34.1053],[133.8658,34.1008],[133.8718,34.1009],[133.8922,34.108],[133.8992,34.1019],[133.9033,34.1007],[133.9214,34.1142],[133.9385,34.1153],[133.9372,34.1077],[133.943,34.1023],[133.9454,34.0919],[133.9573,34.0865],[133.961,34.0815],[133.9679,34.0815],[133.9718,34.0731],[133.9845,34.0769],[133.9908,34.0729],[133.9968,34.0738],[134.0005,34.0749],[134.0017,34.0803],[134.0093,34.0865],[134.0192,34.0847],[134.0267,34.0865],[134.0261,34.0921],[134.0293,34.096],[134.0382,34.1],[134.043,34.1114],[134.0503,34.1179],[134.0551,34.1167],[134.0602,34.1114],[134.0705,34.1135],[134.0801,34.1211],[134.0921,34.1147],[134.1037,34.1158],[134.1185,34.1201],[134.1218,34.1187],[134.1379,34.1324],[134.1379,34.1405],[134.1348,34.1513],[134.1366,34.1545],[134.14,34.1549],[134.1456,34.1649],[134.1631,34.1699],[134.1734,34.1767],[134.1745,34.175],[134.1771,34.1759],[134.1873,34.1725],[134.1956,34.1722],[134.1988,34.1751],[134.2045,34.1729],[134.2207,34.1798],[134.227,34.1786],[134.2286,34.1807],[134.2468,34.1787],[134.2594,34.1833],[134.2715,34.1815],[134.2765,34.1765],[134.2852,34.1797],[134.2911,34.1791],[134.2974,34.1685],[134.3086,34.1717],[134.3139,34.1771],[134.3264,34.1736],[134.3327,34.1751],[134.3426,34.1724],[134.3493,34.1853],[134.3585,34.1839],[134.3752,34.1716],[134.3809,34.1721],[134.3838,34.1699],[134.3844,34.1659],[134.3923,34.1636],[134.4016,34.1679],[134.4096,34.1619],[134.4124,34.1568],[134.4184,34.1575],[134.4276,34.1671],[134.4334,34.1699],[134.4334,34.178],[134.4304,34.1788],[134.4287,34.1831],[134.4384,34.191],[134.4397,34.2079]]],[[[134.6736,33.8596],[134.6711,33.8674],[134.6733,33.8652],[134.6785,33.8695],[134.6806,33.8682],[134.6771,33.862],[134.6736,33.8596]]],[[[134.6543,33.8543],[134.6504,33.8557],[134.6555,33.8649],[134.6536,33.8673],[134.6618,33.8661],[134.6612,33.8639],[134.6644,33.8611],[134.659,33.8599],[134.6543,33.8543]]],[[[134.7099,33.8529],[134.7086,33.8541],[134.7101,33.8577],[134.7139,33.8567],[134.7099,33.8529]]],[[[134.8097,33.8403],[134.8055,33.8439],[134.8082,33.8475],[134.8071,33.8508],[134.8106,33.8507],[134.8181,33.8571],[134.8212,33.8561],[134.8197,33.8499],[134.8167,33.8465],[134.8187,33.8434],[134.8097,33.8403]]],[[[134.7292,33.8474],[134.7397,33.8527],[134.7421,33.8517],[134.7407,33.8499],[134.7292,33.8474]]],[[[134.7985,33.8424],[134.7976,33.8448],[134.7919,33.8459],[134.7957,33.8482],[134.8016,33.8436],[134.7985,33.8424]]],[[[134.4968,33.6301],[134.4844,33.6327],[134.4808,33.6366],[134.4866,33.6351],[134.483,33.6411],[134.4847,33.6449],[134.4968,33.6382],[134.5037,33.6407],[134.4968,33.6301]]],[[[134.4231,33.629],[134.4207,33.6364],[134.4239,33.6357],[134.4243,33.6371],[134.426,33.6308],[134.4231,33.629]]],[[[134.3207,33.5397],[134.3159,33.5437],[134.317,33.5489],[134.3235,33.5412],[134.3207,33.5397]]]]}},{"type":"Feature","properties":{"name":"鹿児島県","id":46},"geometry":{"type":"MultiPolygon","coordinates":[[[[130.2142,32.2503],[130.2132,32.2532],[130.2094,32.2541],[130.212,32.2615],[130.2134,32.2732],[130.2122,32.2756],[130.2166,32.2761],[130.2131,32.2819],[130.2184,32.2872],[130.2191,32.2917],[130.2209,32.2915],[130.2211,32.2933],[130.2271,32.2887],[130.2301,32.2904],[130.2279,32.2919],[130.2342,32.2904],[130.2349,32.2923],[130.2284,32.2978],[130.2308,32.2973],[130.2324,32.3004],[130.2457,32.3013],[130.2488,32.3042],[130.2517,32.3041],[130.2529,32.3067],[130.2553,32.3063],[130.2526,32.3019],[130.2658,32.2961],[130.2648,32.294],[130.2678,32.2803],[130.2571,32.2803],[130.2589,32.2745],[130.2543,32.2748],[130.2468,32.2711],[130.2468,32.2674],[130.2343,32.2623],[130.2384,32.2595],[130.2415,32.2532],[130.2318,32.2567],[130.2286,32.2595],[130.2295,32.2622],[130.2255,32.262],[130.2166,32.2559],[130.2142,32.2503]]],[[[130.169,32.2257],[130.1672,32.2299],[130.1614,32.2279],[130.1607,32.2303],[130.1624,32.2315],[130.1581,32.2444],[130.1636,32.2393],[130.1674,32.2393],[130.1654,32.2457],[130.1716,32.2572],[130.1748,32.2541],[130.1771,32.2553],[130.1829,32.2599],[130.1825,32.2624],[130.1865,32.2635],[130.1847,32.2681],[130.188,32.268],[130.1867,32.2579],[130.1856,32.2587],[130.1833,32.2532],[130.1757,32.2485],[130.1756,32.2402],[130.1734,32.2341],[130.1707,32.2305],[130.1678,32.2306],[130.169,32.2257]]],[[[130.227,32.2464],[130.2214,32.2541],[130.2295,32.2485],[130.227,32.2464]]],[[[130.2038,32.2043],[130.2042,32.208],[130.2073,32.2117],[130.1965,32.2169],[130.2007,32.208],[130.1954,32.2119],[130.1949,32.2165],[130.1878,32.2196],[130.1876,32.2231],[130.1906,32.2219],[130.1927,32.2263],[130.1954,32.2265],[130.1933,32.2439],[130.1991,32.2403],[130.2008,32.2291],[130.2087,32.224],[130.2046,32.2195],[130.2054,32.2173],[130.2098,32.2203],[130.2103,32.2131],[130.2038,32.2043]]],[[[130.1578,32.0898],[130.1487,32.0937],[130.1487,32.1025],[130.1403,32.1082],[130.1388,32.1054],[130.1362,32.1062],[130.1107,32.1258],[130.1155,32.1373],[130.1117,32.1425],[130.1156,32.1487],[130.1137,32.1537],[130.1149,32.1565],[130.1077,32.1605],[130.1086,32.1699],[130.1045,32.1735],[130.0978,32.1728],[130.0973,32.1801],[130.0901,32.18],[130.0961,32.1858],[130.0937,32.188],[130.0999,32.1893],[130.1081,32.187],[130.1084,32.1899],[130.0973,32.1927],[130.0985,32.1943],[130.1134,32.1937],[130.1069,32.1974],[130.1074,32.1993],[130.1218,32.2001],[130.104,32.2043],[130.111,32.2068],[130.1098,32.2091],[130.1047,32.2095],[130.1062,32.2146],[130.1161,32.215],[130.1289,32.2105],[130.1249,32.2157],[130.137,32.2135],[130.1428,32.2065],[130.1505,32.2027],[130.1562,32.1953],[130.1548,32.1999],[130.1576,32.2039],[130.1495,32.2072],[130.1446,32.2167],[130.1523,32.2136],[130.1546,32.2162],[130.1522,32.2181],[130.1532,32.2203],[130.1516,32.2217],[130.1544,32.2213],[130.1524,32.2267],[130.1535,32.2281],[130.1566,32.2262],[130.1594,32.2199],[130.1601,32.213],[130.1626,32.2123],[130.1659,32.2175],[130.1636,32.2203],[130.1659,32.2248],[130.1676,32.2242],[130.1742,32.2291],[130.1754,32.2211],[130.1847,32.2137],[130.1862,32.2043],[130.1903,32.198],[130.1996,32.1975],[130.1923,32.1903],[130.1863,32.1905],[130.1877,32.188],[130.1813,32.1764],[130.1847,32.1766],[130.186,32.168],[130.1845,32.1643],[130.1879,32.1645],[130.1885,32.163],[130.1932,32.1641],[130.194,32.1713],[130.1967,32.1699],[130.1962,32.1674],[130.2034,32.1696],[130.2022,32.1659],[130.2086,32.1556],[130.2045,32.149],[130.1942,32.1479],[130.1787,32.1371],[130.1766,32.1279],[130.1734,32.1361],[130.171,32.1341],[130.173,32.1265],[130.1765,32.1235],[130.1767,32.1177],[130.1748,32.1129],[130.1702,32.1096],[130.1719,32.1082],[130.1679,32.1053],[130.1664,32.0983],[130.1681,32.0949],[130.1632,32.0909],[130.1578,32.0898]]],[[[130.5908,32.1859],[130.6098,32.1863],[130.6163,32.1699],[130.6137,32.1675],[130.6218,32.1558],[130.6507,32.1511],[130.6541,32.1355],[130.6698,32.1281],[130.7013,32.1057],[130.7197,32.1006],[130.7154,32.0865],[130.7098,32.0811],[130.7036,32.0784],[130.7025,32.0582],[130.7348,32.0479],[130.7462,32.0404],[130.7468,32.0347],[130.7583,32.0317],[130.7606,32.0254],[130.7774,32.0139],[130.7779,32.0032],[130.7836,31.9786],[130.7941,31.9721],[130.8003,31.9593],[130.7995,31.9493],[130.8045,31.9496],[130.8155,31.941],[130.8393,31.9424],[130.8658,31.933],[130.8691,31.9276],[130.8718,31.9278],[130.8817,31.9199],[130.8823,31.9147],[130.8862,31.9116],[130.8876,31.9051],[130.8974,31.8868],[130.913,31.8857],[130.9093,31.8831],[130.9038,31.8851],[130.8935,31.8763],[130.8879,31.8631],[130.8884,31.8515],[130.8839,31.8458],[130.8746,31.8429],[130.8811,31.8314],[130.8769,31.8268],[130.8761,31.8154],[130.8808,31.8128],[130.8835,31.8052],[130.8893,31.8063],[130.8996,31.801],[130.9091,31.8012],[130.9149,31.8044],[130.9185,31.7989],[130.923,31.7979],[130.9261,31.7894],[130.9311,31.7854],[130.9658,31.7812],[130.9712,31.7838],[130.9799,31.7784],[130.9866,31.7792],[130.99,31.7747],[130.9894,31.7684],[130.9871,31.7652],[130.982,31.7671],[130.9817,31.763],[130.9775,31.7594],[130.9773,31.7532],[130.9797,31.751],[130.9904,31.7504],[130.9968,31.7456],[131.006,31.7489],[131.0099,31.747],[131.0142,31.7485],[131.0165,31.7445],[131.0151,31.7167],[131.0129,31.7115],[131.0175,31.709],[131.0174,31.7055],[131.0271,31.6963],[131.0233,31.6921],[131.025,31.6782],[131.0233,31.6739],[131.0281,31.6738],[131.0251,31.6662],[131.0372,31.6601],[131.0455,31.6511],[131.0483,31.6396],[131.0519,31.6391],[131.0531,31.6337],[131.0563,31.6339],[131.0725,31.6585],[131.0783,31.6597],[131.1125,31.6344],[131.1149,31.6299],[131.1218,31.6301],[131.1276,31.6263],[131.1439,31.6301],[131.1496,31.6298],[131.1514,31.6335],[131.1632,31.637],[131.1642,31.6391],[131.1691,31.6332],[131.1778,31.629],[131.1797,31.6259],[131.1877,31.6235],[131.1884,31.617],[131.1851,31.6093],[131.1881,31.6015],[131.1975,31.5931],[131.2038,31.5785],[131.1999,31.5657],[131.1883,31.5573],[131.196,31.5488],[131.2001,31.53],[131.1986,31.5143],[131.1922,31.5094],[131.176,31.5045],[131.1692,31.4998],[131.1693,31.4929],[131.1631,31.4846],[131.1628,31.4702],[131.1595,31.4616],[131.1531,31.4663],[131.144,31.4678],[131.1387,31.4611],[131.1366,31.4653],[131.132,31.4685],[131.1206,31.4739],[131.1117,31.4731],[131.109,31.476],[131.1066,31.4703],[131.105,31.4725],[131.103,31.4702],[131.1046,31.468],[131.1032,31.4667],[131.0988,31.4685],[131.0965,31.4647],[131.0983,31.4598],[131.094,31.4567],[131.0858,31.4618],[131.0739,31.4554],[131.0557,31.4415],[131.0355,31.4199],[131.0185,31.3913],[131.014,31.3649],[131.017,31.3636],[131.0149,31.3637],[131.0147,31.3585],[131.0171,31.3565],[131.0447,31.3485],[131.0599,31.3419],[131.0756,31.3395],[131.0975,31.3321],[131.1027,31.3336],[131.1075,31.3308],[131.1039,31.3277],[131.102,31.3189],[131.1057,31.3163],[131.1036,31.3118],[131.0918,31.3054],[131.0854,31.2967],[131.073,31.2915],[131.0749,31.2808],[131.0827,31.2746],[131.0784,31.2723],[131.0913,31.2788],[131.1054,31.2754],[131.1154,31.2795],[131.1218,31.2867],[131.1291,31.2845],[131.131,31.2814],[131.1266,31.2752],[131.1117,31.2667],[131.108,31.2603],[131.0862,31.2495],[131.0771,31.2418],[131.0659,31.2281],[131.0478,31.2243],[131.0418,31.2276],[131.0359,31.2261],[131.0162,31.2278],[131.0063,31.2159],[131.0083,31.2066],[131.0022,31.1893],[130.9843,31.1798],[130.9865,31.1738],[130.9944,31.1695],[130.9731,31.1669],[130.9706,31.1605],[130.9774,31.1571],[130.978,31.1525],[130.9725,31.1459],[130.9598,31.1372],[130.928,31.1237],[130.9216,31.1249],[130.9183,31.122],[130.915,31.1133],[130.9002,31.1129],[130.8718,31.0948],[130.8472,31.0889],[130.8334,31.0927],[130.8277,31.0925],[130.8276,31.0897],[130.8212,31.0873],[130.8127,31.0888],[130.8073,31.0865],[130.8064,31.0806],[130.8017,31.0833],[130.7925,31.0817],[130.792,31.0745],[130.785,31.0723],[130.7754,31.0661],[130.7691,31.066],[130.7638,31.0635],[130.7616,31.0619],[130.7598,31.0549],[130.7536,31.06],[130.7468,31.0605],[130.7438,31.059],[130.7425,31.0531],[130.7389,31.0512],[130.7214,31.0447],[130.7169,31.0451],[130.7155,31.0371],[130.7131,31.0377],[130.7172,31.0313],[130.716,31.0265],[130.7074,31.0308],[130.6996,31.0277],[130.6964,31.0232],[130.6899,31.0221],[130.686,31.0257],[130.6826,31.0237],[130.6874,31.0161],[130.6814,31.0032],[130.6767,31.0073],[130.6686,31.0087],[130.666,31.0032],[130.6664,30.9975],[130.6621,30.9977],[130.6606,30.9942],[130.6568,30.9974],[130.6555,31.0053],[130.664,31.0113],[130.662,31.0125],[130.6729,31.0289],[130.677,31.0425],[130.6744,31.0421],[130.6753,31.0496],[130.6779,31.0529],[130.6753,31.0531],[130.6744,31.0564],[130.6719,31.0568],[130.6764,31.0594],[130.6751,31.0597],[130.676,31.0627],[130.6724,31.0632],[130.6734,31.0654],[130.6583,31.0707],[130.6529,31.0694],[130.6706,31.0865],[130.6826,31.0891],[130.6865,31.0968],[130.69,31.0959],[130.6966,31.0989],[130.713,31.1145],[130.7211,31.1145],[130.731,31.1175],[130.747,31.1398],[130.7593,31.1699],[130.7655,31.1796],[130.7632,31.1895],[130.7537,31.2],[130.7529,31.2103],[130.7577,31.2167],[130.7622,31.2147],[130.7617,31.2176],[130.7669,31.2249],[130.7721,31.2378],[130.7853,31.2467],[130.7891,31.2532],[130.7869,31.2561],[130.7948,31.2916],[130.7913,31.2955],[130.7895,31.3045],[130.7942,31.3109],[130.7939,31.3146],[130.8006,31.3269],[130.8018,31.3365],[130.7922,31.3459],[130.7905,31.3575],[130.7778,31.3713],[130.7795,31.3748],[130.7747,31.3856],[130.7696,31.3891],[130.7659,31.404],[130.7648,31.4022],[130.7617,31.4028],[130.7656,31.405],[130.7593,31.4137],[130.7567,31.4213],[130.735,31.4457],[130.7274,31.4519],[130.7059,31.4581],[130.6976,31.4629],[130.6938,31.4864],[130.6905,31.4881],[130.6974,31.4946],[130.6948,31.4977],[130.6976,31.5287],[130.705,31.5301],[130.7059,31.5383],[130.7055,31.5426],[130.6974,31.5553],[130.6939,31.5547],[130.6944,31.5516],[130.6848,31.5529],[130.6873,31.5515],[130.6869,31.5481],[130.6797,31.5442],[130.6763,31.5449],[130.6755,31.5528],[130.6728,31.5487],[130.6661,31.5529],[130.6361,31.5459],[130.6271,31.5566],[130.6241,31.5525],[130.6208,31.5537],[130.6196,31.5604],[130.615,31.5627],[130.6076,31.5737],[130.5988,31.5755],[130.5973,31.5801],[130.5923,31.58],[130.5905,31.5865],[130.5912,31.5899],[130.5986,31.5919],[130.5983,31.597],[130.605,31.5969],[130.6102,31.6073],[130.627,31.621],[130.6416,31.6204],[130.6675,31.6272],[130.6728,31.6247],[130.6771,31.6291],[130.684,31.6212],[130.6952,31.6248],[130.7005,31.6153],[130.7077,31.6117],[130.7067,31.6094],[130.7092,31.605],[130.7157,31.6029],[130.712,31.5985],[130.7095,31.5983],[130.7119,31.5943],[130.7173,31.5916],[130.7161,31.5865],[130.712,31.5821],[130.7082,31.5823],[130.7086,31.5788],[130.7149,31.5748],[130.7101,31.5662],[130.7195,31.5656],[130.719,31.5617],[130.7057,31.5569],[130.748,31.5578],[130.7642,31.5623],[130.7749,31.5719],[130.7864,31.5865],[130.7851,31.6011],[130.7927,31.6099],[130.8001,31.6317],[130.8059,31.6385],[130.8157,31.6439],[130.8219,31.656],[130.8178,31.6699],[130.8115,31.6819],[130.8031,31.6876],[130.7956,31.6882],[130.799,31.6941],[130.7939,31.7018],[130.7735,31.7037],[130.7669,31.7073],[130.755,31.7064],[130.7379,31.71],[130.737,31.7067],[130.7302,31.7093],[130.7278,31.7153],[130.7288,31.7247],[130.7261,31.7181],[130.7231,31.7178],[130.7162,31.7243],[130.7164,31.7277],[130.7061,31.7254],[130.695,31.7288],[130.6867,31.735],[130.6712,31.7277],[130.6648,31.7294],[130.6593,31.7283],[130.6333,31.7111],[130.6274,31.7131],[130.6151,31.6995],[130.6089,31.6827],[130.6105,31.6726],[130.618,31.6565],[130.6112,31.6555],[130.6037,31.6465],[130.6014,31.6315],[130.5767,31.6169],[130.5719,31.6031],[130.5701,31.6037],[130.5678,31.6012],[130.5666,31.6023],[130.5607,31.5957],[130.562,31.5856],[130.5643,31.5858],[130.565,31.5882],[130.5698,31.5832],[130.5654,31.5845],[130.564,31.5787],[130.5694,31.5807],[130.5687,31.5733],[130.5655,31.5726],[130.5675,31.5715],[130.562,31.5575],[130.5601,31.558],[130.5579,31.5463],[130.5528,31.5481],[130.5535,31.5465],[130.5509,31.5453],[130.5467,31.549],[130.5444,31.5454],[130.5472,31.5439],[130.5451,31.5374],[130.5415,31.5393],[130.5363,31.5332],[130.5391,31.5357],[130.5349,31.5289],[130.5382,31.5279],[130.5413,31.5342],[130.5432,31.5335],[130.5376,31.5221],[130.528,31.5246],[130.5271,31.5233],[130.5331,31.5222],[130.5361,31.5195],[130.5322,31.5069],[130.5207,31.5091],[130.5176,31.5032],[130.5329,31.5009],[130.5303,31.484],[130.5247,31.4847],[130.5233,31.4902],[130.5198,31.4921],[130.5181,31.4898],[130.5136,31.4939],[130.5127,31.4905],[130.5187,31.4874],[130.5188,31.4853],[130.5142,31.4876],[130.5137,31.4857],[130.5171,31.4837],[130.5168,31.4821],[130.5138,31.4823],[130.5122,31.4776],[130.5162,31.4771],[130.516,31.4738],[130.5186,31.4735],[130.5183,31.4713],[130.5317,31.4698],[130.5312,31.4623],[130.5146,31.464],[130.5135,31.4664],[130.5117,31.4634],[130.5143,31.4604],[130.5131,31.4567],[130.5146,31.4567],[130.5136,31.455],[130.5169,31.4492],[130.5165,31.4419],[130.5202,31.4339],[130.5245,31.4137],[130.534,31.3945],[130.5361,31.3967],[130.5386,31.3935],[130.5364,31.3923],[130.5381,31.3906],[130.5484,31.3962],[130.5571,31.3856],[130.547,31.3795],[130.5411,31.3856],[130.5451,31.3779],[130.5469,31.3783],[130.5451,31.3766],[130.5615,31.3292],[130.5704,31.3138],[130.5832,31.3041],[130.5882,31.3027],[130.5949,31.2939],[130.6056,31.2912],[130.6218,31.2755],[130.6346,31.2715],[130.6581,31.2707],[130.6588,31.2661],[130.6667,31.2667],[130.6605,31.2604],[130.6486,31.2417],[130.6509,31.2412],[130.6484,31.2379],[130.6561,31.2227],[130.6549,31.2177],[130.6389,31.216],[130.6301,31.2115],[130.6272,31.2033],[130.6322,31.2003],[130.6353,31.2098],[130.6449,31.2022],[130.6393,31.1913],[130.6354,31.1864],[130.6264,31.1815],[130.6059,31.1829],[130.5938,31.1785],[130.5871,31.1699],[130.5885,31.1666],[130.5955,31.1621],[130.589,31.1607],[130.5862,31.1559],[130.5864,31.1579],[130.5719,31.1699],[130.5627,31.1756],[130.5543,31.1781],[130.5413,31.1675],[130.5304,31.1637],[130.5197,31.1651],[130.5057,31.1775],[130.5085,31.1803],[130.507,31.1927],[130.5143,31.1973],[130.5075,31.2131],[130.4968,31.2259],[130.4814,31.2396],[130.4623,31.2499],[130.4451,31.2525],[130.4401,31.2488],[130.4401,31.2509],[130.4355,31.253],[130.433,31.2461],[130.4295,31.2462],[130.4247,31.2491],[130.4245,31.2472],[130.4174,31.2497],[130.4151,31.2485],[130.4151,31.2505],[130.4109,31.2482],[130.4099,31.2528],[130.4045,31.25],[130.402,31.2532],[130.4008,31.2506],[130.3949,31.2529],[130.3939,31.2512],[130.3896,31.2549],[130.3898,31.2519],[130.3878,31.2509],[130.383,31.2532],[130.3634,31.2512],[130.3613,31.2547],[130.3593,31.2509],[130.3531,31.2501],[130.3413,31.2553],[130.3281,31.2549],[130.3269,31.2572],[130.323,31.2553],[130.3151,31.2569],[130.3071,31.2665],[130.2936,31.2595],[130.2961,31.2674],[130.2908,31.2689],[130.2868,31.2685],[130.2921,31.2677],[130.2872,31.2663],[130.287,31.2627],[130.2919,31.261],[130.2854,31.2625],[130.2855,31.2672],[130.2819,31.2659],[130.2808,31.2532],[130.2769,31.2466],[130.259,31.2571],[130.2425,31.252],[130.2402,31.2532],[130.24,31.2575],[130.2368,31.2589],[130.2251,31.25],[130.2209,31.2532],[130.2157,31.2485],[130.2142,31.2491],[130.2152,31.2511],[130.212,31.2543],[130.212,31.2573],[130.2142,31.2613],[130.2189,31.2619],[130.2182,31.2668],[130.2224,31.2691],[130.2241,31.2667],[130.2254,31.2683],[130.2281,31.2678],[130.2254,31.2718],[130.2206,31.2727],[130.215,31.271],[130.2138,31.2735],[130.2169,31.2767],[130.2211,31.2737],[130.2287,31.2805],[130.2265,31.2821],[130.2151,31.2821],[130.2157,31.2885],[130.2129,31.2897],[130.2074,31.2831],[130.2009,31.282],[130.1986,31.2889],[130.199,31.2969],[130.2018,31.2961],[130.2112,31.2993],[130.2153,31.3026],[130.2195,31.2987],[130.2245,31.3045],[130.2232,31.3104],[130.2172,31.3097],[130.2171,31.3159],[130.2139,31.3199],[130.2087,31.3219],[130.2035,31.3189],[130.2052,31.3141],[130.1969,31.3165],[130.19,31.3157],[130.1875,31.3213],[130.1836,31.3213],[130.1803,31.3239],[130.1762,31.3216],[130.173,31.3235],[130.1755,31.328],[130.1794,31.3302],[130.1864,31.3319],[130.1941,31.3295],[130.2054,31.3365],[130.2045,31.3405],[130.2089,31.3437],[130.2089,31.3469],[130.2072,31.3486],[130.2021,31.3485],[130.2032,31.3516],[130.1988,31.3542],[130.1994,31.3581],[130.1965,31.3553],[130.195,31.3574],[130.1893,31.3545],[130.1884,31.3676],[130.1829,31.3654],[130.1742,31.366],[130.1696,31.3739],[130.1638,31.374],[130.1452,31.394],[130.1398,31.4051],[130.1328,31.408],[130.1305,31.4113],[130.1204,31.4167],[130.1124,31.4141],[130.1075,31.409],[130.1056,31.4119],[130.1085,31.4203],[130.1133,31.4232],[130.1218,31.4223],[130.132,31.417],[130.1323,31.4129],[130.1353,31.4129],[130.1343,31.4165],[130.1408,31.4199],[130.1472,31.4291],[130.1523,31.4307],[130.1577,31.4397],[130.1631,31.4373],[130.1671,31.4308],[130.1692,31.4199],[130.1764,31.4199],[130.18,31.4228],[130.1799,31.4199],[130.1857,31.4101],[130.1875,31.41],[130.1895,31.4199],[130.186,31.4244],[130.1921,31.4288],[130.1906,31.4257],[130.191,31.4098],[130.2245,31.4019],[130.2247,31.3986],[130.2349,31.4102],[130.249,31.417],[130.2497,31.4139],[130.252,31.4193],[130.2549,31.4177],[130.2716,31.4259],[130.2824,31.4414],[130.2911,31.4474],[130.2903,31.4495],[130.3121,31.4905],[130.3213,31.5119],[130.3317,31.5552],[130.3338,31.5865],[130.3307,31.6167],[130.3268,31.6335],[130.3147,31.6583],[130.3034,31.662],[130.2977,31.6618],[130.2979,31.671],[130.2738,31.7059],[130.2671,31.7057],[130.2683,31.7075],[130.2601,31.7071],[130.2528,31.7092],[130.2619,31.7081],[130.2624,31.7145],[130.2601,31.7159],[130.2594,31.7141],[130.2596,31.7214],[130.2518,31.7309],[130.2361,31.7345],[130.2194,31.75],[130.213,31.7532],[130.2125,31.7553],[130.1998,31.7552],[130.1943,31.7481],[130.1896,31.7465],[130.1855,31.7487],[130.1875,31.7579],[130.1842,31.7696],[130.1785,31.7803],[130.174,31.7801],[130.166,31.7938],[130.1709,31.7997],[130.1732,31.8085],[130.1724,31.8145],[130.1755,31.8178],[130.1779,31.8178],[130.1858,31.8301],[130.1804,31.8327],[130.1849,31.8318],[130.1867,31.8365],[130.1811,31.8355],[130.1869,31.8367],[130.1901,31.8429],[130.1935,31.8428],[130.1978,31.8533],[130.1911,31.8583],[130.1918,31.8601],[130.1975,31.8583],[130.2003,31.87],[130.2022,31.8679],[130.2082,31.8709],[130.2162,31.8883],[130.2154,31.8938],[130.2193,31.8945],[130.2231,31.9115],[130.2187,31.9161],[130.2192,31.9283],[130.2092,31.9693],[130.1975,31.981],[130.202,31.9825],[130.2,31.9861],[130.196,31.9877],[130.1972,31.9902],[130.1916,31.99],[130.1906,31.9867],[130.1857,31.9948],[130.1771,31.9898],[130.1728,31.9915],[130.1737,31.9933],[130.1797,31.9916],[130.182,31.9957],[130.1771,32.0032],[130.1793,32.0083],[130.1793,32.0157],[130.1817,32.0137],[130.1891,32.0175],[130.192,32.0157],[130.1905,32.0191],[130.1926,32.0171],[130.1925,32.0301],[130.1879,32.0293],[130.1882,32.0305],[130.1927,32.0307],[130.1939,32.0344],[130.2,32.0368],[130.2027,32.0407],[130.2058,32.0579],[130.2035,32.0693],[130.1969,32.0769],[130.1953,32.0749],[130.1912,32.0771],[130.1924,32.0839],[130.1805,32.0795],[130.1832,32.0716],[130.1804,32.0716],[130.1716,32.0777],[130.1702,32.0865],[130.1744,32.0902],[130.1746,32.1045],[130.1781,32.1085],[130.1861,32.1121],[130.1887,32.1107],[130.192,32.116],[130.2092,32.1244],[130.2231,32.1279],[130.2555,32.1261],[130.2626,32.1188],[130.2653,32.1229],[130.2607,32.1267],[130.2656,32.1285],[130.2725,32.1259],[130.2706,32.1174],[130.2845,32.1087],[130.3081,32.108],[130.312,32.1141],[130.3291,32.1232],[130.3284,32.1219],[130.33,32.122],[130.3299,32.1241],[130.3358,32.1242],[130.3406,32.1293],[130.3416,32.1269],[130.3419,32.1307],[130.3458,32.1305],[130.3447,32.1336],[130.3479,32.1331],[130.3514,32.1358],[130.352,32.1417],[130.3622,32.1511],[130.3579,32.1619],[130.36,32.1678],[130.3864,32.1456],[130.3921,32.1333],[130.4022,32.1239],[130.4003,32.122],[130.4035,32.1197],[130.4245,32.1165],[130.4284,32.1139],[130.4485,32.1164],[130.4533,32.1134],[130.4577,32.1167],[130.4748,32.1221],[130.476,32.1389],[130.4821,32.1389],[130.4867,32.1348],[130.4918,32.1337],[130.5004,32.1366],[130.5046,32.1405],[130.5187,32.1352],[130.5386,32.137],[130.5414,32.1493],[130.5623,32.1549],[130.5814,32.1546],[130.5954,32.1768],[130.5908,32.1859]]],[[[130.1645,32.0211],[130.1642,32.0257],[130.1615,32.0258],[130.1637,32.0289],[130.1662,32.0258],[130.1699,32.0259],[130.1705,32.0225],[130.1645,32.0211]]],[[[129.8713,31.8006],[129.8718,31.8207],[129.868,31.822],[129.8646,31.8192],[129.8565,31.8215],[129.8613,31.8313],[129.8651,31.8329],[129.859,31.8371],[129.8449,31.8298],[129.848,31.8409],[129.8411,31.8495],[129.8407,31.8531],[129.8438,31.8511],[129.8592,31.8521],[129.8569,31.8531],[129.8643,31.8589],[129.8623,31.8595],[129.8517,31.8539],[129.8468,31.8553],[129.8432,31.8571],[129.8433,31.8691],[129.8419,31.8697],[129.8379,31.8627],[129.8375,31.858],[129.834,31.8537],[129.8349,31.8379],[129.8313,31.8379],[129.8274,31.8429],[129.8229,31.842],[129.8203,31.8437],[129.8205,31.8479],[129.818,31.8492],[129.8169,31.8613],[129.824,31.8642],[129.8345,31.8821],[129.8504,31.8827],[129.8606,31.8786],[129.8798,31.8589],[129.887,31.8539],[129.8935,31.8538],[129.8977,31.8473],[129.9094,31.8428],[129.9158,31.8456],[129.9183,31.8513],[129.91,31.8549],[129.908,31.8584],[129.9103,31.8618],[129.9085,31.8652],[129.9044,31.8667],[129.9074,31.8699],[129.9146,31.8671],[129.9259,31.8685],[129.931,31.8649],[129.9259,31.8663],[129.923,31.8624],[129.9282,31.8594],[129.9307,31.8499],[129.9222,31.8459],[129.9211,31.8476],[129.9191,31.8403],[129.9305,31.8365],[129.9295,31.8269],[129.9266,31.8213],[129.9186,31.8167],[129.914,31.8217],[129.9067,31.8206],[129.9033,31.8248],[129.8994,31.8139],[129.885,31.8111],[129.8713,31.8006]]],[[[129.9307,31.8663],[129.9365,31.8703],[129.9393,31.8685],[129.9307,31.8663]]],[[[129.8405,31.8204],[129.8355,31.8252],[129.8441,31.8291],[129.8405,31.8204]]],[[[129.8277,31.7747],[129.8229,31.7748],[129.8212,31.7787],[129.8162,31.7787],[129.8173,31.7836],[129.8147,31.7848],[129.8152,31.7901],[129.8103,31.799],[129.8174,31.8013],[129.8198,31.8127],[129.8381,31.8189],[129.8419,31.813],[129.8357,31.807],[129.8371,31.8032],[129.8406,31.8004],[129.8448,31.8012],[129.8412,31.7965],[129.8355,31.7975],[129.8249,31.7897],[129.8245,31.7864],[129.8313,31.7835],[129.8277,31.7747]]],[[[129.7129,31.6216],[129.7103,31.6244],[129.7101,31.6335],[129.7057,31.6367],[129.6975,31.6342],[129.6966,31.6311],[129.6984,31.6264],[129.6969,31.6237],[129.6884,31.6216],[129.6843,31.6221],[129.6828,31.6241],[129.6837,31.6269],[129.6808,31.6325],[129.675,31.6329],[129.6721,31.6366],[129.665,31.6343],[129.6653,31.6386],[129.6586,31.6501],[129.6571,31.6585],[129.6664,31.6627],[129.6695,31.6603],[129.6812,31.6633],[129.6759,31.6662],[129.6811,31.6716],[129.6881,31.6883],[129.6919,31.6911],[129.6899,31.7001],[129.6875,31.7029],[129.6998,31.7061],[129.7007,31.7097],[129.6963,31.7155],[129.7056,31.7198],[129.7044,31.721],[129.7064,31.7231],[129.7172,31.7276],[129.7355,31.7313],[129.7468,31.7377],[129.7499,31.7345],[129.752,31.7359],[129.7543,31.7347],[129.756,31.7376],[129.761,31.737],[129.7653,31.7435],[129.7736,31.7404],[129.7789,31.7501],[129.7785,31.7532],[129.7746,31.7548],[129.7744,31.7581],[129.7797,31.7579],[129.7833,31.7599],[129.7881,31.7693],[129.7807,31.7745],[129.7849,31.7813],[129.7849,31.7849],[129.781,31.7907],[129.7855,31.7903],[129.7902,31.7843],[129.7988,31.7855],[129.8033,31.7822],[129.7968,31.7823],[129.7924,31.7772],[129.7952,31.7733],[129.7951,31.7683],[129.7995,31.7654],[129.7999,31.7617],[129.7939,31.7615],[129.7896,31.7587],[129.7882,31.7515],[129.7776,31.7443],[129.7791,31.7369],[129.7765,31.7343],[129.7687,31.7135],[129.758,31.7097],[129.7561,31.7163],[129.7509,31.7178],[129.7468,31.7159],[129.7377,31.7044],[129.7383,31.6978],[129.7428,31.6967],[129.7424,31.6869],[129.7379,31.6869],[129.7242,31.6699],[129.7251,31.6614],[129.7371,31.6552],[129.7262,31.6487],[129.7261,31.6428],[129.7186,31.6387],[129.7168,31.6329],[129.7118,31.6336],[129.7111,31.632],[129.715,31.6315],[129.7129,31.6216]]],[[[130.7209,31.6143],[130.7226,31.6208],[130.7243,31.6204],[130.7209,31.6143]]],[[[131.1177,31.4253],[131.1136,31.4303],[131.1159,31.4335],[131.1177,31.4253]]],[[[131.0245,31.3629],[131.0196,31.3643],[131.021,31.3763],[131.0316,31.3775],[131.0339,31.3747],[131.0348,31.3642],[131.0245,31.3629]]],[[[130.1616,31.3503],[130.1575,31.3545],[130.1676,31.3635],[130.1658,31.3548],[130.1616,31.3503]]],[[[130.6753,31.2722],[130.6712,31.2764],[130.6759,31.2801],[130.6808,31.2771],[130.6753,31.2722]]],[[[129.4753,31.1951],[129.4683,31.2047],[129.4714,31.2069],[129.4711,31.2112],[129.4751,31.2051],[129.4753,31.1951]]],[[[129.4341,31.1755],[129.4326,31.1773],[129.4367,31.1802],[129.4372,31.1859],[129.4416,31.1855],[129.4453,31.1997],[129.4501,31.1993],[129.4524,31.1965],[129.4456,31.1859],[129.4508,31.1823],[129.4472,31.1815],[129.4474,31.1769],[129.4418,31.1799],[129.4341,31.1755]]],[[[129.4676,30.8594],[129.4607,30.8595],[129.4645,30.8625],[129.4676,30.8594]]],[[[129.9299,30.8118],[129.9154,30.8187],[129.9113,30.8187],[129.9126,30.8209],[129.9103,30.8235],[129.9106,30.8261],[129.9078,30.8305],[129.9046,30.8305],[129.9038,30.8385],[129.9124,30.8385],[129.9239,30.8489],[129.9376,30.8506],[129.9407,30.8454],[129.949,30.8423],[129.9545,30.8365],[129.9625,30.8352],[129.9627,30.8291],[129.9523,30.8189],[129.9373,30.8124],[129.9299,30.8118]]],[[[129.4274,30.8405],[129.4273,30.8443],[129.4338,30.8479],[129.4274,30.8405]]],[[[130.9483,30.6352],[130.9418,30.6471],[130.9461,30.6663],[130.9411,30.6661],[130.9397,30.6699],[130.948,30.6797],[130.9577,30.6869],[130.9572,30.6903],[130.9588,30.6902],[130.9721,30.7073],[130.9788,30.7256],[130.984,30.7254],[130.9881,30.7228],[130.9922,30.7251],[130.9926,30.7315],[130.9889,30.731],[130.9925,30.7333],[130.989,30.7363],[130.9903,30.7411],[130.9968,30.7435],[131.0,30.7475],[131.0071,30.7646],[131.0076,30.7711],[131.0022,30.7837],[131.0107,30.7905],[131.0301,30.8125],[131.0314,30.8229],[131.0347,30.826],[131.0381,30.8218],[131.0439,30.824],[131.0481,30.832],[131.0552,30.8391],[131.0601,30.8351],[131.0637,30.8149],[131.0662,30.815],[131.0653,30.8114],[131.071,30.8125],[131.0704,30.7984],[131.0796,30.7929],[131.0815,30.7837],[131.0807,30.7784],[131.0743,30.7735],[131.071,30.7636],[131.0729,30.7609],[131.0716,30.7532],[131.0725,30.7209],[131.0775,30.6969],[131.0694,30.6898],[131.0702,30.6923],[131.0682,30.6929],[131.0654,30.6907],[131.065,30.6863],[131.0618,30.6839],[131.063,30.6767],[131.0551,30.6699],[131.0489,30.6469],[131.0525,30.647],[131.0576,30.6416],[131.0533,30.6301],[131.0525,30.6217],[131.0552,30.6151],[131.0504,30.612],[131.0541,30.6057],[131.0473,30.5954],[131.0317,30.5865],[131.0331,30.5776],[131.0313,30.5666],[131.0339,30.5663],[131.0272,30.562],[131.0275,30.5551],[131.0242,30.5567],[131.0218,30.5533],[131.0129,30.5484],[131.0055,30.5505],[131.0001,30.5485],[130.9968,30.5441],[130.9925,30.5295],[130.9823,30.5207],[130.9749,30.4937],[130.9619,30.4797],[130.9672,30.4705],[130.9681,30.4632],[130.9648,30.4624],[130.9665,30.4638],[130.9625,30.4643],[130.9577,30.4594],[130.9624,30.4522],[130.9745,30.4461],[130.9728,30.444],[130.9741,30.4428],[130.9712,30.4417],[130.9784,30.4355],[130.9761,30.4311],[130.9681,30.4245],[130.9676,30.4183],[130.9709,30.4085],[130.9783,30.4024],[130.9802,30.3978],[130.977,30.3995],[130.9665,30.3942],[130.962,30.3831],[130.9669,30.3725],[130.9576,30.3705],[130.95,30.374],[130.9379,30.3753],[130.9028,30.363],[130.8883,30.3529],[130.8833,30.344],[130.8713,30.3444],[130.8568,30.3694],[130.8645,30.3937],[130.865,30.4007],[130.8632,30.4199],[130.8512,30.4467],[130.8522,30.4501],[130.8492,30.4675],[130.8583,30.4656],[130.8598,30.4673],[130.8621,30.4633],[130.8718,30.4659],[130.8812,30.4815],[130.8809,30.484],[130.8937,30.4931],[130.9028,30.5032],[130.9289,30.5439],[130.9502,30.5865],[130.9516,30.5945],[130.9491,30.6039],[130.9472,30.6029],[130.9489,30.6109],[130.9483,30.6352]]],[[[130.442,30.8003],[130.4115,30.8093],[130.3965,30.8069],[130.3959,30.81],[130.4056,30.8103],[130.4058,30.8139],[130.4089,30.818],[130.4182,30.8145],[130.4255,30.8193],[130.4359,30.8114],[130.4445,30.8101],[130.442,30.8003]]],[[[130.2773,30.7723],[130.2723,30.7795],[130.2647,30.7788],[130.261,30.7815],[130.2655,30.7875],[130.2643,30.7908],[130.2673,30.7928],[130.2705,30.7915],[130.2784,30.7935],[130.2862,30.8],[130.3016,30.8079],[130.3197,30.7954],[130.3195,30.7866],[130.313,30.7807],[130.3056,30.7815],[130.2812,30.7785],[130.2758,30.7803],[130.2773,30.7723]]],[[[130.8508,30.7253],[130.8362,30.7269],[130.8408,30.7425],[130.8409,30.7501],[130.8558,30.7649],[130.8591,30.7627],[130.8596,30.751],[130.8609,30.7514],[130.8663,30.7415],[130.8615,30.7279],[130.8569,30.7255],[130.8508,30.7253]]],[[[130.2095,30.4215],[130.209,30.4247],[130.2018,30.4284],[130.1932,30.4373],[130.1909,30.4432],[130.188,30.4518],[130.1939,30.4552],[130.1945,30.4604],[130.1909,30.4631],[130.1807,30.4563],[130.1689,30.4568],[130.1678,30.4636],[130.1645,30.4639],[130.1667,30.4684],[130.1489,30.4786],[130.1464,30.4843],[130.1439,30.4854],[130.1427,30.4887],[130.1441,30.4902],[130.1541,30.4848],[130.1672,30.4895],[130.1647,30.4821],[130.1794,30.4839],[130.1895,30.4721],[130.1943,30.472],[130.1989,30.4821],[130.2126,30.4726],[130.2222,30.473],[130.2271,30.4683],[130.2338,30.4689],[130.2438,30.4592],[130.2468,30.4593],[130.2507,30.4532],[130.2632,30.4479],[130.2649,30.4434],[130.263,30.443],[130.2636,30.4355],[130.2603,30.4329],[130.2546,30.4377],[130.2335,30.4347],[130.2341,30.4302],[130.2319,30.4306],[130.2289,30.4269],[130.23,30.4239],[130.2286,30.4231],[130.2201,30.4231],[130.2187,30.4249],[130.2095,30.4215]]],[[[130.5216,30.2263],[130.5187,30.2302],[130.5062,30.2301],[130.5017,30.2321],[130.4935,30.2269],[130.4896,30.2274],[130.4755,30.2338],[130.4719,30.2323],[130.456,30.2339],[130.4416,30.2364],[130.4355,30.2403],[130.4307,30.2489],[130.4301,30.2535],[130.4207,30.2656],[130.4175,30.2675],[130.413,30.2651],[130.4121,30.2867],[130.4098,30.293],[130.4121,30.2959],[130.4073,30.3007],[130.4025,30.3151],[130.3929,30.318],[130.3916,30.3202],[130.3809,30.35],[130.382,30.3556],[130.3759,30.3725],[130.3773,30.3766],[130.3755,30.3821],[130.377,30.3819],[130.3788,30.3881],[130.3778,30.3914],[130.3795,30.3929],[130.3853,30.392],[130.3927,30.3971],[130.4127,30.3969],[130.4164,30.3954],[130.4296,30.4052],[130.4364,30.4138],[130.4379,30.4199],[130.4462,30.428],[130.4509,30.4321],[130.4577,30.4319],[130.4626,30.4358],[130.4648,30.4473],[130.4631,30.4565],[130.4673,30.4565],[130.4691,30.4607],[130.4721,30.4609],[130.477,30.4581],[130.4875,30.4577],[130.4892,30.4565],[130.4872,30.4539],[130.4954,30.4554],[130.4922,30.4651],[130.4968,30.4691],[130.4994,30.4597],[130.4973,30.4553],[130.4993,30.4523],[130.5094,30.4554],[130.5166,30.4529],[130.5175,30.4493],[130.5257,30.4438],[130.5275,30.448],[130.5418,30.4464],[130.545,30.4421],[130.5526,30.4411],[130.5562,30.4378],[130.5731,30.4314],[130.5686,30.4309],[130.5707,30.4286],[130.5732,30.4293],[130.5724,30.4271],[130.5757,30.4232],[130.5818,30.4228],[130.5967,30.4165],[130.5973,30.4102],[130.6316,30.4007],[130.6362,30.401],[130.657,30.3894],[130.6692,30.3767],[130.6697,30.3725],[130.6623,30.3365],[130.6615,30.3171],[130.6567,30.3159],[130.6592,30.3131],[130.6572,30.3066],[130.6497,30.2955],[130.6461,30.2949],[130.6218,30.271],[130.6206,30.2719],[130.6078,30.2623],[130.602,30.2511],[130.5929,30.2479],[130.5899,30.2498],[130.5817,30.2387],[130.5807,30.2399],[130.5716,30.2361],[130.5628,30.2362],[130.5546,30.2307],[130.5535,30.2331],[130.5507,30.2333],[130.5429,30.2297],[130.5398,30.2314],[130.5369,30.2279],[130.5304,30.2337],[130.5269,30.2289],[130.5216,30.2263]]],[[[129.9308,29.949],[129.922,29.9546],[129.9175,29.955],[129.904,29.9639],[129.9054,29.9722],[129.899,29.9754],[129.9026,29.9789],[129.9039,29.9851],[129.914,29.9923],[129.9084,30.0007],[129.915,30.0068],[129.9207,29.9907],[129.9326,29.9734],[129.9421,29.968],[129.9455,29.9604],[129.9435,29.9528],[129.9308,29.949]]],[[[129.5425,29.8926],[129.5312,29.8963],[129.5304,29.9146],[129.5357,29.9151],[129.5385,29.9123],[129.5463,29.9102],[129.552,29.9034],[129.5526,29.8947],[129.5425,29.8926]]],[[[129.6191,29.8766],[129.6162,29.8806],[129.6174,29.8847],[129.6203,29.8846],[129.6191,29.8766]]],[[[129.8718,29.8161],[129.8614,29.8205],[129.8542,29.8297],[129.8514,29.8366],[129.8461,29.8415],[129.8463,29.8383],[129.8366,29.8497],[129.8341,29.8635],[129.8406,29.876],[129.8494,29.8826],[129.8656,29.8823],[129.8671,29.8769],[129.8825,29.873],[129.8873,29.8693],[129.8909,29.8697],[129.8901,29.8628],[129.893,29.8629],[129.8961,29.86],[129.8933,29.8562],[129.894,29.8447],[129.9161,29.8244],[129.9168,29.8195],[129.9086,29.8202],[129.9041,29.8184],[129.9016,29.8206],[129.8876,29.8219],[129.8784,29.8168],[129.8718,29.8161]]],[[[129.5353,29.6759],[129.5242,29.6859],[129.5286,29.6944],[129.533,29.6963],[129.5372,29.695],[129.5381,29.6831],[129.5353,29.6759]]],[[[129.7059,29.6022],[129.6965,29.6031],[129.6963,29.6094],[129.6913,29.6151],[129.6869,29.6286],[129.6884,29.636],[129.683,29.641],[129.6877,29.6473],[129.6838,29.6501],[129.6845,29.6537],[129.6908,29.6561],[129.6919,29.6592],[129.6967,29.6578],[129.7035,29.6642],[129.7198,29.6697],[129.7269,29.6673],[129.7369,29.6718],[129.7412,29.6699],[129.7376,29.6531],[129.7373,29.6372],[129.7325,29.6283],[129.7109,29.6123],[129.7115,29.6059],[129.7059,29.6022]]],[[[129.6036,29.4445],[129.5934,29.4457],[129.5948,29.455],[129.5835,29.4619],[129.593,29.4763],[129.6081,29.4717],[129.6188,29.4511],[129.6166,29.4465],[129.6036,29.4445]]],[[[129.3426,29.2244],[129.3425,29.2298],[129.3462,29.2298],[129.3475,29.227],[129.3426,29.2244]]],[[[129.326,29.2179],[129.3202,29.2197],[129.318,29.2235],[129.3236,29.2276],[129.3303,29.2255],[129.326,29.2179]]],[[[129.2197,29.1267],[129.2029,29.1363],[129.1865,29.1514],[129.187,29.1549],[129.1942,29.158],[129.2013,29.158],[129.2052,29.1553],[129.2088,29.1581],[129.2189,29.1575],[129.2213,29.1519],[129.2188,29.1471],[129.2178,29.1365],[129.2197,29.1267]]],[[[129.0004,28.8272],[128.997,28.8289],[128.9963,28.8327],[129.0006,28.8362],[129.0038,28.8284],[129.0004,28.8272]]],[[[128.9949,28.7915],[128.9846,28.7964],[128.9776,28.7927],[128.972,28.8005],[128.9731,28.8021],[128.982,28.798],[128.9927,28.8059],[128.9968,28.8059],[129.0014,28.8018],[129.0013,28.7947],[128.9949,28.7915]]],[[[129.6453,28.4334],[129.6455,28.4299],[129.6506,28.4217],[129.6546,28.4239],[129.6577,28.4348],[129.6513,28.4406],[129.6506,28.4459],[129.6479,28.4481],[129.6503,28.4546],[129.6474,28.4677],[129.6514,28.4677],[129.6536,28.4618],[129.6569,28.459],[129.6599,28.4469],[129.6651,28.4383],[129.671,28.4409],[129.6672,28.4469],[129.6674,28.4546],[129.6705,28.4555],[129.6731,28.461],[129.6708,28.4626],[129.67,28.4679],[129.6567,28.4807],[129.6552,28.4865],[129.6449,28.4977],[129.6469,28.5029],[129.6526,28.4993],[129.656,28.4995],[129.6589,28.5044],[129.6623,28.5057],[129.6748,28.5256],[129.6879,28.5298],[129.69,28.5269],[129.6923,28.5095],[129.6893,28.5032],[129.6942,28.4905],[129.7034,28.4764],[129.7081,28.4764],[129.7128,28.4738],[129.7174,28.4746],[129.7161,28.4653],[129.7211,28.4581],[129.7135,28.4477],[129.7124,28.4375],[129.7179,28.4399],[129.708,28.4207],[129.7045,28.4221],[129.7077,28.4285],[129.6941,28.4141],[129.6734,28.4105],[129.6677,28.4077],[129.6641,28.3977],[129.6551,28.3974],[129.6539,28.4005],[129.6302,28.4063],[129.6132,28.3999],[129.6078,28.3889],[129.6024,28.3857],[129.5959,28.3777],[129.5916,28.3659],[129.5897,28.3639],[129.5844,28.3647],[129.5825,28.3587],[129.577,28.3548],[129.574,28.3475],[129.5697,28.3449],[129.5606,28.3325],[129.5527,28.3335],[129.5461,28.3299],[129.5354,28.3299],[129.5331,28.3272],[129.5323,28.3215],[129.5422,28.315],[129.5426,28.3101],[129.5352,28.3061],[129.5231,28.3042],[129.5194,28.3011],[129.4986,28.2977],[129.4864,28.2895],[129.4811,28.2883],[129.4735,28.2942],[129.4685,28.2925],[129.4667,28.2951],[129.4617,28.2961],[129.4546,28.2929],[129.4559,28.2883],[129.4534,28.2776],[129.458,28.2649],[129.4487,28.2611],[129.4425,28.251],[129.4441,28.2488],[129.4421,28.2464],[129.4372,28.2444],[129.4338,28.2474],[129.4116,28.2489],[129.411,28.2503],[129.4063,28.2491],[129.4192,28.2413],[129.4221,28.2424],[129.4284,28.2366],[129.4306,28.2383],[129.4449,28.2289],[129.4495,28.2289],[129.4504,28.2321],[129.4545,28.2321],[129.4572,28.2283],[129.4698,28.2207],[129.4746,28.2151],[129.4746,28.2091],[129.4699,28.2081],[129.4655,28.2126],[129.4606,28.211],[129.4507,28.2041],[129.451,28.1983],[129.4487,28.1975],[129.4501,28.1949],[129.4459,28.1981],[129.4425,28.1981],[129.4404,28.1953],[129.4335,28.1987],[129.4286,28.1929],[129.424,28.1919],[129.4232,28.1884],[129.4215,28.1893],[129.4185,28.1869],[129.4061,28.1926],[129.4025,28.1905],[129.4016,28.1857],[129.4075,28.1829],[129.4073,28.1783],[129.4052,28.1699],[129.4029,28.1674],[129.4029,28.1575],[129.4003,28.1535],[129.3972,28.1571],[129.3873,28.1613],[129.3837,28.1605],[129.3827,28.1635],[129.378,28.1649],[129.3752,28.1625],[129.3664,28.1643],[129.3627,28.1623],[129.3611,28.1638],[129.3622,28.1678],[129.3572,28.1685],[129.3489,28.1737],[129.3361,28.1681],[129.3382,28.1647],[129.3521,28.1557],[129.3568,28.1487],[129.3624,28.1483],[129.3639,28.1499],[129.3692,28.1355],[129.3718,28.1349],[129.3706,28.1291],[129.377,28.1239],[129.378,28.111],[129.3766,28.1094],[129.3718,28.1123],[129.3676,28.1102],[129.3657,28.1118],[129.3673,28.1162],[129.361,28.1195],[129.3618,28.1237],[129.3578,28.1255],[129.3669,28.1281],[129.3594,28.1309],[129.3574,28.1355],[129.3535,28.1355],[129.3475,28.1302],[129.3434,28.1377],[129.3396,28.1377],[129.3369,28.1345],[129.3367,28.1302],[129.3318,28.1292],[129.3277,28.1347],[129.3207,28.1317],[129.3181,28.1397],[129.3121,28.1452],[129.3108,28.1442],[129.2994,28.1494],[129.2946,28.1483],[129.2905,28.1537],[129.2948,28.1555],[129.2958,28.1606],[129.2861,28.1621],[129.2856,28.1645],[129.2839,28.1645],[129.2868,28.1678],[129.2925,28.1655],[129.2965,28.1681],[129.2945,28.172],[129.2905,28.1722],[129.2891,28.1745],[129.2929,28.1767],[129.2912,28.1819],[129.2814,28.1781],[129.2818,28.1853],[129.284,28.184],[129.289,28.1889],[129.2854,28.1899],[129.2835,28.1885],[129.2809,28.1971],[129.2805,28.1916],[129.2771,28.1864],[129.2733,28.1858],[129.2728,28.1814],[129.2623,28.1825],[129.2643,28.1936],[129.2713,28.198],[129.2723,28.2069],[129.28,28.209],[129.2832,28.2124],[129.2874,28.2123],[129.2858,28.2165],[129.2888,28.216],[129.2939,28.2193],[129.2916,28.2227],[129.2901,28.2209],[129.2793,28.2211],[129.2768,28.2179],[129.2639,28.2147],[129.2604,28.2157],[129.275,28.2245],[129.2737,28.2261],[129.276,28.2282],[129.2748,28.2321],[129.267,28.2278],[129.2675,28.2304],[129.2653,28.2317],[129.2616,28.2254],[129.2597,28.232],[129.2576,28.2265],[129.253,28.2327],[129.2515,28.2167],[129.2471,28.2141],[129.2559,28.2082],[129.2558,28.2047],[129.2468,28.2031],[129.2424,28.2067],[129.2395,28.2173],[129.2209,28.2212],[129.2162,28.2287],[129.2107,28.2186],[129.2021,28.2181],[129.2007,28.2219],[129.195,28.2266],[129.1916,28.2267],[129.1831,28.2213],[129.1777,28.2235],[129.1686,28.2419],[129.1616,28.2419],[129.1609,28.2371],[129.1511,28.2363],[129.1483,28.2457],[129.1426,28.2455],[129.1419,28.2509],[129.1376,28.2511],[129.1337,28.2537],[129.1415,28.2569],[129.1637,28.2547],[129.1692,28.2643],[129.1724,28.2647],[129.1768,28.2697],[129.1799,28.2697],[129.1836,28.2628],[129.1979,28.2619],[129.2016,28.2552],[129.2081,28.2532],[129.2079,28.2519],[129.214,28.2563],[129.2124,28.2695],[129.2183,28.2683],[129.2243,28.2726],[129.2343,28.2698],[129.2347,28.2632],[129.2409,28.2669],[129.2468,28.2627],[129.2448,28.2601],[129.2468,28.2525],[129.2504,28.2532],[129.2483,28.2577],[129.2509,28.2576],[129.2539,28.2648],[129.2563,28.2648],[129.2605,28.2609],[129.2631,28.2669],[129.2677,28.2668],[129.2725,28.2608],[129.2742,28.2725],[129.2782,28.2759],[129.2848,28.2769],[129.2917,28.2741],[129.2946,28.2775],[129.2923,28.2843],[129.2723,28.2825],[129.2647,28.2893],[129.2622,28.284],[129.2644,28.2777],[129.2637,28.2739],[129.2599,28.2747],[129.2591,28.2727],[129.2487,28.2745],[129.2468,28.2785],[129.2422,28.2796],[129.2415,28.2848],[129.2345,28.2818],[129.2251,28.2899],[129.2283,28.2939],[129.2259,28.2957],[129.2223,28.2923],[129.2153,28.2976],[129.2174,28.3009],[129.2141,28.3003],[129.2098,28.3062],[129.215,28.3025],[129.2271,28.3097],[129.2295,28.3076],[129.2338,28.3077],[129.2402,28.3135],[129.244,28.3126],[129.2573,28.3188],[129.2574,28.3233],[129.2612,28.3231],[129.2636,28.3266],[129.2822,28.3275],[129.2843,28.3318],[129.2897,28.3271],[129.3027,28.3293],[129.3045,28.3337],[129.3079,28.3328],[129.3118,28.3349],[129.3104,28.3414],[129.3134,28.3454],[129.3097,28.3491],[129.3126,28.3477],[129.3245,28.3493],[129.327,28.3551],[129.3343,28.3614],[129.3373,28.3671],[129.3444,28.368],[129.3537,28.3592],[129.3657,28.3541],[129.3718,28.358],[129.3747,28.3658],[129.3824,28.3689],[129.3862,28.3729],[129.3946,28.3678],[129.3982,28.3555],[129.4033,28.3577],[129.404,28.3629],[129.4082,28.3618],[129.4098,28.3635],[129.4053,28.3669],[129.4027,28.3775],[129.3939,28.3854],[129.4017,28.3825],[129.4067,28.3827],[129.4123,28.3867],[129.4177,28.3855],[129.4257,28.3883],[129.4337,28.3812],[129.4419,28.3823],[129.4442,28.38],[129.449,28.3815],[129.4463,28.3869],[129.4514,28.3927],[129.4551,28.4105],[129.4615,28.4126],[129.4699,28.4083],[129.4663,28.402],[129.4755,28.3997],[129.4806,28.4],[129.4881,28.4119],[129.4938,28.4025],[129.4957,28.4025],[129.4947,28.385],[129.4925,28.3827],[129.495,28.3831],[129.4941,28.3813],[129.4968,28.3799],[129.5069,28.3963],[129.5056,28.3985],[129.507,28.3998],[129.5116,28.398],[129.5217,28.3991],[129.5109,28.4071],[129.5131,28.4199],[129.5178,28.4284],[129.5159,28.4305],[129.5171,28.4402],[129.523,28.4468],[129.5243,28.4452],[129.534,28.4491],[129.5333,28.4532],[129.5368,28.4539],[129.5431,28.4619],[129.5497,28.4579],[129.5561,28.4482],[129.5606,28.4485],[129.5614,28.4577],[129.5671,28.4561],[129.5716,28.4626],[129.5783,28.4671],[129.5858,28.4661],[129.5937,28.4737],[129.6211,28.477],[129.6186,28.4729],[129.6205,28.4674],[129.615,28.4651],[129.6047,28.4533],[129.6053,28.4351],[129.5961,28.4358],[129.5969,28.429],[129.5913,28.4257],[129.5927,28.423],[129.589,28.4135],[129.5932,28.4119],[129.5956,28.4139],[129.593,28.416],[129.595,28.418],[129.6,28.4143],[129.6018,28.4304],[129.6116,28.4364],[129.6113,28.4315],[129.6153,28.4319],[129.6186,28.4361],[129.6151,28.4451],[129.6159,28.4479],[129.6194,28.45],[129.6276,28.4456],[129.6269,28.4395],[129.6289,28.4356],[129.6184,28.4278],[129.6191,28.4199],[129.6218,28.4159],[129.626,28.4144],[129.6369,28.4156],[129.6407,28.4199],[129.6422,28.4305],[129.6453,28.4334]]],[[[129.9445,28.2739],[129.9392,28.2756],[129.9345,28.2818],[129.9357,28.2838],[129.9322,28.2859],[129.9294,28.2909],[129.9246,28.2914],[129.9211,28.2889],[129.9171,28.2924],[129.9186,28.2959],[129.9154,28.2951],[129.9128,28.3104],[129.9188,28.3196],[129.9298,28.3252],[129.9341,28.3216],[129.9356,28.3218],[129.9355,28.3248],[129.9417,28.3269],[129.9463,28.3249],[129.9469,28.3267],[129.9496,28.3259],[129.9515,28.3299],[129.9721,28.3416],[129.9968,28.3659],[130.002,28.3646],[130.0083,28.3746],[130.0181,28.3775],[130.0294,28.3714],[130.0335,28.3654],[130.0305,28.363],[130.0336,28.3637],[130.0332,28.3565],[130.0265,28.3561],[130.0296,28.3539],[130.0284,28.3499],[130.0226,28.348],[130.022,28.3433],[130.0167,28.3365],[130.0113,28.3352],[130.0051,28.3389],[130.0075,28.3364],[130.0062,28.3329],[130.0005,28.3365],[130.0009,28.3319],[130.0044,28.3295],[129.9968,28.3165],[129.9863,28.3046],[129.9767,28.2872],[129.9751,28.2898],[129.9733,28.2855],[129.9688,28.2818],[129.965,28.2828],[129.9654,28.2848],[129.9627,28.2825],[129.9636,28.2795],[129.9587,28.2791],[129.9518,28.2749],[129.9478,28.2772],[129.9445,28.2739]]],[[[129.2073,28.2821],[129.1996,28.2857],[129.1933,28.284],[129.1894,28.2857],[129.1854,28.2915],[129.1778,28.2964],[129.1831,28.3061],[129.1891,28.3023],[129.1916,28.3029],[129.1979,28.2997],[129.2025,28.3012],[129.2124,28.2961],[129.2208,28.2839],[129.2118,28.2858],[129.2073,28.2821]]],[[[129.3174,28.0615],[129.3198,28.069],[129.315,28.0696],[129.3197,28.0865],[129.3245,28.0893],[129.3211,28.0952],[129.3148,28.0958],[129.3052,28.0865],[129.2941,28.0905],[129.2906,28.0899],[129.2903,28.0853],[129.2848,28.0841],[129.2869,28.0757],[129.2837,28.0731],[129.2849,28.0664],[129.2875,28.0652],[129.2839,28.0624],[129.2697,28.0683],[129.2615,28.0775],[129.2604,28.0792],[129.2643,28.0825],[129.2651,28.0865],[129.261,28.0899],[129.2589,28.1039],[129.2518,28.1104],[129.2425,28.1048],[129.2468,28.1035],[129.2468,28.0993],[129.2405,28.0996],[129.2292,28.0893],[129.2211,28.0776],[129.2158,28.0758],[129.213,28.0823],[129.2092,28.0847],[129.2117,28.0865],[129.218,28.0865],[129.2201,28.0946],[129.223,28.0974],[129.2206,28.1094],[129.2142,28.1128],[129.2158,28.1197],[129.2118,28.126],[129.2155,28.1359],[129.2188,28.1391],[129.2078,28.1461],[129.2021,28.1427],[129.194,28.1451],[129.1971,28.1486],[129.1951,28.1539],[129.1929,28.1532],[129.1835,28.1597],[129.1852,28.1595],[129.1842,28.1729],[129.1785,28.1765],[129.1745,28.1868],[129.1803,28.1905],[129.1819,28.1867],[129.1881,28.1868],[129.1907,28.1939],[129.2077,28.2003],[129.2092,28.1934],[129.2177,28.1903],[129.2251,28.1933],[129.2301,28.1977],[129.235,28.1933],[129.2375,28.1935],[129.2353,28.1885],[129.2378,28.1897],[129.2414,28.1874],[129.2385,28.1848],[129.2301,28.1909],[129.221,28.1898],[129.2039,28.183],[129.202,28.1807],[129.2052,28.1775],[129.2083,28.1777],[129.2101,28.1737],[129.2133,28.1739],[129.2096,28.1683],[129.2111,28.1632],[129.2214,28.1665],[129.2194,28.1581],[129.2222,28.1589],[129.2258,28.1547],[129.2315,28.1531],[129.2329,28.1582],[129.2372,28.1505],[129.2423,28.1505],[129.2528,28.1571],[129.2551,28.1607],[129.253,28.1704],[129.2546,28.1738],[129.256,28.1737],[129.2564,28.1624],[129.2578,28.1625],[129.2585,28.1571],[129.2616,28.1619],[129.261,28.1701],[129.2638,28.1699],[129.2659,28.1667],[129.2684,28.1671],[129.2738,28.151],[129.2559,28.1509],[129.2526,28.1532],[129.2438,28.1481],[129.2548,28.1475],[129.2442,28.1424],[129.2602,28.144],[129.2536,28.1391],[129.2426,28.1384],[129.2418,28.1335],[129.2481,28.1333],[129.2478,28.1282],[129.2461,28.1283],[129.2443,28.1216],[129.2509,28.1225],[129.2602,28.1335],[129.2631,28.1315],[129.2674,28.1345],[129.2694,28.14],[129.2741,28.1412],[129.2741,28.1347],[129.2666,28.1279],[129.2624,28.1281],[129.2629,28.1211],[129.2594,28.1164],[129.2631,28.1173],[129.2667,28.124],[129.2722,28.1235],[129.2705,28.1149],[129.2726,28.1125],[129.278,28.1149],[129.2813,28.1219],[129.286,28.1245],[129.2863,28.1139],[129.2894,28.1085],[129.2939,28.1069],[129.3013,28.121],[129.305,28.1151],[129.3069,28.1151],[129.3073,28.1106],[129.3127,28.1127],[129.3199,28.1004],[129.3248,28.1089],[129.3231,28.1103],[129.3239,28.1127],[129.3336,28.1093],[129.3385,28.1111],[129.3401,28.1179],[129.3439,28.1151],[129.3433,28.1128],[129.3462,28.1079],[129.3519,28.1079],[129.3529,28.1026],[129.347,28.097],[129.3382,28.0754],[129.3278,28.0721],[129.3174,28.0615]]],[[[129.1693,28.1911],[129.1642,28.1921],[129.1685,28.1976],[129.1718,28.1959],[129.1693,28.1911]]],[[[129.1731,28.1091],[129.168,28.1154],[129.1623,28.1155],[129.1592,28.1196],[129.1609,28.1224],[129.1676,28.1201],[129.1731,28.1153],[129.1755,28.1104],[129.1731,28.1091]]],[[[129.1481,28.0133],[129.1445,28.0187],[129.1439,28.026],[129.1457,28.0287],[129.1451,28.0321],[129.1485,28.0356],[129.1476,28.0417],[129.1498,28.0435],[129.1479,28.0491],[129.1566,28.0519],[129.1574,28.0593],[129.1605,28.0591],[129.1663,28.0673],[129.1705,28.0679],[129.1717,28.0661],[129.1687,28.0613],[129.177,28.049],[129.1763,28.0473],[129.1668,28.0461],[129.1645,28.0426],[129.1682,28.0387],[129.1677,28.0341],[129.1633,28.0285],[129.1645,28.0221],[129.1595,28.0175],[129.152,28.0169],[129.1481,28.0133]]],[[[129.2569,28.0051],[129.2537,28.0117],[129.2325,28.0233],[129.219,28.0238],[129.2144,28.0199],[129.2119,28.0219],[129.2052,28.0331],[129.2049,28.0398],[129.2101,28.0439],[129.2126,28.0542],[129.2146,28.0541],[129.2292,28.0384],[129.2296,28.0343],[129.2353,28.0305],[129.2408,28.0323],[129.2468,28.0389],[129.2502,28.0395],[129.2543,28.0295],[129.2642,28.0369],[129.267,28.0349],[129.2681,28.0259],[129.2652,28.0195],[129.2676,28.0173],[129.2669,28.0144],[129.2569,28.0051]]],[[[129.277,28.0191],[129.2716,28.0199],[129.2726,28.0257],[129.2775,28.0223],[129.277,28.0191]]],[[[128.902,27.7525],[128.9059,27.7635],[128.896,27.7712],[128.894,27.7833],[128.8892,27.7862],[128.8872,27.7919],[128.8893,27.7967],[128.8866,27.8056],[128.8892,27.8101],[128.8926,27.8111],[128.8881,27.8122],[128.8905,27.8185],[128.8781,27.8256],[128.8804,27.8459],[128.8821,27.8457],[128.8809,27.8352],[128.8828,27.839],[128.8855,27.8388],[128.8923,27.859],[128.8875,27.8641],[128.8887,27.8811],[128.8964,27.8907],[128.9037,27.8933],[128.9252,27.8881],[128.9344,27.8908],[128.9481,27.8893],[128.9707,27.8915],[128.9678,27.8873],[128.9747,27.872],[128.9627,27.8691],[128.9585,27.8659],[128.9587,27.8637],[128.9558,27.8629],[128.9557,27.8587],[128.9685,27.8571],[128.9702,27.8521],[128.9697,27.8458],[128.9672,27.8447],[128.9649,27.8397],[128.9693,27.8365],[128.9724,27.8307],[128.9662,27.8289],[128.9676,27.8177],[128.9784,27.812],[128.9852,27.8039],[128.9951,27.8051],[128.9968,27.8016],[129.0144,27.786],[129.0132,27.7811],[129.035,27.7713],[129.0368,27.7618],[129.0309,27.7474],[129.0255,27.7415],[129.0198,27.7411],[129.0217,27.7383],[129.0186,27.7251],[129.0201,27.7174],[129.0085,27.7113],[129.0024,27.7042],[129.0035,27.7004],[128.997,27.6951],[128.9994,27.689],[128.986,27.6696],[128.9767,27.6679],[128.963,27.6699],[128.961,27.6673],[128.9503,27.6631],[128.9364,27.6607],[128.9254,27.6651],[128.9217,27.6699],[128.9156,27.6953],[128.8989,27.707],[128.8926,27.7073],[128.8811,27.7201],[128.8803,27.724],[128.8826,27.7239],[128.8961,27.7337],[128.8988,27.7382],[128.9,27.7497],[128.902,27.7525]]],[[[128.5763,27.4005],[128.5871,27.3993],[128.5923,27.3965],[128.5996,27.4023],[128.6067,27.404],[128.6114,27.408],[128.6173,27.4046],[128.6218,27.4053],[128.6258,27.4089],[128.6293,27.4075],[128.6411,27.4143],[128.64,27.4173],[128.6422,27.4153],[128.6546,27.4227],[128.6792,27.4304],[128.6825,27.4353],[128.6895,27.4395],[128.7085,27.4387],[128.7123,27.4344],[128.7063,27.4279],[128.6944,27.4199],[128.6765,27.4135],[128.662,27.3991],[128.665,27.3971],[128.6572,27.3942],[128.6578,27.3919],[128.6558,27.3919],[128.6525,27.3851],[128.6346,27.3652],[128.6227,27.3615],[128.6126,27.3499],[128.5915,27.3365],[128.5659,27.3275],[128.5698,27.3291],[128.5563,27.3288],[128.5423,27.3365],[128.5333,27.3448],[128.525,27.3603],[128.523,27.361],[128.5193,27.3715],[128.5218,27.3869],[128.5272,27.3984],[128.5323,27.4045],[128.5349,27.4046],[128.5423,27.3992],[128.5553,27.3953],[128.5763,27.4005]]],[[[128.4426,27.0186],[128.4409,27.0206],[128.4205,27.0237],[128.4185,27.0284],[128.4109,27.0283],[128.4082,27.0339],[128.4016,27.0386],[128.3991,27.0349],[128.3944,27.0445],[128.3962,27.0501],[128.4003,27.0509],[128.4051,27.0462],[128.4122,27.0479],[128.4138,27.0585],[128.4182,27.0639],[128.4285,27.0673],[128.4387,27.0651],[128.4534,27.0486],[128.4523,27.0445],[128.4557,27.0273],[128.4558,27.0227],[128.4426,27.0186]]]]}},{"type":"Feature","properties":{"name":"新潟県","id":15},"geometry":{"type":"MultiPolygon","coordinates":[[[[139.5482,38.5534],[139.5515,38.5523],[139.5529,38.5479],[139.5568,38.5483],[139.557,38.5455],[139.5618,38.5432],[139.5717,38.5388],[139.5779,38.5395],[139.5835,38.5329],[139.5882,38.5319],[139.5988,38.5234],[139.6119,38.5244],[139.6148,38.5263],[139.6218,38.5257],[139.6316,38.5221],[139.6379,38.5119],[139.654,38.5075],[139.665,38.5085],[139.6843,38.5059],[139.6933,38.5071],[139.701,38.5032],[139.7035,38.4997],[139.7219,38.4966],[139.7211,38.4925],[139.7254,38.4889],[139.7245,38.4848],[139.7149,38.4793],[139.7125,38.4797],[139.7135,38.4701],[139.7186,38.4662],[139.7156,38.4627],[139.7193,38.45],[139.7179,38.4246],[139.7094,38.4101],[139.7056,38.4075],[139.7042,38.3975],[139.7061,38.3919],[139.7124,38.3871],[139.7225,38.3943],[139.7312,38.3817],[139.7294,38.3793],[139.7326,38.3719],[139.7468,38.3619],[139.7531,38.3597],[139.7623,38.3611],[139.7718,38.3535],[139.7882,38.3517],[139.7912,38.3492],[139.8047,38.3553],[139.817,38.3559],[139.8258,38.3502],[139.8286,38.3448],[139.8489,38.343],[139.8484,38.3365],[139.8586,38.3307],[139.8752,38.317],[139.8807,38.3031],[139.8893,38.2999],[139.8988,38.2925],[139.8983,38.2807],[139.9001,38.2761],[139.8765,38.2611],[139.876,38.2532],[139.8687,38.2471],[139.8605,38.2317],[139.8098,38.2103],[139.7919,38.1987],[139.7867,38.1929],[139.7743,38.1987],[139.7624,38.1989],[139.7583,38.1933],[139.7559,38.1931],[139.7362,38.2021],[139.7299,38.2016],[139.7215,38.2058],[139.7127,38.2066],[139.6992,38.2027],[139.7022,38.1985],[139.6949,38.1851],[139.688,38.1825],[139.6826,38.1699],[139.6855,38.1644],[139.6848,38.1597],[139.6907,38.1547],[139.6917,38.1494],[139.689,38.1307],[139.6933,38.1155],[139.6829,38.1083],[139.673,38.0875],[139.6723,38.0771],[139.6868,38.0767],[139.6914,38.0746],[139.6911,38.0705],[139.6864,38.0649],[139.6928,38.0572],[139.6892,38.0529],[139.6818,38.0488],[139.6794,38.0433],[139.6594,38.0389],[139.6555,38.0343],[139.6558,38.0281],[139.6526,38.0205],[139.6537,37.9965],[139.6437,37.9948],[139.6441,37.9911],[139.6396,37.9845],[139.6439,37.9789],[139.6383,37.9699],[139.6447,37.9652],[139.6409,37.9518],[139.6425,37.9463],[139.6372,37.9332],[139.6316,37.9293],[139.6249,37.9187],[139.6283,37.9117],[139.6274,37.9075],[139.6319,37.8991],[139.6294,37.894],[139.6413,37.8791],[139.6506,37.8759],[139.6576,37.8699],[139.6574,37.8637],[139.6791,37.8512],[139.6811,37.8472],[139.6983,37.8489],[139.7114,37.8545],[139.7157,37.8517],[139.717,37.8464],[139.7238,37.8371],[139.7369,37.8269],[139.7415,37.8179],[139.721,37.8084],[139.7128,37.799],[139.7046,37.7955],[139.6943,37.7842],[139.6805,37.7751],[139.6685,37.7623],[139.6659,37.7569],[139.6579,37.7547],[139.6583,37.7439],[139.6497,37.7301],[139.6428,37.7275],[139.6378,37.7213],[139.6316,37.7193],[139.6324,37.7163],[139.6243,37.7098],[139.6218,37.7001],[139.6272,37.6933],[139.6273,37.6885],[139.615,37.6875],[139.6072,37.6817],[139.601,37.6699],[139.5936,37.6655],[139.5886,37.6674],[139.5825,37.6615],[139.5697,37.6541],[139.5631,37.654],[139.5494,37.6488],[139.5547,37.6419],[139.5495,37.6358],[139.5468,37.6279],[139.5502,37.6196],[139.5522,37.6185],[139.5488,37.6113],[139.5546,37.6026],[139.5608,37.6013],[139.5651,37.5976],[139.5656,37.5865],[139.5713,37.5769],[139.5714,37.5681],[139.5678,37.5611],[139.5694,37.5501],[139.5661,37.5461],[139.5715,37.5424],[139.5711,37.5387],[139.5806,37.5298],[139.5906,37.528],[139.5852,37.5131],[139.5643,37.5023],[139.5431,37.5123],[139.5212,37.5144],[139.5137,37.5089],[139.4968,37.5128],[139.4848,37.5097],[139.478,37.5032],[139.4754,37.5031],[139.4568,37.5181],[139.4377,37.5139],[139.4285,37.5144],[139.4273,37.5113],[139.4143,37.5095],[139.4107,37.5032],[139.4137,37.4967],[139.4079,37.4921],[139.4079,37.4861],[139.4098,37.4835],[139.4047,37.4733],[139.4062,37.466],[139.3976,37.4601],[139.3718,37.4651],[139.3623,37.4701],[139.3515,37.4679],[139.3458,37.4605],[139.333,37.4584],[139.3261,37.4625],[139.3108,37.4559],[139.3054,37.4591],[139.2813,37.4503],[139.278,37.4531],[139.2581,37.4472],[139.2547,37.4521],[139.2524,37.4525],[139.2349,37.445],[139.2231,37.449],[139.2161,37.443],[139.2074,37.4278],[139.2083,37.4169],[139.1972,37.4109],[139.2048,37.4063],[139.2098,37.3946],[139.2159,37.3916],[139.2236,37.393],[139.2279,37.3905],[139.2276,37.3888],[139.2317,37.3877],[139.232,37.3801],[139.2366,37.3766],[139.2371,37.368],[139.2338,37.3566],[139.2336,37.3439],[139.2277,37.3429],[139.2178,37.3343],[139.2242,37.3197],[139.2168,37.3101],[139.2169,37.3037],[139.2119,37.286],[139.2049,37.2832],[139.178,37.2575],[139.1747,37.2565],[139.1648,37.238],[139.1673,37.232],[139.1949,37.2031],[139.1966,37.1942],[139.2064,37.1952],[139.2139,37.2017],[139.2179,37.2097],[139.2212,37.209],[139.2225,37.2045],[139.2266,37.2029],[139.226,37.1981],[139.2413,37.1861],[139.2448,37.1774],[139.2437,37.1702],[139.2473,37.1699],[139.2468,37.1663],[139.2534,37.1648],[139.2505,37.1635],[139.2528,37.1597],[139.2468,37.147],[139.2436,37.1278],[139.2361,37.1162],[139.2368,37.0999],[139.2404,37.0926],[139.2395,37.0893],[139.249,37.0796],[139.2468,37.0721],[139.2539,37.0629],[139.2601,37.0471],[139.2588,37.0429],[139.253,37.0394],[139.2532,37.0342],[139.2487,37.0307],[139.2443,37.0146],[139.2513,37.0032],[139.2551,36.9895],[139.2519,36.9835],[139.2474,36.981],[139.2524,36.9751],[139.2481,36.9705],[139.2483,36.9667],[139.2514,36.9634],[139.2489,36.9609],[139.2496,36.9558],[139.2468,36.9562],[139.2423,36.949],[139.2437,36.9471],[139.241,36.9415],[139.2346,36.9421],[139.232,36.9406],[139.2373,36.9471],[139.2283,36.9613],[139.2218,36.9614],[139.2052,36.9563],[139.1918,36.9613],[139.1864,36.9601],[139.1803,36.9647],[139.1753,36.9737],[139.1792,36.9914],[139.1719,37.0003],[139.1498,37.0103],[139.1423,37.0219],[139.1319,37.0267],[139.1218,37.0477],[139.1137,37.0496],[139.1103,37.0553],[139.097,37.0588],[139.0904,37.0437],[139.0902,37.0196],[139.0809,37.0099],[139.0729,37.0079],[139.0541,36.9983],[139.047,36.9875],[139.0295,36.9844],[139.015,36.9882],[138.9987,36.9794],[138.9697,36.9815],[138.9665,36.9789],[138.9657,36.9439],[138.9677,36.9302],[138.9771,36.9199],[138.9747,36.9125],[138.9797,36.9038],[138.979,36.8911],[138.9715,36.8874],[138.9653,36.8918],[138.9532,36.8951],[138.9397,36.8951],[138.9321,36.8937],[138.9295,36.8867],[138.923,36.8835],[138.9176,36.8698],[138.9224,36.8628],[138.9162,36.851],[138.9251,36.8464],[138.9299,36.8365],[138.9284,36.8326],[138.9009,36.8273],[138.8818,36.8258],[138.8752,36.8188],[138.8549,36.8119],[138.8383,36.8171],[138.8215,36.8171],[138.8313,36.7937],[138.8288,36.7898],[138.8252,36.7744],[138.8261,36.7717],[138.8209,36.7641],[138.8163,36.7619],[138.8099,36.7653],[138.8012,36.7619],[138.7945,36.7565],[138.7894,36.745],[138.7807,36.7472],[138.7672,36.7466],[138.7468,36.7583],[138.7405,36.7595],[138.735,36.7629],[138.7263,36.7638],[138.7216,36.7584],[138.7221,36.7532],[138.7196,36.7478],[138.7119,36.7388],[138.7026,36.7369],[138.6957,36.7386],[138.6879,36.7659],[138.6827,36.766],[138.6723,36.7707],[138.6692,36.7763],[138.6708,36.7825],[138.6823,36.7877],[138.6884,36.7927],[138.6883,36.7963],[138.6956,36.8075],[138.6871,36.8175],[138.6802,36.8222],[138.6885,36.8313],[138.6903,36.8365],[138.6902,36.8461],[138.6934,36.8523],[138.6909,36.8572],[138.687,36.8621],[138.6784,36.8667],[138.6569,36.8687],[138.6518,36.8737],[138.6428,36.8757],[138.641,36.8787],[138.6358,36.8803],[138.6358,36.8834],[138.6267,36.8822],[138.6198,36.8898],[138.6178,36.8954],[138.6205,36.9034],[138.6142,36.9079],[138.5971,36.9071],[138.5895,36.9141],[138.5917,36.925],[138.5839,36.9283],[138.5837,36.9307],[138.587,36.9705],[138.5864,36.9874],[138.5777,36.9948],[138.5658,37.0214],[138.5542,37.0232],[138.5394,37.0209],[138.5304,37.0243],[138.5246,37.0305],[138.5201,37.0284],[138.5137,37.0297],[138.5029,37.0256],[138.4968,37.0257],[138.492,37.0209],[138.482,37.0214],[138.4718,37.0185],[138.4563,37.0198],[138.4539,37.017],[138.4431,37.0133],[138.4354,37.0078],[138.4128,37.0027],[138.4111,36.9991],[138.3947,36.9973],[138.3905,36.9888],[138.3786,36.9807],[138.3821,36.9769],[138.37,36.9644],[138.3679,36.9579],[138.3641,36.9539],[138.3643,36.9457],[138.3577,36.9344],[138.3502,36.9297],[138.3431,36.9209],[138.3322,36.9265],[138.3184,36.9251],[138.2984,36.9131],[138.2903,36.8979],[138.2943,36.8903],[138.299,36.8873],[138.2947,36.8811],[138.2931,36.8747],[138.2888,36.8705],[138.2961,36.8563],[138.2919,36.8521],[138.2903,36.8531],[138.2889,36.8474],[138.2747,36.8411],[138.2714,36.8431],[138.2715,36.8534],[138.2682,36.8601],[138.259,36.8633],[138.2549,36.87],[138.2468,36.8651],[138.2348,36.864],[138.2144,36.8677],[138.2136,36.8703],[138.2077,36.8647],[138.2058,36.8595],[138.1966,36.8547],[138.1779,36.8519],[138.1735,36.8475],[138.1659,36.8448],[138.1509,36.8464],[138.1478,36.8492],[138.1414,36.8473],[138.1327,36.8503],[138.1262,36.8486],[138.1152,36.8505],[138.1068,36.8445],[138.094,36.8407],[138.0922,36.8365],[138.0841,36.8321],[138.0736,36.8182],[138.0748,36.8117],[138.0694,36.8049],[138.0528,36.8001],[138.052,36.8063],[138.047,36.8095],[138.0353,36.8085],[138.0299,36.8165],[138.0218,36.8195],[138.018,36.8189],[138.0033,36.8267],[138.0186,36.8417],[138.0194,36.8463],[138.0142,36.861],[138.0169,36.8608],[138.0313,36.8782],[138.0318,36.8899],[138.0278,36.8927],[138.0233,36.8909],[138.0157,36.8933],[138.0137,36.9039],[138.0057,36.905],[137.9916,36.9106],[137.9769,36.9089],[137.9692,36.9109],[137.9623,36.9021],[137.9546,36.9047],[137.9493,36.9123],[137.9355,36.9137],[137.9215,36.9199],[137.9094,36.9172],[137.8953,36.9105],[137.8688,36.9161],[137.8654,36.9148],[137.862,36.9085],[137.8714,36.9023],[137.8618,36.8923],[137.8659,36.8875],[137.8682,36.8789],[137.8766,36.8736],[137.8764,36.8672],[137.869,36.8631],[137.8572,36.8516],[137.8543,36.8412],[137.8476,36.8365],[137.8329,36.8204],[137.8311,36.8089],[137.8226,36.8053],[137.82,36.7992],[137.7935,36.7869],[137.7914,36.7797],[137.783,36.774],[137.7703,36.7715],[137.7625,36.7664],[137.7621,36.7702],[137.7499,36.7795],[137.751,36.7905],[137.7538,36.7948],[137.7492,36.808],[137.745,36.8149],[137.7299,36.8269],[137.7335,36.8301],[137.7328,36.8445],[137.7348,36.8563],[137.733,36.8589],[137.7332,36.8701],[137.7136,36.8915],[137.7136,36.9053],[137.7172,36.9073],[137.7168,36.9208],[137.7197,36.9263],[137.7151,36.933],[137.711,36.9446],[137.6998,36.9427],[137.6857,36.9444],[137.6739,36.9507],[137.6675,36.9503],[137.6531,36.9671],[137.6349,36.9803],[137.6529,36.9815],[137.7308,37.0032],[137.7531,37.0129],[137.8101,37.03],[137.8322,37.0411],[137.8385,37.0431],[137.8357,37.0403],[137.8384,37.0409],[137.8399,37.0375],[137.8435,37.0429],[137.8412,37.0433],[137.909,37.06],[137.9274,37.0697],[137.9279,37.0715],[137.9397,37.0756],[137.9418,37.0797],[137.9502,37.0865],[137.9685,37.0924],[137.9921,37.1075],[137.9968,37.1134],[137.9952,37.1103],[137.9985,37.1098],[138.0056,37.1151],[138.019,37.1145],[138.051,37.1303],[138.0521,37.1349],[138.0557,37.1361],[138.0592,37.1417],[138.0873,37.1637],[138.0865,37.1671],[138.1017,37.1744],[138.1218,37.1705],[138.1358,37.1638],[138.141,37.1665],[138.1394,37.1655],[138.1408,37.1639],[138.149,37.1621],[138.1725,37.1634],[138.1931,37.1699],[138.2068,37.1685],[138.2163,37.1699],[138.2468,37.1815],[138.2468,37.1887],[138.2524,37.2052],[138.255,37.2075],[138.2474,37.1887],[138.2495,37.1825],[138.2545,37.185],[138.2511,37.1843],[138.252,37.1855],[138.2495,37.1879],[138.2521,37.1911],[138.2557,37.1877],[138.258,37.189],[138.2548,37.192],[138.2643,37.1979],[138.2663,37.1958],[138.2643,37.1935],[138.2661,37.1934],[138.2963,37.2116],[138.3477,37.2494],[138.434,37.3199],[138.4363,37.3241],[138.4488,37.3262],[138.4604,37.3365],[138.4683,37.3365],[138.481,37.3457],[138.4873,37.3473],[138.4887,37.3525],[138.4936,37.3517],[138.5131,37.3561],[138.5245,37.3625],[138.5261,37.3668],[138.5319,37.3676],[138.5308,37.3661],[138.5325,37.3649],[138.5355,37.3653],[138.5348,37.3671],[138.5401,37.3674],[138.554,37.3783],[138.5868,37.4199],[138.5996,37.441],[138.6169,37.4724],[138.6172,37.4837],[138.6285,37.4865],[138.6335,37.494],[138.6479,37.5071],[138.653,37.5141],[138.6546,37.5196],[138.679,37.5395],[138.681,37.543],[138.6805,37.5408],[138.6833,37.5413],[138.6849,37.5442],[138.6862,37.5433],[138.6957,37.5479],[138.7122,37.5581],[138.7266,37.5783],[138.7327,37.5901],[138.7468,37.604],[138.7623,37.6389],[138.7662,37.6436],[138.7642,37.6453],[138.7678,37.6475],[138.7723,37.6678],[138.7761,37.6699],[138.7763,37.6765],[138.7865,37.7077],[138.7847,37.7163],[138.7877,37.7216],[138.7878,37.7259],[138.7958,37.7374],[138.7957,37.7427],[138.8129,37.7765],[138.8165,37.7884],[138.8205,37.7947],[138.8402,37.8142],[138.8718,37.841],[138.8926,37.8535],[138.9968,37.9065],[139.0617,37.9454],[139.0684,37.9443],[139.0693,37.9487],[139.0719,37.9461],[139.0719,37.9487],[139.0747,37.9504],[139.0696,37.9523],[139.0914,37.9545],[139.1001,37.9586],[139.1533,37.9684],[139.2026,37.9836],[139.2049,37.9886],[139.2153,37.9934],[139.2179,37.99],[139.2305,37.9946],[139.2276,37.9994],[139.2413,38.0071],[139.2468,38.005],[139.2779,38.0235],[139.3138,38.0495],[139.3537,38.0865],[139.3718,38.106],[139.4103,38.1527],[139.4274,38.1773],[139.4304,38.1877],[139.432,38.1873],[139.4309,38.1911],[139.4238,38.1881],[139.4276,38.1906],[139.4281,38.1979],[139.4504,38.2389],[139.4482,38.2435],[139.441,38.2457],[139.448,38.2718],[139.4488,38.2903],[139.4475,38.2939],[139.4506,38.3076],[139.449,38.3131],[139.4525,38.3365],[139.4509,38.36],[139.4539,38.3705],[139.46,38.3807],[139.4559,38.3883],[139.4574,38.3965],[139.4648,38.4073],[139.4679,38.4187],[139.4814,38.4322],[139.4832,38.4455],[139.4968,38.4568],[139.508,38.4833],[139.512,38.4869],[139.5094,38.487],[139.5094,38.4886],[139.5111,38.4885],[139.5205,38.5005],[139.5181,38.5048],[139.5244,38.5085],[139.5464,38.5373],[139.55,38.548],[139.5482,38.5534]]],[[[139.2224,38.4369],[139.2152,38.4379],[139.2151,38.4399],[139.2184,38.4414],[139.2177,38.4471],[139.2242,38.4481],[139.225,38.4565],[139.2218,38.4591],[139.2258,38.462],[139.2247,38.4653],[139.2308,38.4639],[139.2376,38.4707],[139.2389,38.4761],[139.2468,38.4841],[139.2507,38.4846],[139.2558,38.4914],[139.2651,38.4887],[139.2604,38.4833],[139.2582,38.4771],[139.2597,38.4733],[139.2569,38.4718],[139.255,38.4643],[139.2468,38.4525],[139.2298,38.4397],[139.2224,38.4369]]],[[[138.4848,38.3327],[138.4808,38.3337],[138.4832,38.3365],[138.4848,38.3327]]],[[[138.2449,37.8027],[138.2468,37.8041],[138.2417,37.8039],[138.2424,37.8055],[138.2362,37.808],[138.2304,37.8066],[138.2262,37.8094],[138.2172,37.8104],[138.2128,37.8143],[138.2176,37.8167],[138.2099,37.8163],[138.2071,37.8207],[138.2039,37.8216],[138.2065,37.8244],[138.206,37.8281],[138.2133,37.8319],[138.2166,37.8377],[138.2212,37.8358],[138.2363,37.8401],[138.247,37.8387],[138.2514,37.8438],[138.259,37.8423],[138.2643,37.8443],[138.2722,37.8519],[138.2823,37.8677],[138.2847,37.8797],[138.2887,37.8842],[138.2894,37.8971],[138.2813,37.9025],[138.279,37.9065],[138.2849,37.9199],[138.2971,37.9287],[138.3094,37.9422],[138.3298,37.9504],[138.3312,37.9555],[138.3376,37.9578],[138.3431,37.9645],[138.3403,37.9782],[138.3254,37.994],[138.3111,38.0032],[138.3014,38.007],[138.2864,38.0072],[138.2744,38.0032],[138.2729,37.9939],[138.2618,37.9846],[138.2549,37.965],[138.2502,37.9659],[138.2355,37.9747],[138.2367,37.9719],[138.2286,37.9795],[138.2266,37.9832],[138.2338,37.9839],[138.233,37.9908],[138.2351,37.9931],[138.2338,38.0093],[138.221,38.0144],[138.2235,38.0179],[138.2215,38.0222],[138.2351,38.0253],[138.2395,38.0303],[138.2351,38.0423],[138.2379,38.048],[138.2347,38.0516],[138.2359,38.0535],[138.2331,38.061],[138.247,38.0759],[138.2468,38.0797],[138.241,38.0804],[138.2423,38.0875],[138.245,38.0873],[138.244,38.0885],[138.2498,38.0935],[138.2489,38.0959],[138.2535,38.0939],[138.2601,38.0971],[138.2629,38.1058],[138.2729,38.1195],[138.2696,38.1207],[138.2817,38.1314],[138.2897,38.1341],[138.2921,38.1434],[138.2986,38.1475],[138.3022,38.1525],[138.2975,38.1572],[138.302,38.1582],[138.3054,38.1669],[138.3117,38.1699],[138.3261,38.1942],[138.3251,38.1987],[138.3374,38.1982],[138.3458,38.2018],[138.372,38.2201],[138.3757,38.2283],[138.3814,38.2296],[138.3898,38.2354],[138.3904,38.2387],[138.3989,38.2451],[138.3979,38.2496],[138.4013,38.2544],[138.4048,38.2532],[138.4052,38.2501],[138.4088,38.2489],[138.4119,38.2527],[138.414,38.2508],[138.4166,38.2543],[138.4273,38.2543],[138.439,38.2655],[138.4374,38.2691],[138.444,38.2777],[138.4408,38.2866],[138.443,38.292],[138.4485,38.2962],[138.4535,38.3085],[138.4623,38.3127],[138.4637,38.3169],[138.4589,38.3214],[138.4614,38.3236],[138.4732,38.3225],[138.4855,38.3313],[138.5146,38.3325],[138.5177,38.3251],[138.5211,38.3256],[138.5206,38.3224],[138.5139,38.3168],[138.5087,38.2934],[138.5078,38.2791],[138.5094,38.2684],[138.5042,38.2459],[138.4937,38.2235],[138.4928,38.204],[138.4874,38.2014],[138.4769,38.1807],[138.4505,38.1475],[138.4502,38.1403],[138.4355,38.1165],[138.4379,38.1071],[138.4341,38.0962],[138.4363,38.0888],[138.4349,38.0865],[138.4371,38.0864],[138.4367,38.082],[138.4389,38.0826],[138.4398,38.0787],[138.4564,38.0699],[138.4821,38.0624],[138.4918,38.0696],[138.5234,38.0726],[138.5315,38.075],[138.5339,38.0769],[138.5351,38.0819],[138.5373,38.0807],[138.5522,38.0819],[138.5624,38.0881],[138.5646,38.0843],[138.5673,38.0843],[138.5723,38.0792],[138.5698,38.0751],[138.5716,38.0651],[138.5735,38.0635],[138.5675,38.0563],[138.5625,38.0415],[138.5555,38.0335],[138.5464,38.0083],[138.539,38.0032],[138.5368,37.9964],[138.5229,37.9805],[138.5107,37.955],[138.5043,37.9464],[138.5002,37.9207],[138.4897,37.9199],[138.4867,37.9179],[138.4848,37.9139],[138.474,37.9039],[138.4703,37.8971],[138.4644,37.8937],[138.4557,37.8939],[138.4426,37.8845],[138.4299,37.8811],[138.413,37.8689],[138.411,37.8691],[138.4106,37.8635],[138.4029,37.862],[138.3831,37.8456],[138.3695,37.8365],[138.3549,37.8298],[138.3498,37.8291],[138.345,37.8257],[138.3273,37.8249],[138.3153,37.8281],[138.3056,37.8271],[138.2984,37.8213],[138.2891,37.8217],[138.28,37.8149],[138.2819,37.8115],[138.2774,37.8102],[138.2747,37.8165],[138.262,37.8061],[138.2541,37.8038],[138.2512,37.8053],[138.2449,37.8027]]]]}},{"type":"Feature","properties":{"name":"高知県","id":39},"geometry":{"type":"MultiPolygon","coordinates":[[[[133.5826,33.8676],[133.5974,33.8803],[133.6063,33.8814],[133.6276,33.8721],[133.6354,33.8802],[133.6455,33.883],[133.6602,33.8816],[133.664,33.8688],[133.6739,33.8627],[133.6768,33.8586],[133.6946,33.8559],[133.7009,33.8498],[133.7074,33.8515],[133.7192,33.8492],[133.7308,33.8506],[133.7378,33.8495],[133.7468,33.8368],[133.7569,33.8365],[133.7668,33.84],[133.773,33.84],[133.7761,33.8422],[133.7863,33.8416],[133.7877,33.8365],[133.8066,33.8365],[133.819,33.8381],[133.828,33.8446],[133.8386,33.8446],[133.8458,33.8365],[133.8533,33.8338],[133.8718,33.8101],[133.8718,33.806],[133.8867,33.8028],[133.8934,33.8043],[133.9022,33.7937],[133.9083,33.7945],[133.9131,33.7915],[133.9249,33.8005],[133.9409,33.7991],[133.9483,33.8064],[133.9525,33.8187],[133.9513,33.8293],[133.9604,33.8347],[133.9745,33.8365],[133.984,33.8408],[133.987,33.8379],[133.9916,33.8261],[133.9968,33.821],[134.0134,33.8223],[134.0324,33.8283],[134.0361,33.8185],[134.033,33.8089],[134.0443,33.7998],[134.0463,33.7967],[134.0466,33.7891],[134.0553,33.7831],[134.057,33.7795],[134.0578,33.7601],[134.0561,33.7507],[134.0616,33.7349],[134.0658,33.7338],[134.0673,33.7262],[134.0645,33.7193],[134.0696,33.7111],[134.0646,33.7071],[134.0641,33.6987],[134.0561,33.6937],[134.0575,33.6908],[134.0668,33.6885],[134.1218,33.6959],[134.1332,33.6931],[134.1474,33.6849],[134.1633,33.6881],[134.1743,33.6836],[134.1742,33.6755],[134.1685,33.6704],[134.1742,33.6604],[134.1711,33.6571],[134.1835,33.6489],[134.1578,33.6325],[134.1544,33.6327],[134.1492,33.6291],[134.1539,33.6223],[134.1522,33.616],[134.1556,33.6116],[134.1615,33.6122],[134.1742,33.6081],[134.1745,33.6061],[134.1696,33.601],[134.1713,33.5961],[134.1769,33.5941],[134.1847,33.5868],[134.188,33.5808],[134.1869,33.5765],[134.193,33.5714],[134.1944,33.5653],[134.1927,33.5615],[134.1953,33.5606],[134.2135,33.567],[134.2197,33.5667],[134.2372,33.5526],[134.2413,33.556],[134.2529,33.5528],[134.2628,33.5563],[134.2704,33.5555],[134.2733,33.5605],[134.2822,33.5603],[134.2964,33.5564],[134.2968,33.5533],[134.2997,33.5548],[134.306,33.5527],[134.3044,33.5519],[134.3045,33.5465],[134.302,33.5457],[134.3021,33.549],[134.2975,33.5477],[134.3025,33.5419],[134.2978,33.5407],[134.2937,33.5422],[134.2908,33.5391],[134.2926,33.538],[134.2909,33.5337],[134.2856,33.5308],[134.2831,33.5218],[134.2882,33.5199],[134.2875,33.5182],[134.2706,33.5032],[134.2684,33.4969],[134.2413,33.4631],[134.2407,33.4519],[134.2084,33.3947],[134.2124,33.3901],[134.2129,33.3835],[134.2006,33.3515],[134.1979,33.3333],[134.187,33.293],[134.1837,33.2601],[134.1766,33.2435],[134.1741,33.244],[134.1632,33.2663],[134.1629,33.2635],[134.1462,33.2847],[134.1437,33.2848],[134.1454,33.2856],[134.1518,33.2817],[134.1529,33.2826],[134.1465,33.2861],[134.1492,33.2861],[134.1443,33.2866],[134.1383,33.2958],[134.1218,33.2989],[134.1121,33.2935],[134.1086,33.2959],[134.1065,33.3161],[134.1021,33.327],[134.0817,33.3368],[134.067,33.3563],[134.0534,33.3677],[134.0428,33.3715],[134.0387,33.3705],[134.0332,33.3783],[134.0368,33.3911],[134.0306,33.4122],[134.0153,33.4199],[134.0158,33.4212],[134.0191,33.4199],[134.0189,33.422],[134.0107,33.4219],[133.9924,33.4276],[133.9748,33.4373],[133.9592,33.4422],[133.9509,33.449],[133.9409,33.4639],[133.9441,33.4731],[133.9343,33.4866],[133.9097,33.4947],[133.8879,33.4994],[133.8918,33.4994],[133.8878,33.5009],[133.8378,33.5075],[133.836,33.5117],[133.8196,33.5151],[133.7686,33.5155],[133.7546,33.5199],[133.7541,33.5283],[133.7556,33.5317],[133.7468,33.5361],[133.729,33.5381],[133.6972,33.5361],[133.693,33.5338],[133.6938,33.5372],[133.6009,33.5192],[133.5845,33.5141],[133.5701,33.5021],[133.5644,33.5008],[133.562,33.5032],[133.5664,33.5087],[133.5641,33.5117],[133.5688,33.512],[133.572,33.5145],[133.569,33.5167],[133.5649,33.5145],[133.5659,33.5345],[133.5711,33.5363],[133.5682,33.5378],[133.5708,33.5388],[133.5688,33.5425],[133.5656,33.5437],[133.564,33.5422],[133.5631,33.5509],[133.5604,33.5525],[133.5583,33.5499],[133.5601,33.5391],[133.5533,33.5398],[133.5514,33.5371],[133.5595,33.5359],[133.5606,33.5302],[133.5461,33.523],[133.5481,33.5203],[133.5459,33.5179],[133.5538,33.5093],[133.5591,33.5083],[133.5563,33.5032],[133.5585,33.4983],[133.5593,33.4993],[133.5621,33.4963],[133.5772,33.501],[133.5739,33.4957],[133.5357,33.4836],[133.509,33.4725],[133.4968,33.4651],[133.4656,33.4529],[133.4573,33.4458],[133.4508,33.4509],[133.4467,33.4515],[133.4402,33.448],[133.4366,33.4387],[133.4317,33.4369],[133.4245,33.4394],[133.423,33.4423],[133.4247,33.4489],[133.4182,33.4491],[133.4158,33.4435],[133.4111,33.4431],[133.4059,33.447],[133.4039,33.4464],[133.405,33.4433],[133.3981,33.4449],[133.3951,33.4421],[133.399,33.4423],[133.4003,33.4379],[133.4064,33.4391],[133.4054,33.4323],[133.4013,33.433],[133.3906,33.4271],[133.3873,33.4271],[133.3874,33.4313],[133.3767,33.4289],[133.3692,33.4303],[133.367,33.428],[133.3632,33.428],[133.3601,33.4215],[133.3504,33.4176],[133.3498,33.4157],[133.352,33.4148],[133.3633,33.4156],[133.3628,33.4126],[133.3644,33.4121],[133.3587,33.4093],[133.3591,33.4078],[133.3657,33.4071],[133.3689,33.4098],[133.3695,33.4159],[133.3679,33.4199],[133.3718,33.425],[133.3724,33.4217],[133.3766,33.4218],[133.3789,33.4134],[133.3799,33.415],[133.3841,33.4112],[133.3835,33.4203],[133.3875,33.4215],[133.3923,33.4169],[133.3918,33.421],[133.3962,33.4246],[133.4026,33.4145],[133.4021,33.4215],[133.4041,33.4273],[133.4066,33.4241],[133.41,33.4241],[133.4069,33.4266],[133.4106,33.4292],[133.4105,33.4337],[133.4159,33.4389],[133.4197,33.4371],[133.423,33.4295],[133.4275,33.4303],[133.4316,33.4267],[133.4338,33.4281],[133.4349,33.4333],[133.4432,33.4353],[133.4402,33.4359],[133.4421,33.4391],[133.4533,33.4313],[133.457,33.4329],[133.4616,33.4309],[133.458,33.4273],[133.4572,33.4199],[133.4432,33.4199],[133.4398,33.4122],[133.4291,33.4152],[133.4273,33.4077],[133.4259,33.4118],[133.4208,33.4125],[133.4198,33.407],[133.4162,33.4105],[133.4116,33.4107],[133.4116,33.4064],[133.408,33.405],[133.4087,33.3984],[133.4058,33.3973],[133.4016,33.4037],[133.3983,33.404],[133.3946,33.4012],[133.3899,33.4057],[133.3843,33.4029],[133.3794,33.4035],[133.3756,33.3998],[133.3771,33.3927],[133.3718,33.4015],[133.3598,33.4021],[133.3426,33.3985],[133.3396,33.3959],[133.342,33.3929],[133.3336,33.3911],[133.3295,33.3873],[133.3317,33.3724],[133.3288,33.3715],[133.3266,33.3678],[133.3304,33.3626],[133.327,33.3638],[133.3199,33.36],[133.3181,33.355],[133.3115,33.3564],[133.3167,33.3584],[133.3113,33.3657],[133.3126,33.3669],[133.3186,33.3631],[133.3223,33.3645],[133.3227,33.3663],[133.3189,33.3693],[133.3221,33.3687],[133.3207,33.3751],[133.3238,33.3775],[133.3206,33.3819],[133.317,33.3824],[133.3134,33.3796],[133.3153,33.3793],[133.313,33.3767],[133.3096,33.3762],[133.3082,33.3799],[133.302,33.3785],[133.3034,33.3757],[133.2996,33.3744],[133.299,33.3779],[133.2891,33.382],[133.3039,33.3905],[133.2949,33.4011],[133.2945,33.4051],[133.2886,33.4053],[133.2901,33.403],[133.2875,33.4023],[133.2898,33.3971],[133.2913,33.398],[133.2951,33.3929],[133.2939,33.3883],[133.2794,33.384],[133.2791,33.3859],[133.2773,33.3851],[133.2808,33.3769],[133.2742,33.3751],[133.2726,33.3705],[133.2683,33.3718],[133.2671,33.3681],[133.2652,33.3695],[133.2583,33.3651],[133.2599,33.3608],[133.2633,33.3609],[133.2622,33.3542],[133.2636,33.3502],[133.2597,33.3474],[133.2633,33.3403],[133.2582,33.3407],[133.2553,33.3326],[133.2498,33.3339],[133.2487,33.3281],[133.2468,33.3311],[133.2381,33.3327],[133.2378,33.3299],[133.2331,33.3295],[133.2309,33.3235],[133.2603,33.3101],[133.2483,33.3055],[133.2504,33.3002],[133.2445,33.3009],[133.2397,33.2988],[133.2379,33.2959],[133.2419,33.2928],[133.2446,33.293],[133.2412,33.2797],[133.2419,33.2758],[133.2481,33.2745],[133.2492,33.2782],[133.2517,33.2781],[133.2489,33.2789],[133.2583,33.2799],[133.2594,33.2764],[133.2549,33.2701],[133.2574,33.2625],[133.2628,33.2576],[133.2555,33.2532],[133.2552,33.2502],[133.2499,33.2505],[133.2468,33.2482],[133.2477,33.2419],[133.2555,33.2377],[133.2489,33.2327],[133.2558,33.2261],[133.2384,33.2163],[133.2393,33.2131],[133.2341,33.2036],[133.2384,33.2006],[133.2399,33.1969],[133.2335,33.1977],[133.2157,33.1926],[133.2097,33.1828],[133.214,33.1799],[133.2161,33.1751],[133.2238,33.1699],[133.2199,33.1693],[133.2187,33.1621],[133.2139,33.1647],[133.2224,33.1531],[133.2118,33.1484],[133.2078,33.1491],[133.2098,33.1521],[133.2052,33.1588],[133.2077,33.1623],[133.2048,33.1657],[133.1914,33.1671],[133.17,33.1502],[133.1635,33.1351],[133.1568,33.1249],[133.1542,33.125],[133.1471,33.1055],[133.141,33.0971],[133.1301,33.0899],[133.1287,33.091],[133.1191,33.0863],[133.1115,33.0794],[133.1146,33.0744],[133.1132,33.0763],[133.1127,33.074],[133.1095,33.0775],[133.1071,33.0763],[133.1093,33.0757],[133.1043,33.0725],[133.1075,33.0681],[133.1081,33.0625],[133.1002,33.0595],[133.0928,33.0355],[133.0963,33.0261],[133.0937,33.0233],[133.089,33.0258],[133.0835,33.0256],[133.0724,33.0363],[133.0678,33.0374],[133.059,33.0359],[133.0576,33.0389],[133.0396,33.0379],[133.027,33.0307],[133.0111,33.0151],[133.0127,33.0137],[133.0116,33.0121],[133.0108,33.0143],[133.0056,33.0016],[133.0049,32.9966],[133.0069,32.998],[133.0064,32.9953],[133.0011,32.9886],[132.9977,32.9801],[133.0042,32.9758],[132.9989,32.9707],[132.9994,32.9655],[132.9956,32.9633],[132.9921,32.9517],[132.9994,32.9437],[132.9968,32.9423],[132.9943,32.9343],[132.9926,32.9348],[132.9933,32.9304],[133.0001,32.9301],[132.9955,32.9285],[132.9978,32.9259],[132.9953,32.9239],[133.0026,32.9199],[133.0082,32.9117],[133.0059,32.8999],[133.0087,32.8819],[133.0029,32.8796],[132.9935,32.8685],[132.996,32.8655],[132.9931,32.8623],[132.987,32.8672],[132.9835,32.8669],[132.9829,32.8647],[132.9604,32.8644],[132.957,32.8581],[132.954,32.8645],[132.9552,32.8616],[132.9486,32.8565],[132.9561,32.8497],[132.9523,32.8452],[132.956,32.8403],[132.9531,32.8352],[132.9567,32.834],[132.9591,32.8295],[132.9591,32.8273],[132.9506,32.8244],[132.9522,32.8127],[132.9582,32.8046],[132.9644,32.8021],[132.9644,32.7991],[132.9935,32.79],[132.9968,32.7865],[132.998,32.7883],[133.0011,32.7873],[133.001,32.7827],[133.0114,32.7662],[133.0167,32.7617],[133.0138,32.7532],[133.018,32.7437],[133.0217,32.7263],[133.0198,32.7238],[133.0026,32.7217],[132.9931,32.7305],[132.9895,32.7291],[132.9861,32.7333],[132.9837,32.7303],[132.9726,32.7323],[132.9663,32.7291],[132.9643,32.7323],[132.9648,32.7364],[132.9706,32.7468],[132.9671,32.7516],[132.9609,32.7504],[132.963,32.7575],[132.9545,32.7566],[132.9525,32.7591],[132.9525,32.7642],[132.958,32.7722],[132.965,32.7736],[132.9691,32.7773],[132.9655,32.7753],[132.9585,32.777],[132.9603,32.7788],[132.9557,32.7787],[132.9528,32.7706],[132.9454,32.7649],[132.9396,32.7737],[132.9402,32.779],[132.9448,32.7779],[132.947,32.7797],[132.942,32.7809],[132.9428,32.7829],[132.9357,32.7865],[132.9326,32.7847],[132.9327,32.7795],[132.9305,32.7826],[132.9245,32.7827],[132.9196,32.7781],[132.9198,32.7847],[132.9113,32.7872],[132.8964,32.7876],[132.8888,32.7903],[132.8832,32.7877],[132.8804,32.7897],[132.8748,32.7878],[132.8792,32.7835],[132.8759,32.7759],[132.8784,32.7696],[132.8688,32.7658],[132.8683,32.7705],[132.8653,32.7708],[132.8697,32.7762],[132.8708,32.7854],[132.8668,32.7873],[132.8653,32.7849],[132.8613,32.7903],[132.8593,32.7863],[132.8505,32.7853],[132.8453,32.7779],[132.8405,32.7817],[132.8345,32.7755],[132.8353,32.7731],[132.8329,32.7667],[132.8273,32.7656],[132.8265,32.761],[132.8147,32.7615],[132.8148,32.7532],[132.804,32.7527],[132.8023,32.7471],[132.7909,32.7477],[132.7858,32.7567],[132.7797,32.7539],[132.7703,32.7617],[132.7649,32.76],[132.765,32.7563],[132.7564,32.7532],[132.7427,32.7727],[132.7392,32.7724],[132.7327,32.7764],[132.7318,32.779],[132.7293,32.7779],[132.7256,32.7849],[132.7216,32.7858],[132.7221,32.7897],[132.7168,32.7977],[132.7166,32.7943],[132.7132,32.7945],[132.7109,32.7983],[132.7065,32.7949],[132.6973,32.7956],[132.6874,32.7915],[132.6835,32.7945],[132.6867,32.7884],[132.6898,32.7904],[132.6973,32.7877],[132.6968,32.7845],[132.6911,32.7876],[132.6842,32.7845],[132.6836,32.7812],[132.6688,32.7841],[132.6638,32.7812],[132.6546,32.7807],[132.6477,32.7755],[132.6502,32.7661],[132.6396,32.765],[132.6374,32.7665],[132.6307,32.7617],[132.628,32.7637],[132.6303,32.7671],[132.6389,32.7683],[132.6335,32.7831],[132.6346,32.7844],[132.6409,32.7824],[132.6438,32.7869],[132.6358,32.7888],[132.6309,32.7952],[132.6261,32.7957],[132.6293,32.8009],[132.6367,32.7987],[132.6388,32.8013],[132.6482,32.8005],[132.6481,32.8042],[132.6557,32.8009],[132.6553,32.8049],[132.6479,32.8082],[132.64,32.8085],[132.6455,32.8093],[132.644,32.82],[132.6486,32.8186],[132.6489,32.8225],[132.6528,32.8286],[132.6555,32.8237],[132.6578,32.8253],[132.6597,32.8316],[132.6618,32.8309],[132.6633,32.833],[132.6588,32.8374],[132.6613,32.8405],[132.6728,32.8412],[132.671,32.8411],[132.6708,32.8439],[132.6679,32.8427],[132.6639,32.8483],[132.6612,32.8485],[132.6604,32.8525],[132.656,32.8528],[132.6692,32.8621],[132.667,32.8643],[132.6716,32.8642],[132.6784,32.8701],[132.6874,32.8733],[132.6905,32.8774],[132.6878,32.8791],[132.6954,32.8865],[132.6978,32.8847],[132.7056,32.8882],[132.7081,32.8815],[132.7057,32.8756],[132.713,32.882],[132.7146,32.8817],[132.7129,32.8758],[132.72,32.8763],[132.7191,32.8808],[132.7208,32.8805],[132.7119,32.8862],[132.7147,32.8876],[132.704,32.8945],[132.7047,32.8969],[132.7147,32.8931],[132.7186,32.8941],[132.7202,32.8971],[132.7196,32.9021],[132.7105,32.8999],[132.7124,32.9023],[132.7121,32.9073],[132.7155,32.9083],[132.7154,32.9104],[132.7136,32.9144],[132.7106,32.9149],[132.7103,32.9218],[132.7075,32.9259],[132.7018,32.9248],[132.7017,32.9192],[132.699,32.9175],[132.6989,32.9199],[132.6945,32.92],[132.6939,32.9264],[132.6961,32.9264],[132.6956,32.9282],[132.6876,32.9253],[132.6898,32.9241],[132.6886,32.9235],[132.6901,32.9211],[132.6862,32.9199],[132.6834,32.9199],[132.6836,32.9217],[132.681,32.9231],[132.6793,32.9209],[132.6765,32.9257],[132.6751,32.9229],[132.6695,32.9223],[132.6711,32.9187],[132.6658,32.9199],[132.6669,32.9206],[132.6648,32.9235],[132.6642,32.9221],[132.66,32.9239],[132.658,32.9225],[132.6546,32.9249],[132.6546,32.9347],[132.6518,32.9391],[132.6605,32.9422],[132.6779,32.9432],[132.6838,32.9495],[132.6809,32.9645],[132.686,32.9633],[132.6866,32.9685],[132.6908,32.9739],[132.6859,32.9772],[132.6817,32.9923],[132.6816,32.9948],[132.6861,32.9981],[132.6773,33.0092],[132.6757,33.0239],[132.6777,33.033],[132.6754,33.0397],[132.657,33.057],[132.6655,33.0656],[132.6687,33.0717],[132.6665,33.0818],[132.6691,33.0865],[132.6627,33.1089],[132.6515,33.1117],[132.645,33.1179],[132.6352,33.1329],[132.6289,33.1323],[132.6307,33.1501],[132.6142,33.1693],[132.6188,33.1749],[132.6189,33.1809],[132.6349,33.1863],[132.6364,33.1845],[132.6338,33.1783],[132.6406,33.1726],[132.6465,33.1715],[132.6637,33.1536],[132.6714,33.1507],[132.6869,33.1349],[132.6955,33.1383],[132.6963,33.1438],[132.7109,33.155],[132.7174,33.1615],[132.72,33.1669],[132.7278,33.1699],[132.7408,33.19],[132.7381,33.196],[132.7409,33.2007],[132.7468,33.2028],[132.7593,33.2019],[132.775,33.2062],[132.7706,33.2223],[132.7737,33.2297],[132.7724,33.2417],[132.7776,33.2484],[132.7782,33.2532],[132.7864,33.2621],[132.7867,33.2669],[132.7933,33.2745],[132.797,33.2742],[132.8177,33.2835],[132.8241,33.2821],[132.8371,33.2889],[132.8405,33.2875],[132.8546,33.2922],[132.8718,33.3047],[132.8951,33.3121],[132.8998,33.3207],[132.8983,33.3248],[132.9009,33.3271],[132.9015,33.3386],[132.895,33.3487],[132.8879,33.3579],[132.8811,33.3622],[132.8664,33.3677],[132.8606,33.3675],[132.8524,33.3881],[132.8552,33.3925],[132.853,33.3981],[132.8417,33.3976],[132.8357,33.3995],[132.8316,33.4096],[132.8335,33.4199],[132.8244,33.4236],[132.8233,33.4311],[132.8267,33.4399],[132.825,33.4462],[132.81,33.4524],[132.8077,33.4544],[132.8063,33.4605],[132.8113,33.4656],[132.8152,33.4644],[132.8207,33.4726],[132.828,33.4729],[132.8325,33.4757],[132.8342,33.4741],[132.8398,33.4748],[132.8474,33.4791],[132.8718,33.4709],[132.8874,33.4727],[132.9159,33.4677],[132.9402,33.4717],[132.9557,33.4663],[133.0148,33.4808],[133.0132,33.4905],[133.0246,33.5017],[133.0374,33.5185],[133.038,33.5266],[133.054,33.5359],[133.063,33.5435],[133.0599,33.5579],[133.0612,33.562],[133.046,33.5754],[133.0493,33.5855],[133.0546,33.5897],[133.0553,33.595],[133.071,33.6021],[133.079,33.6086],[133.0761,33.6132],[133.0676,33.6199],[133.0704,33.6372],[133.0768,33.6534],[133.0911,33.6572],[133.1068,33.657],[133.1161,33.6603],[133.1202,33.6753],[133.1201,33.6911],[133.1258,33.6984],[133.1444,33.7055],[133.1394,33.7154],[133.147,33.7231],[133.1605,33.7314],[133.1573,33.7502],[133.1646,33.7566],[133.1726,33.7589],[133.1821,33.7667],[133.1824,33.772],[133.1932,33.7937],[133.2053,33.7943],[133.2205,33.7803],[133.2319,33.7838],[133.2365,33.7828],[133.2457,33.7889],[133.251,33.7893],[133.2569,33.7943],[133.2613,33.8061],[133.2613,33.8122],[133.2668,33.8225],[133.2767,33.8308],[133.2839,33.8315],[133.2931,33.8287],[133.3107,33.8156],[133.3258,33.8145],[133.333,33.8214],[133.3463,33.8259],[133.3552,33.8342],[133.3914,33.8247],[133.4012,33.8364],[133.4154,33.8397],[133.4484,33.8331],[133.4546,33.8369],[133.4644,33.8345],[133.4702,33.8365],[133.4862,33.8295],[133.4927,33.8321],[133.4968,33.8293],[133.5074,33.8357],[133.5091,33.8481],[133.5182,33.8479],[133.5248,33.8533],[133.5267,33.8622],[133.5357,33.8663],[133.5391,33.8774],[133.5518,33.8821],[133.5567,33.8821],[133.5622,33.8751],[133.5709,33.8719],[133.5713,33.8694],[133.5826,33.8676]]],[[[133.302,33.3574],[133.2976,33.3605],[133.3004,33.3634],[133.3037,33.3625],[133.302,33.3574]]],[[[132.6568,32.9143],[132.6524,32.9146],[132.6562,32.9183],[132.659,32.9168],[132.6568,32.9143]]],[[[132.6956,32.9101],[132.6891,32.9124],[132.687,32.9183],[132.7028,32.9175],[132.7037,32.9142],[132.6956,32.9101]]],[[[132.4816,32.7963],[132.4794,32.7978],[132.4857,32.8067],[132.4987,32.8051],[132.4941,32.8009],[132.496,32.7973],[132.4816,32.7963]]],[[[132.6179,32.7658],[132.6172,32.7674],[132.6218,32.7718],[132.628,32.7732],[132.6261,32.7697],[132.6282,32.7675],[132.6179,32.7658]]],[[[132.5426,32.7023],[132.5399,32.7051],[132.5444,32.7112],[132.5499,32.7141],[132.5473,32.7192],[132.5359,32.7277],[132.5344,32.7309],[132.5416,32.7309],[132.5417,32.7351],[132.5462,32.7385],[132.5438,32.7413],[132.5458,32.7455],[132.5441,32.7546],[132.5477,32.7529],[132.5516,32.7476],[132.5572,32.748],[132.5569,32.7433],[132.5648,32.7407],[132.5708,32.7356],[132.5661,32.7281],[132.5714,32.717],[132.5701,32.7136],[132.5522,32.7075],[132.5426,32.7023]]],[[[132.602,32.7446],[132.5976,32.7455],[132.6005,32.7481],[132.6031,32.7463],[132.602,32.7446]]],[[[132.483,32.7342],[132.4882,32.7428],[132.493,32.74],[132.4897,32.7365],[132.483,32.7342]]]]}},{"type":"Feature","properties":{"name":"宮崎県","id":45},"geometry":{"type":"MultiPolygon","coordinates":[[[[131.5077,32.774],[131.513,32.7692],[131.5233,32.7637],[131.5323,32.7623],[131.5366,32.7585],[131.5664,32.7543],[131.581,32.7639],[131.5916,32.7751],[131.6012,32.7722],[131.6218,32.7743],[131.6406,32.7705],[131.6514,32.771],[131.6682,32.7667],[131.6691,32.7682],[131.6957,32.7744],[131.7078,32.7716],[131.712,32.7739],[131.7149,32.7876],[131.7287,32.7996],[131.731,32.8164],[131.7341,32.8197],[131.7346,32.8293],[131.7368,32.8329],[131.7468,32.8329],[131.7674,32.8385],[131.7693,32.8365],[131.7864,32.8335],[131.7888,32.8262],[131.793,32.8219],[131.798,32.8244],[131.8062,32.8221],[131.8149,32.8278],[131.8238,32.8297],[131.8343,32.8195],[131.8478,32.8181],[131.8547,32.8231],[131.8579,32.8213],[131.8586,32.8051],[131.8502,32.7917],[131.8439,32.7751],[131.8489,32.7559],[131.8436,32.7467],[131.8471,32.7361],[131.8571,32.7375],[131.8618,32.7403],[131.8718,32.7403],[131.8851,32.7457],[131.8768,32.7395],[131.8761,32.7344],[131.8739,32.7333],[131.8718,32.7351],[131.8588,32.7331],[131.8573,32.729],[131.8603,32.7237],[131.8634,32.7235],[131.8643,32.7162],[131.8515,32.7224],[131.8493,32.7191],[131.8452,32.7118],[131.8476,32.7037],[131.8537,32.7026],[131.853,32.6998],[131.855,32.6981],[131.8504,32.6933],[131.8493,32.6957],[131.8453,32.6914],[131.8386,32.6916],[131.8366,32.6931],[131.8385,32.6965],[131.8259,32.7063],[131.8228,32.7033],[131.817,32.7037],[131.817,32.6976],[131.8142,32.6966],[131.8174,32.6911],[131.8152,32.6877],[131.8034,32.6844],[131.7929,32.6777],[131.7901,32.6629],[131.7858,32.6633],[131.7857,32.6739],[131.7781,32.6741],[131.7723,32.6671],[131.7713,32.6594],[131.7693,32.6569],[131.7671,32.6588],[131.7627,32.6585],[131.762,32.6552],[131.7689,32.6529],[131.7692,32.6511],[131.7649,32.6519],[131.766,32.6459],[131.7642,32.6455],[131.7633,32.6419],[131.7502,32.6455],[131.7504,32.6439],[131.7544,32.6426],[131.7568,32.6355],[131.7587,32.6357],[131.7583,32.6405],[131.7609,32.6386],[131.7632,32.6411],[131.7714,32.6423],[131.7724,32.6339],[131.7694,32.6336],[131.7684,32.6301],[131.7648,32.6283],[131.7607,32.6194],[131.7622,32.6135],[131.759,32.6106],[131.7532,32.6105],[131.7547,32.6047],[131.7536,32.6017],[131.7468,32.6012],[131.7418,32.5923],[131.7193,32.5893],[131.7167,32.591],[131.7081,32.5865],[131.6932,32.5677],[131.6828,32.5444],[131.6815,32.533],[131.6867,32.5243],[131.6855,32.5198],[131.6888,32.5196],[131.6829,32.5164],[131.6848,32.5085],[131.6914,32.5073],[131.6908,32.5114],[131.6874,32.5123],[131.6916,32.5146],[131.6936,32.5103],[131.6959,32.5109],[131.6947,32.507],[131.6977,32.5091],[131.6995,32.5059],[131.6982,32.5155],[131.7018,32.5179],[131.7093,32.5161],[131.7134,32.5197],[131.7098,32.5022],[131.7223,32.5007],[131.7272,32.4965],[131.7277,32.4926],[131.7245,32.492],[131.7194,32.4864],[131.713,32.4886],[131.7163,32.4839],[131.7148,32.4819],[131.7089,32.4823],[131.7083,32.4785],[131.7,32.4745],[131.696,32.4745],[131.6981,32.4725],[131.6941,32.4693],[131.6873,32.4689],[131.6769,32.4733],[131.6803,32.481],[131.6783,32.4834],[131.673,32.4813],[131.6705,32.4773],[131.6668,32.4827],[131.6583,32.4826],[131.6551,32.4732],[131.6583,32.472],[131.6565,32.4715],[131.659,32.4689],[131.6529,32.4669],[131.6496,32.4573],[131.6535,32.4559],[131.6517,32.4513],[131.6559,32.447],[131.6498,32.4417],[131.6414,32.4388],[131.6503,32.4346],[131.6517,32.4391],[131.6633,32.449],[131.6628,32.4449],[131.6655,32.4431],[131.6602,32.4383],[131.6614,32.4362],[131.6667,32.4389],[131.6706,32.4371],[131.6698,32.4399],[131.6745,32.4427],[131.6723,32.4446],[131.6735,32.4539],[131.673,32.4466],[131.679,32.44],[131.6785,32.4358],[131.6812,32.4352],[131.6776,32.4301],[131.6629,32.4309],[131.6567,32.4281],[131.6544,32.4289],[131.6541,32.4271],[131.6687,32.4286],[131.6747,32.4212],[131.6835,32.4266],[131.6879,32.4226],[131.6864,32.4236],[131.6812,32.4199],[131.685,32.4185],[131.6688,32.4155],[131.67,32.4149],[131.668,32.4123],[131.6628,32.4108],[131.6524,32.4133],[131.6505,32.4123],[131.6523,32.4103],[131.642,32.407],[131.6305,32.3816],[131.635,32.3715],[131.6283,32.368],[131.6218,32.3601],[131.6218,32.3547],[131.6248,32.3491],[131.6262,32.3496],[131.6274,32.3429],[131.6261,32.3407],[131.6218,32.3412],[131.6181,32.3379],[131.616,32.34],[131.6108,32.3385],[131.6135,32.3365],[131.6043,32.3259],[131.5919,32.3065],[131.5831,32.2869],[131.5744,32.2577],[131.5711,32.2532],[131.5749,32.2469],[131.5725,32.2377],[131.5614,32.2145],[131.5408,32.1499],[131.5394,32.1322],[131.5194,32.0869],[131.5007,32.0339],[131.4646,31.9199],[131.4663,31.9175],[131.4641,31.9177],[131.4632,31.9138],[131.4717,31.9119],[131.4816,31.9199],[131.4718,31.9117],[131.4648,31.9129],[131.4618,31.9067],[131.4644,31.9055],[131.4616,31.9058],[131.4642,31.8985],[131.4611,31.8975],[131.4628,31.8962],[131.4611,31.8962],[131.4576,31.8873],[131.4567,31.8788],[131.4583,31.8756],[131.4616,31.8757],[131.461,31.8731],[131.4614,31.8756],[131.4577,31.8753],[131.4539,31.8695],[131.4518,31.8347],[131.4537,31.8181],[131.4625,31.8059],[131.4704,31.8031],[131.4693,31.7998],[131.4719,31.794],[131.4748,31.795],[131.4817,31.7857],[131.4874,31.7855],[131.4763,31.7637],[131.4763,31.7579],[131.4705,31.7581],[131.4709,31.7553],[131.468,31.7532],[131.4673,31.75],[131.4706,31.7431],[131.4631,31.7319],[131.4658,31.7295],[131.4674,31.7209],[131.4598,31.7184],[131.461,31.7152],[131.4575,31.7093],[131.462,31.7039],[131.4595,31.7031],[131.4555,31.6956],[131.4614,31.6921],[131.4639,31.6926],[131.4678,31.6864],[131.4495,31.6798],[131.4545,31.6747],[131.4519,31.674],[131.4508,31.6699],[131.4546,31.6682],[131.4603,31.6688],[131.4626,31.6612],[131.4581,31.6591],[131.4582,31.6569],[131.4608,31.6571],[131.4634,31.6521],[131.4657,31.6522],[131.4685,31.6451],[131.4651,31.6444],[131.4585,31.6467],[131.4521,31.6389],[131.4614,31.632],[131.4561,31.6243],[131.4522,31.6243],[131.4474,31.6184],[131.4235,31.6089],[131.4106,31.5924],[131.4085,31.5865],[131.4128,31.5783],[131.411,31.5774],[131.4114,31.5699],[131.4055,31.5716],[131.4075,31.5724],[131.4084,31.5764],[131.4074,31.5753],[131.4062,31.579],[131.4046,31.5788],[131.4062,31.5794],[131.405,31.5816],[131.4013,31.58],[131.4001,31.5815],[131.402,31.5787],[131.3993,31.5783],[131.3967,31.5667],[131.3903,31.5635],[131.3955,31.5613],[131.3956,31.5575],[131.3882,31.557],[131.3892,31.5584],[131.3865,31.5595],[131.3811,31.5552],[131.3815,31.5449],[131.3861,31.5443],[131.3828,31.544],[131.3833,31.5409],[131.3877,31.5411],[131.3849,31.5379],[131.3836,31.5321],[131.3801,31.5333],[131.382,31.5236],[131.3847,31.5248],[131.3845,31.5197],[131.3813,31.5177],[131.3844,31.5105],[131.3786,31.5141],[131.3781,31.5186],[131.3718,31.5175],[131.375,31.5116],[131.3722,31.5068],[131.3827,31.5028],[131.3851,31.4999],[131.3824,31.4937],[131.3857,31.4953],[131.3828,31.4903],[131.3862,31.4903],[131.388,31.4847],[131.3845,31.4811],[131.3617,31.4699],[131.363,31.4569],[131.3686,31.4502],[131.3707,31.4307],[131.3629,31.4199],[131.3545,31.4182],[131.3524,31.4151],[131.3436,31.4124],[131.3404,31.4054],[131.3447,31.3989],[131.334,31.3984],[131.3318,31.3952],[131.3337,31.3947],[131.3324,31.3936],[131.3332,31.3819],[131.3488,31.3718],[131.349,31.3687],[131.3438,31.3625],[131.3366,31.3607],[131.3176,31.3685],[131.3133,31.3843],[131.3086,31.3903],[131.2972,31.3852],[131.2924,31.3894],[131.283,31.3821],[131.255,31.3802],[131.243,31.3885],[131.2359,31.4043],[131.2358,31.4139],[131.2441,31.4199],[131.2411,31.4267],[131.2328,31.4301],[131.2278,31.424],[131.2255,31.4317],[131.22,31.4381],[131.209,31.4441],[131.2093,31.4481],[131.2035,31.4535],[131.1865,31.4563],[131.1779,31.4549],[131.1774,31.4503],[131.1746,31.45],[131.1698,31.4525],[131.1671,31.4586],[131.1653,31.4574],[131.1603,31.4597],[131.1595,31.4616],[131.1628,31.4702],[131.1631,31.4846],[131.1693,31.4929],[131.1692,31.4998],[131.176,31.5045],[131.1922,31.5094],[131.1986,31.5143],[131.2001,31.53],[131.196,31.5488],[131.1883,31.5573],[131.1999,31.5657],[131.2038,31.5785],[131.1975,31.5931],[131.1881,31.6015],[131.1851,31.6093],[131.1884,31.617],[131.1877,31.6235],[131.1797,31.6259],[131.1778,31.629],[131.1691,31.6332],[131.1642,31.6391],[131.1632,31.637],[131.1514,31.6335],[131.1496,31.6298],[131.1439,31.6301],[131.1276,31.6263],[131.1218,31.6301],[131.1149,31.6299],[131.1125,31.6344],[131.0783,31.6597],[131.0725,31.6585],[131.0563,31.6339],[131.0531,31.6337],[131.0519,31.6391],[131.0483,31.6396],[131.0455,31.6511],[131.0372,31.6601],[131.0251,31.6662],[131.0281,31.6738],[131.0233,31.6739],[131.025,31.6782],[131.0233,31.6921],[131.0271,31.6963],[131.0174,31.7055],[131.0175,31.709],[131.0129,31.7115],[131.0151,31.7167],[131.0165,31.7445],[131.0142,31.7485],[131.0099,31.747],[131.006,31.7489],[130.9968,31.7456],[130.9904,31.7504],[130.9797,31.751],[130.9773,31.7532],[130.9775,31.7594],[130.9817,31.763],[130.982,31.7671],[130.9871,31.7652],[130.9894,31.7684],[130.99,31.7747],[130.9866,31.7792],[130.9799,31.7784],[130.9712,31.7838],[130.9658,31.7812],[130.9311,31.7854],[130.9261,31.7894],[130.923,31.7979],[130.9185,31.7989],[130.9149,31.8044],[130.9091,31.8012],[130.8996,31.801],[130.8893,31.8063],[130.8835,31.8052],[130.8808,31.8128],[130.8761,31.8154],[130.8769,31.8268],[130.8811,31.8314],[130.8746,31.8429],[130.8839,31.8458],[130.8884,31.8515],[130.8879,31.8631],[130.8935,31.8763],[130.9038,31.8851],[130.9093,31.8831],[130.913,31.8857],[130.8974,31.8868],[130.8876,31.9051],[130.8862,31.9116],[130.8823,31.9147],[130.8817,31.9199],[130.8718,31.9278],[130.8691,31.9276],[130.8658,31.933],[130.8393,31.9424],[130.8155,31.941],[130.8045,31.9496],[130.7995,31.9493],[130.8003,31.9593],[130.7941,31.9721],[130.7836,31.9786],[130.7779,32.0032],[130.7774,32.0139],[130.7606,32.0254],[130.7583,32.0317],[130.7468,32.0347],[130.7462,32.0404],[130.7348,32.0479],[130.703,32.0575],[130.7036,32.0784],[130.7098,32.0811],[130.7154,32.0865],[130.7197,32.1006],[130.7275,32.1023],[130.7343,32.1087],[130.739,32.1043],[130.7392,32.0999],[130.7417,32.0983],[130.7468,32.1031],[130.7528,32.1032],[130.7581,32.0967],[130.7677,32.1013],[130.7757,32.1011],[130.7794,32.0993],[130.8104,32.0983],[130.8202,32.0949],[130.8231,32.1],[130.8386,32.1067],[130.8565,32.0995],[130.8631,32.1039],[130.8689,32.1149],[130.8718,32.1149],[130.8774,32.1209],[130.8938,32.1251],[130.9007,32.1323],[130.9044,32.1331],[130.9106,32.1297],[130.9125,32.1306],[130.9165,32.1248],[130.9269,32.1223],[130.9328,32.1162],[130.9444,32.1187],[130.9519,32.1154],[130.9617,32.12],[130.9724,32.1211],[130.9736,32.1216],[130.9722,32.1337],[130.9942,32.1508],[130.9939,32.1564],[130.9916,32.1576],[130.9968,32.1594],[131.0025,32.1693],[131.0127,32.1738],[131.0176,32.1699],[131.0368,32.1699],[131.0458,32.1609],[131.049,32.1627],[131.053,32.1577],[131.0583,32.1553],[131.0711,32.1601],[131.0859,32.1537],[131.0963,32.1528],[131.1037,32.1587],[131.1081,32.1599],[131.1012,32.1743],[131.1025,32.1928],[131.0994,32.1969],[131.0997,32.2014],[131.0827,32.2071],[131.0775,32.2181],[131.0726,32.2239],[131.0682,32.2251],[131.0708,32.2367],[131.056,32.2458],[131.0462,32.244],[131.0415,32.2502],[131.0422,32.2604],[131.0465,32.2643],[131.0521,32.266],[131.0527,32.2745],[131.0494,32.2793],[131.0503,32.2863],[131.0608,32.2856],[131.0712,32.2802],[131.0779,32.2813],[131.0793,32.2851],[131.0915,32.2971],[131.1068,32.325],[131.1105,32.3285],[131.102,32.3418],[131.0934,32.3501],[131.0905,32.3498],[131.0735,32.3575],[131.0733,32.3661],[131.0782,32.3733],[131.0723,32.3829],[131.0685,32.3845],[131.0721,32.3921],[131.0665,32.4074],[131.0422,32.4091],[131.019,32.4395],[131.0153,32.4534],[131.0154,32.4605],[131.0134,32.4629],[131.016,32.4673],[131.0151,32.4725],[131.0062,32.4925],[131.0098,32.5155],[131.0146,32.5157],[131.0188,32.5197],[131.0249,32.5209],[131.0227,32.5363],[131.0171,32.5455],[131.0186,32.5491],[131.0243,32.5531],[131.0349,32.5529],[131.039,32.5565],[131.0368,32.5652],[131.0427,32.5825],[131.0503,32.5865],[131.0537,32.5877],[131.0991,32.5785],[131.1041,32.5795],[131.1073,32.5831],[131.1052,32.5865],[131.1061,32.5891],[131.1133,32.5925],[131.1179,32.5985],[131.1193,32.6057],[131.1154,32.6105],[131.1185,32.6307],[131.114,32.6388],[131.1162,32.6427],[131.1218,32.6441],[131.1261,32.6539],[131.1399,32.6662],[131.1424,32.6699],[131.1429,32.6761],[131.1497,32.6793],[131.1574,32.6774],[131.1627,32.6716],[131.1747,32.6725],[131.1727,32.6853],[131.1762,32.6971],[131.1795,32.7007],[131.1803,32.7085],[131.1788,32.7111],[131.1937,32.7247],[131.2067,32.7299],[131.2118,32.7289],[131.2312,32.7441],[131.2342,32.7442],[131.2334,32.7533],[131.2363,32.7583],[131.2392,32.7583],[131.2443,32.7672],[131.2444,32.7713],[131.2361,32.7775],[131.2344,32.7811],[131.2447,32.7875],[131.2468,32.8006],[131.2521,32.8023],[131.2541,32.8059],[131.256,32.8142],[131.2546,32.8161],[131.2619,32.8183],[131.2649,32.8262],[131.2722,32.8243],[131.2761,32.8287],[131.2866,32.8307],[131.2915,32.8277],[131.3227,32.8287],[131.3286,32.8329],[131.3396,32.8331],[131.3461,32.8279],[131.3492,32.8206],[131.3483,32.8105],[131.359,32.8039],[131.3655,32.8034],[131.3718,32.8072],[131.4012,32.8133],[131.4204,32.8117],[131.4308,32.8191],[131.4375,32.8285],[131.4639,32.8311],[131.4744,32.8371],[131.4858,32.8214],[131.4942,32.8157],[131.502,32.8142],[131.5012,32.8104],[131.5168,32.8003],[131.508,32.784],[131.5077,32.774]]],[[[131.8444,32.6809],[131.8409,32.6835],[131.844,32.6861],[131.8445,32.6823],[131.846,32.6824],[131.8444,32.6809]]],[[[131.8245,32.6555],[131.8136,32.6578],[131.8148,32.6615],[131.8107,32.6617],[131.8062,32.6659],[131.813,32.666],[131.8133,32.6688],[131.8077,32.6699],[131.8148,32.6716],[131.8174,32.6741],[131.8181,32.6705],[131.8212,32.6716],[131.8217,32.6687],[131.8284,32.6678],[131.832,32.6709],[131.8348,32.6699],[131.8359,32.6665],[131.8297,32.6627],[131.8279,32.6579],[131.8234,32.6577],[131.8263,32.6563],[131.8245,32.6555]]],[[[131.6655,32.4643],[131.6665,32.4696],[131.6684,32.4701],[131.6695,32.4644],[131.6655,32.4643]]],[[[131.4172,31.5118],[131.4025,31.5299],[131.4075,31.5364],[131.4085,31.5414],[131.4136,31.5401],[131.4122,31.5387],[131.4157,31.5298],[131.4137,31.5291],[131.4137,31.5226],[131.4172,31.5118]]],[[[131.3898,31.4733],[131.3865,31.4774],[131.3883,31.4794],[131.3898,31.4793],[131.3915,31.474],[131.3898,31.4733]]],[[[131.3772,31.4488],[131.3718,31.4506],[131.3718,31.4521],[131.3774,31.4564],[131.3772,31.4488]]]]}},{"type":"Feature","properties":{"name":"神奈川県","id":14},"geometry":{"type":"MultiPolygon","coordinates":[[[[139.131,35.6718],[139.1369,35.6721],[139.1486,35.6667],[139.1617,35.6679],[139.1674,35.6617],[139.168,35.6511],[139.1757,35.649],[139.1799,35.6455],[139.1842,35.6449],[139.1924,35.6485],[139.1948,35.6515],[139.2009,35.6525],[139.2157,35.6461],[139.2158,35.6368],[139.2214,35.6285],[139.2204,35.6257],[139.2262,35.6225],[139.2329,35.6127],[139.2406,35.6063],[139.2529,35.6019],[139.2587,35.6035],[139.2648,35.6023],[139.2689,35.6093],[139.2822,35.613],[139.2925,35.6112],[139.3046,35.6052],[139.3215,35.6058],[139.3307,35.6035],[139.3414,35.6048],[139.356,35.5991],[139.3632,35.5989],[139.3718,35.5942],[139.3753,35.5941],[139.3795,35.5899],[139.3895,35.5876],[139.3907,35.5854],[139.3986,35.5844],[139.4029,35.5753],[139.4076,35.5758],[139.4173,35.5618],[139.4236,35.5583],[139.4272,35.5523],[139.4408,35.5426],[139.4433,35.5427],[139.458,35.5281],[139.4553,35.5199],[139.4616,35.5197],[139.4686,35.5049],[139.4678,35.5022],[139.477,35.5016],[139.485,35.5039],[139.4788,35.5088],[139.4777,35.5121],[139.4862,35.5208],[139.4867,35.5355],[139.4802,35.5441],[139.482,35.5502],[139.4804,35.5577],[139.4759,35.5619],[139.4738,35.5599],[139.4702,35.5607],[139.4697,35.5697],[139.4732,35.5763],[139.4771,35.5816],[139.4867,35.5847],[139.49,35.5841],[139.4829,35.5713],[139.4896,35.5615],[139.5024,35.5711],[139.5065,35.5715],[139.5072,35.5757],[139.5051,35.5751],[139.4931,35.5842],[139.4943,35.5865],[139.4928,35.5891],[139.4873,35.5902],[139.4827,35.5949],[139.4802,35.5949],[139.4759,35.5997],[139.4709,35.6017],[139.4653,35.6091],[139.4532,35.6049],[139.4493,35.6118],[139.4542,35.6182],[139.463,35.6249],[139.469,35.6203],[139.4762,35.6189],[139.4771,35.613],[139.48,35.613],[139.4834,35.6085],[139.488,35.6075],[139.4904,35.6045],[139.4968,35.6048],[139.4998,35.6063],[139.4951,35.6175],[139.5043,35.6231],[139.5146,35.6248],[139.5184,35.6306],[139.5235,35.6331],[139.5207,35.6378],[139.5254,35.6427],[139.5518,35.6341],[139.562,35.6325],[139.5659,35.6272],[139.5785,35.6219],[139.6192,35.6135],[139.6551,35.5901],[139.6653,35.5889],[139.6783,35.5634],[139.7025,35.5539],[139.7036,35.5493],[139.6978,35.5435],[139.7018,35.5372],[139.7179,35.5381],[139.7274,35.5435],[139.735,35.5413],[139.7409,35.5455],[139.7468,35.5437],[139.7575,35.5442],[139.7898,35.5267],[139.7876,35.5244],[139.7885,35.5213],[139.7963,35.5186],[139.7916,35.5134],[139.7942,35.5118],[139.7908,35.5078],[139.7801,35.5131],[139.7763,35.5095],[139.7723,35.5123],[139.7747,35.5147],[139.7735,35.5155],[139.771,35.5132],[139.7664,35.5205],[139.769,35.5229],[139.7656,35.522],[139.761,35.5302],[139.7564,35.5303],[139.752,35.5331],[139.7511,35.5308],[139.7538,35.5313],[139.7558,35.5278],[139.7522,35.5245],[139.7531,35.5234],[139.7589,35.5263],[139.766,35.5135],[139.7649,35.5116],[139.7539,35.5085],[139.7518,35.5095],[139.7485,35.5183],[139.7514,35.5237],[139.7459,35.5189],[139.744,35.5208],[139.7453,35.5187],[139.738,35.5147],[139.7388,35.5134],[139.7451,35.516],[139.7493,35.5085],[139.7339,35.5005],[139.7327,35.5118],[139.7375,35.5139],[139.7327,35.5131],[139.7319,35.5155],[139.725,35.5169],[139.7304,35.5149],[139.7304,35.5122],[139.7232,35.5097],[139.7235,35.5083],[139.729,35.5109],[139.7318,35.4995],[139.7203,35.4943],[139.7142,35.5032],[139.7228,35.5083],[139.7116,35.5032],[139.7181,35.4935],[139.6963,35.4839],[139.695,35.4869],[139.698,35.4908],[139.6945,35.4893],[139.6931,35.4923],[139.69,35.4913],[139.6885,35.4952],[139.6883,35.4912],[139.6929,35.4825],[139.6897,35.4788],[139.6818,35.4782],[139.6819,35.4732],[139.6684,35.4678],[139.668,35.4736],[139.6731,35.475],[139.6708,35.478],[139.6448,35.4758],[139.6415,35.4728],[139.6382,35.4653],[139.6322,35.466],[139.6336,35.463],[139.6389,35.4629],[139.6381,35.4573],[139.6327,35.452],[139.6422,35.4497],[139.6458,35.4501],[139.6488,35.4538],[139.6456,35.4481],[139.6518,35.4451],[139.6572,35.4512],[139.6586,35.4505],[139.6573,35.4489],[139.6617,35.4472],[139.6644,35.4501],[139.6659,35.4493],[139.6636,35.4466],[139.657,35.4442],[139.6603,35.4412],[139.6642,35.4428],[139.6704,35.4513],[139.6743,35.4496],[139.669,35.4392],[139.6712,35.4388],[139.6753,35.4456],[139.6813,35.4411],[139.6755,35.4315],[139.6782,35.4303],[139.6855,35.4419],[139.6907,35.4392],[139.6856,35.4266],[139.6809,35.4262],[139.6807,35.4219],[139.6761,35.4233],[139.6799,35.4187],[139.6781,35.4161],[139.6804,35.4154],[139.6795,35.4107],[139.6697,35.4027],[139.667,35.4043],[139.6689,35.4064],[139.6659,35.4085],[139.6632,35.4064],[139.6526,35.4128],[139.6335,35.4083],[139.6318,35.4105],[139.6278,35.409],[139.6308,35.4049],[139.6418,35.4069],[139.6449,35.4054],[139.6455,35.4029],[139.6321,35.4003],[139.6261,35.4015],[139.6221,35.396],[139.6245,35.3917],[139.6299,35.394],[139.6355,35.3922],[139.6366,35.3902],[139.6275,35.3861],[139.632,35.3823],[139.6399,35.3854],[139.6457,35.3904],[139.6534,35.3873],[139.6493,35.3837],[139.6512,35.3827],[139.6455,35.3778],[139.6505,35.3729],[139.6535,35.3745],[139.6565,35.3727],[139.6566,35.3663],[139.6509,35.3663],[139.651,35.3597],[139.6548,35.3535],[139.6567,35.3536],[139.657,35.3416],[139.6438,35.3395],[139.6394,35.3405],[139.6343,35.3365],[139.6351,35.3327],[139.6295,35.3296],[139.6225,35.332],[139.634,35.3219],[139.6383,35.3266],[139.6337,35.323],[139.6302,35.3283],[139.6339,35.331],[139.6383,35.3267],[139.6409,35.3304],[139.6492,35.3275],[139.6608,35.3281],[139.6613,35.3222],[139.6519,35.3216],[139.649,35.3183],[139.6513,35.3156],[139.6483,35.3127],[139.6469,35.3134],[139.6436,35.3077],[139.6371,35.3117],[139.6413,35.306],[139.6409,35.3031],[139.6374,35.3004],[139.6334,35.3019],[139.6313,35.3001],[139.6348,35.2983],[139.634,35.2951],[139.6395,35.295],[139.6425,35.2991],[139.6486,35.2931],[139.6472,35.2924],[139.6497,35.288],[139.6606,35.2831],[139.6623,35.2841],[139.6576,35.2901],[139.6596,35.2927],[139.664,35.2899],[139.6648,35.293],[139.6614,35.2998],[139.6718,35.3009],[139.6802,35.2947],[139.6773,35.2938],[139.6805,35.2902],[139.6723,35.2883],[139.6721,35.2866],[139.6742,35.2869],[139.6743,35.2843],[139.6781,35.2853],[139.6773,35.28],[139.6858,35.2753],[139.6869,35.2705],[139.6891,35.2709],[139.691,35.2673],[139.6968,35.2647],[139.7216,35.2632],[139.7325,35.2656],[139.7312,35.2641],[139.7325,35.262],[139.7382,35.2618],[139.7407,35.2588],[139.7437,35.2591],[139.7466,35.2532],[139.7352,35.2485],[139.7332,35.2409],[139.7272,35.2395],[139.7271,35.2419],[139.7237,35.24],[139.7176,35.2471],[139.7236,35.2348],[139.7294,35.2325],[139.7295,35.2292],[139.7286,35.2237],[139.7226,35.2241],[139.7191,35.2277],[139.7153,35.2266],[139.7138,35.2215],[139.7147,35.2198],[139.7175,35.2209],[139.7154,35.2176],[139.7228,35.2181],[139.725,35.2119],[139.6992,35.2099],[139.6852,35.2065],[139.6565,35.185],[139.6551,35.1747],[139.6597,35.1699],[139.6643,35.1584],[139.6669,35.1604],[139.6683,35.1575],[139.6778,35.1575],[139.681,35.1515],[139.6799,35.1492],[139.6814,35.1462],[139.6772,35.1455],[139.678,35.1393],[139.672,35.1413],[139.6715,35.1387],[139.6671,35.1464],[139.6619,35.1449],[139.6645,35.1431],[139.6633,35.1397],[139.6576,35.1379],[139.6496,35.1419],[139.6503,35.1397],[139.644,35.1382],[139.6406,35.1384],[139.6375,35.1415],[139.6297,35.1389],[139.6308,35.1365],[139.6218,35.139],[139.6231,35.1421],[139.6178,35.1389],[139.6179,35.1407],[139.6151,35.1389],[139.6153,35.141],[139.6109,35.141],[139.6158,35.1475],[139.6145,35.1484],[139.6155,35.1503],[139.607,35.1543],[139.6092,35.1559],[139.6097,35.1545],[139.6196,35.1553],[139.6155,35.1569],[139.6182,35.1584],[139.6155,35.1599],[139.6122,35.1579],[139.6107,35.1629],[139.6268,35.1628],[139.6182,35.1659],[139.6166,35.1699],[139.62,35.1748],[139.6141,35.1833],[139.6195,35.1833],[139.6169,35.1855],[139.6159,35.1899],[139.6089,35.1911],[139.6094,35.1938],[139.5998,35.1948],[139.6007,35.1973],[139.6056,35.1994],[139.6045,35.2031],[139.6115,35.2079],[139.6091,35.2103],[139.623,35.2075],[139.6275,35.2155],[139.6237,35.2169],[139.6216,35.221],[139.605,35.2229],[139.6001,35.238],[139.5923,35.2463],[139.5811,35.2532],[139.5764,35.2532],[139.5797,35.2554],[139.5759,35.2604],[139.5757,35.2643],[139.5676,35.2669],[139.5705,35.2691],[139.5688,35.2721],[139.5707,35.2735],[139.5676,35.2847],[139.57,35.2848],[139.5735,35.289],[139.5693,35.2937],[139.5588,35.2917],[139.5569,35.296],[139.5521,35.2945],[139.5523,35.3016],[139.5449,35.3081],[139.5355,35.3088],[139.5323,35.3045],[139.5253,35.3017],[139.4925,35.3058],[139.4886,35.3079],[139.4818,35.3028],[139.4855,35.2984],[139.4777,35.2975],[139.4742,35.2989],[139.4813,35.3049],[139.4765,35.3115],[139.4673,35.3152],[139.438,35.3189],[139.3301,35.3121],[139.3194,35.3088],[139.3184,35.3052],[139.3142,35.3058],[139.2693,35.2973],[139.2468,35.2915],[139.2108,35.2781],[139.1499,35.2391],[139.1477,35.2407],[139.1435,35.2327],[139.1429,35.2101],[139.1378,35.1926],[139.1401,35.1899],[139.137,35.1849],[139.1373,35.1788],[139.1452,35.1687],[139.1402,35.1623],[139.1431,35.1601],[139.1451,35.1534],[139.1419,35.1527],[139.1496,35.147],[139.1562,35.1473],[139.161,35.141],[139.1514,35.1405],[139.1494,35.1432],[139.1326,35.1503],[139.1218,35.1499],[139.1115,35.1413],[139.1024,35.1407],[139.086,35.1409],[139.0768,35.1445],[139.0672,35.1445],[139.0437,35.1499],[139.0287,35.1506],[139.0306,35.1578],[139.0273,35.1597],[139.0286,35.1699],[139.0261,35.1755],[139.0215,35.1817],[139.0118,35.1822],[138.9876,35.2012],[138.9872,35.2131],[138.982,35.2195],[138.983,35.2235],[138.9782,35.2347],[138.976,35.2356],[138.978,35.24],[138.9747,35.2532],[138.9752,35.2617],[138.9931,35.2849],[138.9968,35.288],[139.0048,35.2897],[139.0101,35.3113],[139.0187,35.3298],[139.0118,35.3373],[139.0086,35.3498],[139.0132,35.3584],[139.0085,35.3595],[139.0057,35.3743],[138.9994,35.3818],[139.0017,35.3988],[138.9954,35.4031],[138.9853,35.4017],[138.9826,35.4035],[138.9697,35.4049],[138.9669,35.4019],[138.946,35.3997],[138.9162,35.4005],[138.9174,35.41],[138.9243,35.4143],[138.9268,35.4199],[138.9294,35.4209],[138.9305,35.4255],[138.9272,35.4303],[138.928,35.4368],[138.9372,35.4489],[138.9543,35.4599],[138.9735,35.4667],[138.9787,35.4639],[138.9906,35.4741],[139.007,35.4746],[139.0136,35.4793],[139.0266,35.4808],[139.0295,35.487],[139.0365,35.4908],[139.0419,35.4973],[139.0461,35.5097],[139.0597,35.5075],[139.068,35.5105],[139.0852,35.5121],[139.0909,35.5189],[139.1027,35.526],[139.1069,35.5325],[139.1088,35.5323],[139.113,35.5374],[139.1119,35.5498],[139.1291,35.5637],[139.1278,35.5804],[139.1216,35.5865],[139.1239,35.5915],[139.1282,35.5936],[139.1331,35.6068],[139.1279,35.6125],[139.1343,35.6163],[139.1239,35.6239],[139.1243,35.6324],[139.1271,35.6398],[139.1178,35.6531],[139.1196,35.6585],[139.1287,35.6673],[139.131,35.6718]]],[[[139.7456,35.4849],[139.7405,35.4882],[139.7363,35.4944],[139.7599,35.5049],[139.7691,35.5061],[139.7785,35.5044],[139.7763,35.5032],[139.7787,35.4993],[139.7622,35.492],[139.759,35.4952],[139.7572,35.4945],[139.7585,35.4905],[139.7456,35.4849]]],[[[139.7146,35.4859],[139.7345,35.4947],[139.7391,35.489],[139.7352,35.4873],[139.7419,35.477],[139.7127,35.4641],[139.706,35.4744],[139.7002,35.4786],[139.7146,35.4859]]],[[[139.653,35.4635],[139.6452,35.4693],[139.6422,35.4683],[139.6418,35.4719],[139.6457,35.4746],[139.6504,35.4744],[139.6547,35.4691],[139.6523,35.4669],[139.6541,35.4646],[139.653,35.4635]]],[[[139.6956,35.4496],[139.6731,35.4605],[139.6727,35.4652],[139.6925,35.472],[139.6949,35.4637],[139.6848,35.4589],[139.6876,35.4573],[139.6978,35.4619],[139.7027,35.4551],[139.6956,35.4496]]],[[[139.6449,35.451],[139.6351,35.4546],[139.6425,35.4578],[139.642,35.4551],[139.6445,35.4561],[139.6449,35.451]]],[[[139.6747,35.3997],[139.6712,35.4029],[139.6801,35.41],[139.6842,35.4089],[139.689,35.4127],[139.6922,35.41],[139.6839,35.4033],[139.6823,35.4045],[139.6747,35.3997]]],[[[139.6435,35.3343],[139.643,35.3384],[139.6475,35.3385],[139.6461,35.3348],[139.6489,35.3347],[139.6435,35.3343]]],[[[139.6501,35.2942],[139.6439,35.3001],[139.652,35.3074],[139.6567,35.3025],[139.6501,35.2942]]],[[[139.6295,35.1287],[139.6218,35.1322],[139.6186,35.1308],[139.6105,35.1326],[139.6101,35.137],[139.6218,35.1366],[139.6295,35.1287]]]]}}]}